train_condition,test_condition,video,frames,accuracy,precision_macro,recall_macro,f1_macro,jaccard_macro,prec_Preparation,rec_Preparation,f1_Preparation,jac_Preparation,prec_CalotTriangleDissection,rec_CalotTriangleDissection,f1_CalotTriangleDissection,jac_CalotTriangleDissection,prec_ClippingCutting,rec_ClippingCutting,f1_ClippingCutting,jac_ClippingCutting,prec_GallbladderDissection,rec_GallbladderDissection,f1_GallbladderDissection,jac_GallbladderDissection,prec_GallbladderPackaging,rec_GallbladderPackaging,f1_GallbladderPackaging,jac_GallbladderPackaging,prec_CleaningCoagulation,rec_CleaningCoagulation,f1_CleaningCoagulation,jac_CleaningCoagulation,prec_GallbladderRetraction,rec_GallbladderRetraction,f1_GallbladderRetraction,jac_GallbladderRetraction
Original,Original,video49,1671,0.9204069419509275,0.8894692917391708,0.901681217939754,0.8851821908812417,0.8004979311829109,1.0,0.6333333333333333,0.7755102040816326,0.6333333333333333,0.9071618037135278,0.9023746701846965,0.9047619047619048,0.8260869565217391,0.6703296703296703,0.9682539682539683,0.7922077922077921,0.6559139784946236,0.9675090252707581,0.92573402417962,0.9461606354810239,0.897822445561139,0.851063829787234,0.9195402298850575,0.8839779005524862,0.7920792079207921,0.9354838709677419,0.9741602067183462,0.9544303797468354,0.9128329297820823,0.8947368421052632,0.9883720930232558,0.9392265193370165,0.8854166666666666
Original,Original,video50,1094,0.9040219378427788,0.7794354838709677,0.622718724570183,0.641840267344336,0.5574623681275562,1.0,0.13432835820895522,0.2368421052631579,0.13432835820895522,0.8935483870967742,0.9702276707530648,0.9303106633081445,0.869701726844584,0.8125,0.7428571428571429,0.7761194029850748,0.6341463414634146,0.9473684210526315,0.9759036144578314,0.9614243323442137,0.9257142857142857,0.8026315789473685,1.0,0.8905109489051095,0.8026315789473685,0.0,0.0,0.0,0.0,1.0,0.5357142857142857,0.6976744186046512,0.5357142857142857
Original,Original,video51,2944,0.7296195652173914,0.8594024972417292,0.8169073853461651,0.8122056970053012,0.7046598802141167,1.0,0.9327731092436975,0.9652173913043478,0.9327731092436975,0.9676113360323887,0.6350752878653676,0.7668449197860963,0.6218560277536861,0.8214285714285714,0.47310126582278483,0.6004016064257027,0.42898134863701576,0.46985121378230227,0.9966777408637874,0.6386375731772219,0.4691164972634871,0.9072164948453608,0.946236559139785,0.9263157894736843,0.8627450980392157,0.9042553191489362,0.9090909090909091,0.9066666666666666,0.8292682926829268,0.9454545454545454,0.8253968253968254,0.8813559322033897,0.7878787878787878
Original,Original,video52,1966,0.9404883011190234,0.9499465995030102,0.9373093344720662,0.938128265266024,0.8882411403074907,0.9734513274336283,1.0,0.9865470852017937,0.9734513274336283,0.8365896980461812,0.9936708860759493,0.9083895853423336,0.8321554770318021,0.9914163090128756,0.7064220183486238,0.8250000000000001,0.7021276595744681,0.9871134020618557,0.9770408163265306,0.9820512820512821,0.964735516372796,0.8701298701298701,1.0,0.9305555555555556,0.8701298701298701,0.9909255898366606,0.9927272727272727,0.9918256130790191,0.9837837837837838,1.0,0.8913043478260869,0.9425287356321839,0.8913043478260869
Original,Original,video53,3283,0.8681084374048127,0.7585746068110069,0.8654348675159754,0.7596203745203879,0.6449061847782465,1.0,0.7910447761194029,0.8833333333333333,0.7910447761194029,0.9811320754716981,0.8065693430656934,0.885327991987982,0.7942497753818508,0.4473684210526316,1.0,0.6181818181818182,0.4473684210526316,0.9976095617529881,0.9392348087021756,0.9675425038639877,0.937125748502994,0.2366412213740458,1.0,0.38271604938271603,0.2366412213740458,0.8267581475128645,0.8100840336134454,0.8183361629881154,0.6925287356321839,0.8205128205128205,0.7111111111111111,0.7619047619047619,0.6153846153846154
Original,Original,video54,3100,0.9212903225806451,0.9309108975675736,0.8739781698558763,0.8846420671422617,0.8059876020493489,1.0,0.496,0.6631016042780749,0.496,0.8551873198847262,1.0,0.9219417475728156,0.8551873198847262,0.9826589595375722,0.8717948717948718,0.9239130434782608,0.8585858585858586,1.0,0.8485181119648738,0.9180522565320666,0.8485181119648738,0.7156862745098039,1.0,0.8342857142857142,0.7156862745098039,0.9818913480885312,0.9818913480885312,0.9818913480885312,0.9644268774703557,0.9809523809523809,0.9196428571428571,0.9493087557603686,0.9035087719298246
Original,Original,video55,1037,0.9247830279652844,0.8877056681702429,0.8730085956051136,0.8641239460204057,0.7777552925741117,1.0,1.0,1.0,1.0,0.9544513457556936,1.0,0.9766949152542372,0.9544513457556936,0.8636363636363636,0.7215189873417721,0.786206896551724,0.6477272727272727,1.0,0.908256880733945,0.9519230769230769,0.908256880733945,0.9038461538461539,0.8703703703703703,0.8867924528301887,0.7966101694915254,0.5232558139534884,0.9782608695652174,0.6818181818181819,0.5172413793103449,0.96875,0.6326530612244898,0.7654320987654322,0.62
Original,Original,video56,1834,0.8047982551799345,0.8250476860227799,0.8151179572952776,0.78382803118403,0.6564736865131755,1.0,0.38095238095238093,0.5517241379310345,0.38095238095238093,0.9143610013175231,0.7797752808988764,0.8417222559126744,0.7267015706806282,0.6666666666666666,1.0,0.8,0.6666666666666666,0.7124394184168013,0.8480769230769231,0.7743634767339772,0.6318051575931232,0.5979381443298969,1.0,0.7483870967741935,0.5979381443298969,0.8839285714285714,0.9519230769230769,0.9166666666666665,0.8461538461538461,1.0,0.7450980392156863,0.8539325842696629,0.7450980392156863
Original,Original,video57,2632,0.8514437689969605,0.8570074921185281,0.8863166015911517,0.8527277907708143,0.7630743114913858,0.993006993006993,0.9793103448275862,0.986111111111111,0.9726027397260274,0.9940915805022157,0.686734693877551,0.8123114061557031,0.6839430894308943,0.4206896551724138,0.9289340101522843,0.579113924050633,0.40757238307349664,0.8999008919722498,0.9816216216216216,0.9389865563598759,0.884990253411306,0.8241758241758241,0.9259259259259259,0.872093023255814,0.7731958762886598,0.8671875,0.7762237762237763,0.8191881918819188,0.69375,1.0,0.9254658385093167,0.9612903225806452,0.9254658385093167
Original,Original,video58,5993,0.6671116302352745,0.72775171519369,0.7485756565119502,0.7012998047012597,0.5556331597971028,0.8837209302325582,0.475,0.6178861788617886,0.4470588235294118,0.9553903345724907,0.5311485090050192,0.6827324478178367,0.5182944396427542,0.3111760409057706,0.6320474777448071,0.41703377386196766,0.2634508348794063,0.6015843429636533,0.973604826546003,0.743663594470046,0.5919303071985328,0.6704545454545454,1.0,0.8027210884353742,0.6704545454545454,0.8122866894197952,0.8782287822878229,0.8439716312056738,0.7300613496932515,0.8596491228070176,0.75,0.8010899182561307,0.6681818181818182
Original,Original,video59,1046,0.9550669216061185,0.9511916785591394,0.9030766852195423,0.9206562541711626,0.8583651561605578,1.0,1.0,1.0,1.0,0.980561555075594,1.0,0.990185387131952,0.980561555075594,1.0,0.775,0.8732394366197184,0.775,0.9329073482428115,1.0,0.965289256198347,0.9329073482428115,0.9622641509433962,0.7727272727272727,0.8571428571428572,0.75,0.782608695652174,0.9642857142857143,0.864,0.7605633802816901,1.0,0.8095238095238095,0.8947368421052632,0.8095238095238095
Original,Original,video60,2532,0.6054502369668247,0.7219860293609273,0.7232407648175504,0.6451682589144111,0.547537960193428,0.9472140762463344,1.0,0.9728915662650602,0.9472140762463344,0.9857456140350878,0.5056242969628797,0.6684014869888477,0.5019542155220548,0.8068181818181818,0.8452380952380952,0.8255813953488372,0.7029702970297029,0.0962671905697446,0.9245283018867925,0.17437722419928828,0.09551656920077972,0.8666666666666667,0.9629629629629629,0.912280701754386,0.8387096774193549,0.47619047619047616,0.10638297872340426,0.17391304347826086,0.09523809523809523,0.875,0.717948717948718,0.7887323943661971,0.6511627906976745
Original,Original,video61,4409,0.8963483783170787,0.809766171343988,0.8199798906332577,0.7856486052131851,0.6618498994418088,1.0,0.7410714285714286,0.8512820512820513,0.7410714285714286,0.8058823529411765,0.9937823834196892,0.8900232018561485,0.8018394648829431,0.9338842975206612,0.5916230366492147,0.7243589743589742,0.5678391959798995,0.9762301918265222,0.915168100078186,0.9447134786117838,0.8952198852772466,0.3932038834951456,1.0,0.5644599303135888,0.3932038834951456,0.7868852459016393,0.6857142857142857,0.732824427480916,0.5783132530120482,0.7722772277227723,0.8125,0.7918781725888325,0.6554621848739496
Original,Original,video62,2032,0.890255905511811,0.9234664198679008,0.8905738868756224,0.9011613055355359,0.8229232726603523,1.0,0.95,0.9743589743589743,0.95,0.9977324263038548,0.822429906542056,0.9016393442622951,0.8208955223880597,0.9538461538461539,0.8857142857142857,0.9185185185185185,0.8493150684931506,0.7792792792792793,0.9885714285714285,0.871536523929471,0.7723214285714286,0.875,0.7777777777777778,0.823529411764706,0.7,0.8584070796460177,1.0,0.9238095238095239,0.8584070796460177,1.0,0.8095238095238095,0.8947368421052632,0.8095238095238095
Original,Original,video63,3433,0.8138654238275561,0.6932028040664511,0.7975718351076392,0.6777548300924661,0.5449299979750848,1.0,0.5,0.6666666666666666,0.5,0.991130820399113,0.7589134125636672,0.8596153846153846,0.7537942664418212,0.625,1.0,0.7692307692307693,0.625,0.9343459088682019,0.8345733041575493,0.8816458622283866,0.7883422902025631,0.8047808764940239,0.8145161290322581,0.8096192384769538,0.6801346801346801,0.2324561403508772,1.0,0.37722419928825623,0.2324561403508772,0.2647058823529412,0.675,0.38028169014084506,0.23478260869565218
Original,Original,video64,2398,0.871976647206005,0.8806467922302075,0.8807543399356763,0.8735172889477105,0.7762790871435142,0.8026315789473685,1.0,0.8905109489051095,0.8026315789473685,1.0,0.8049242424242424,0.8919202518363064,0.8049242424242424,0.8969072164948454,0.8446601941747572,0.87,0.7699115044247787,0.7550403225806451,0.9803664921465969,0.8530751708428247,0.7437934458788481,0.8495575221238938,0.9411764705882353,0.8930232558139535,0.8067226890756303,0.8695652173913043,0.7821229050279329,0.8235294117647058,0.7,0.9908256880733946,0.8120300751879699,0.8925619834710744,0.8059701492537313
Original,Original,video65,1873,0.9337960491190603,0.7053194831651668,0.7427915630699562,0.7113940778860662,0.6379391132776329,1.0,0.751004016064257,0.8577981651376146,0.751004016064257,0.9714285714285714,0.9877094972067039,0.9795013850415513,0.9598262757871878,0.8677685950413223,0.9722222222222222,0.9170305676855894,0.8467741935483871,1.0,0.9525691699604744,0.9757085020242915,0.9525691699604744,0.7647058823529411,0.8333333333333334,0.7975460122699386,0.6632653061224489,0.0,0.0,0.0,0.0,0.3333333333333333,0.7027027027027027,0.4521739130434782,0.29213483146067415
Original,Original,video66,1824,0.9528508771929824,0.909626471385297,0.8794990478936794,0.8928802000379102,0.8278053737951344,0.9615384615384616,1.0,0.9803921568627451,0.9615384615384616,0.9908536585365854,0.9984639016897081,0.9946442234123948,0.989345509893455,0.9329268292682927,0.95625,0.9444444444444445,0.8947368421052632,0.9559412550066756,0.984869325997249,0.970189701897019,0.9421052631578948,0.855072463768116,0.7108433734939759,0.7763157894736842,0.6344086021505376,0.6710526315789473,0.5930232558139535,0.6296296296296297,0.4594594594594595,1.0,0.9130434782608695,0.9545454545454545,0.9130434782608695
Original,Original,video67,2353,0.9001274968125796,0.7978611426420869,0.9164017742862988,0.8268667685382564,0.7322190693393745,1.0,0.8134715025906736,0.8971428571428571,0.8134715025906736,0.9563106796116505,0.9259694477085781,0.9408955223880597,0.8883878241262683,0.7552447552447552,0.9908256880733946,0.8571428571428571,0.75,0.9666295884315906,0.8777777777777778,0.9200635256749603,0.8519607843137255,0.568,0.8987341772151899,0.6960784313725489,0.5338345864661654,0.33884297520661155,0.9534883720930233,0.5,0.3333333333333333,1.0,0.9545454545454546,0.9767441860465117,0.9545454545454546
Original,Original,video68,1972,0.8772819472616633,0.8392477606226798,0.8545223501824818,0.8199541369473369,0.7023866556030446,1.0,0.5392156862745098,0.7006369426751593,0.5392156862745098,0.9395886889460154,0.8839177750906893,0.9109034267912772,0.8363844393592678,0.7941176470588235,1.0,0.8852459016393442,0.7941176470588235,0.8904593639575972,0.9455909943714822,0.9171974522292994,0.8470588235294118,0.673469387755102,0.9565217391304348,0.7904191616766467,0.6534653465346535,0.9770992366412213,0.6564102564102564,0.7852760736196318,0.6464646464646465,0.6,1.0,0.7499999999999999,0.6
Original,Original,video69,4575,0.9709289617486339,0.8234105775571293,0.7976801884191865,0.8097689190467154,0.7736128638623152,0.9583333333333334,1.0,0.9787234042553191,0.9583333333333334,0.9994079336885732,0.9982259018332348,0.9988165680473373,0.9976359338061466,0.9957537154989384,0.916015625,0.9542217700915564,0.9124513618677043,0.978978978978979,0.985390428211587,0.9821742405222195,0.9649728663048841,0.8406593406593407,0.7536945812807881,0.7948051948051948,0.6594827586206896,0.0,0.0,0.0,0.0,0.9907407407407407,0.9304347826086956,0.9596412556053812,0.9224137931034483
Original,Original,video70,1194,0.8969849246231156,0.7649223118413919,0.783731066149595,0.7655838738616999,0.6965258346330325,0.7954545454545454,1.0,0.8860759493670886,0.7954545454545454,0.9919354838709677,0.9820359281437125,0.9869608826479438,0.9742574257425742,0.8878504672897196,0.95,0.9178743961352657,0.8482142857142857,0.8164705882352942,0.9506849315068493,0.878481012658228,0.7832957110609481,0.8627450980392157,0.967032967032967,0.9119170984455958,0.8380952380952381,0.0,0.0,0.0,0.0,1.0,0.6363636363636364,0.7777777777777778,0.6363636363636364
Original,Original,video71,2515,0.8874751491053678,0.7551880394354827,0.7365008037277725,0.7417435820365706,0.6614039606140842,1.0,0.8611111111111112,0.9253731343283582,0.8611111111111112,0.9655831739961759,0.8381742738589212,0.8973789426921368,0.8138597904915391,0.8382352941176471,0.9344262295081968,0.8837209302325582,0.7916666666666666,0.8133462282398453,0.9272326350606395,0.8665636269963937,0.7645454545454545,0.8913738019169329,0.9858657243816255,0.9362416107382551,0.8801261829652997,0.0,0.0,0.0,0.0,0.7777777777777778,0.6086956521739131,0.6829268292682927,0.5185185185185185
Original,Original,video72,3106,0.8686413393432066,0.8545605286551309,0.8580260949013303,0.8298878988776088,0.7244558489144513,1.0,0.4744525547445255,0.6435643564356436,0.4744525547445255,0.9311449159327462,0.9847586790855207,0.9572016460905349,0.9179163378058406,0.8538461538461538,0.9823008849557522,0.9135802469135802,0.8409090909090909,0.9817204301075269,0.7621035058430717,0.8580827067669172,0.751440329218107,0.8020833333333334,0.9871794871794872,0.8850574712643677,0.7938144329896907,0.5178907721280602,0.9450171821305842,0.6690997566909974,0.5027422303473492,0.8952380952380953,0.8703703703703703,0.8826291079812207,0.7899159663865546
Original,Original,video73,1356,0.9749262536873157,0.9556817046260642,0.9589536697963197,0.9552905393346659,0.9161704062675631,1.0,0.9484536082474226,0.9735449735449735,0.9484536082474226,0.9874015748031496,0.9952380952380953,0.9913043478260869,0.9827586206896551,0.9696969696969697,0.9230769230769231,0.9458128078817735,0.897196261682243,0.9791666666666666,0.9825783972125436,0.9808695652173912,0.962457337883959,0.7966101694915254,1.0,0.8867924528301886,0.7966101694915254,0.9568965517241379,0.9327731092436975,0.9446808510638298,0.8951612903225806,1.0,0.9305555555555556,0.9640287769784173,0.9305555555555556
Original,Original,video74,1634,0.7246022031823746,0.7919116523971048,0.6409884622227574,0.6764416052355863,0.5631659880762201,1.0,0.4942528735632184,0.6615384615384615,0.4942528735632184,0.9214285714285714,0.6231884057971014,0.7435158501440922,0.591743119266055,0.9084507042253521,1.0,0.952029520295203,0.9084507042253521,0.7299270072992701,0.8486562942008486,0.7848266841072596,0.6458557588805167,0.8981481481481481,0.9509803921568627,0.9238095238095237,0.8584070796460177,0.08542713567839195,0.18888888888888888,0.11764705882352942,0.0625,1.0,0.38095238095238093,0.5517241379310345,0.38095238095238093
Original,Original,video75,1923,0.9214768590743629,0.7059479803186897,0.6717400150482356,0.6635448732696022,0.5672619335672803,1.0,0.4344262295081967,0.6057142857142858,0.4344262295081967,0.8304347826086956,1.0,0.9073634204275535,0.8304347826086956,0.7076923076923077,0.8214285714285714,0.7603305785123968,0.6133333333333333,1.0,0.9739932885906041,0.9868253293667659,0.9739932885906041,1.0,0.7753623188405797,0.8734693877551021,0.7753623188405797,0.0,0.0,0.0,0.0,0.40350877192982454,0.696969696969697,0.5111111111111111,0.34328358208955223
Original,Original,video76,2649,0.7617969044922612,0.8774951485074878,0.7016179168217357,0.7093978495310539,0.5879293649366023,1.0,0.13333333333333333,0.23529411764705882,0.13333333333333333,0.9580745341614907,0.6677489177489178,0.7869897959183674,0.6487907465825447,0.9862385321100917,0.4684095860566449,0.6351550960118169,0.4653679653679654,0.6423927178153446,0.9772502472799208,0.7752059631227932,0.6329276105060858,0.5847457627118644,1.0,0.7379679144385026,0.5847457627118644,0.9710144927536232,0.6979166666666666,0.812121212121212,0.6836734693877551,1.0,0.9666666666666667,0.983050847457627,0.9666666666666667
Original,Original,video77,2502,0.9172661870503597,0.8780140536453208,0.8849924071497703,0.8506493079217012,0.7632603303718977,1.0,0.4375,0.6086956521739131,0.4375,0.8480392156862745,0.9985569985569985,0.9171636845593107,0.847001223990208,0.9851851851851852,0.9568345323741008,0.9708029197080292,0.9432624113475178,0.9977628635346756,0.970620239390642,0.9840044125758411,0.9685124864277959,0.8111111111111111,1.0,0.8957055214723927,0.8111111111111111,1.0,0.8314350797266514,0.907960199004975,0.8314350797266514,0.504,1.0,0.6702127659574468,0.504
Original,Original,video78,739,0.8728010825439784,0.8735786828318025,0.7737321005381997,0.7982927952690174,0.6800065758787345,1.0,0.4318181818181818,0.6031746031746031,0.4318181818181818,0.9142857142857143,1.0,0.955223880597015,0.9142857142857143,0.8266666666666667,0.96875,0.8920863309352518,0.8051948051948052,0.8816568047337278,0.9197530864197531,0.9003021148036253,0.8186813186813187,0.7297297297297297,0.8571428571428571,0.7883211678832117,0.6506024096385542,0.7627118644067796,0.6164383561643836,0.6818181818181819,0.5172413793103449,1.0,0.6222222222222222,0.7671232876712328,0.6222222222222222
Original,Original,video79,3414,0.8632103104862332,0.8269693089842077,0.7480849429108906,0.7314115211395621,0.600448964099276,1.0,0.4074074074074074,0.5789473684210525,0.4074074074074074,0.9770937723693629,0.8727621483375959,0.9219858156028368,0.8552631578947368,0.6073059360730594,0.9925373134328358,0.7535410764872522,0.6045454545454545,0.8689655172413793,0.9290322580645162,0.8979955456570156,0.814874696847211,0.7410714285714286,0.8137254901960784,0.7757009345794393,0.6335877862595419,0.6351648351648351,0.9413680781758957,0.7585301837270341,0.6109936575052854,0.9591836734693877,0.27976190476190477,0.4331797235023042,0.27647058823529413
Original,Original,video80,1724,0.8735498839907193,0.8286681456944616,0.8222053237030895,0.7774504064631781,0.6645295755114567,1.0,0.543859649122807,0.7045454545454546,0.543859649122807,0.9717171717171718,0.891566265060241,0.9299178347027549,0.8690153568202349,0.927007299270073,0.9621212121212122,0.9442379182156133,0.8943661971830986,0.6737400530503979,0.9657794676806084,0.7937500000000001,0.6580310880829016,0.975609756097561,0.8695652173913043,0.9195402298850575,0.851063829787234,0.28,0.9545454545454546,0.43298969072164956,0.27631578947368424,0.9726027397260274,0.568,0.7171717171717171,0.5590551181102362
Original,CRF18,video49,1671,0.9102333931777379,0.8839031948839836,0.8449072680028157,0.8452643184336238,0.7478617744465909,1.0,0.4222222222222222,0.59375,0.4222222222222222,0.8239130434782609,1.0,0.9034564958283671,0.8239130434782609,0.8181818181818182,0.8571428571428571,0.8372093023255814,0.72,1.0,0.9119170984455959,0.9539295392953929,0.9119170984455959,0.7717391304347826,0.8160919540229885,0.7932960893854749,0.6574074074074074,0.9534883720930233,0.9534883720930233,0.9534883720930233,0.9111111111111111,0.82,0.9534883720930233,0.8817204301075269,0.7884615384615384
Original,CRF18,video50,1094,0.8793418647166362,0.7973065486834173,0.5192037109754889,0.549304313343509,0.4593674025160491,1.0,0.1044776119402985,0.18918918918918917,0.1044776119402985,0.8372434017595308,1.0,0.9114126097366321,0.8372434017595308,1.0,0.2571428571428571,0.40909090909090906,0.2571428571428571,1.0,0.9156626506024096,0.9559748427672956,0.9156626506024096,0.7439024390243902,1.0,0.8531468531468531,0.7439024390243902,0.0,0.0,0.0,0.0,1.0,0.35714285714285715,0.5263157894736842,0.35714285714285715
Original,CRF18,video51,2944,0.7432065217391305,0.8246207449593832,0.7227431929003988,0.7254100108115368,0.5913899311148264,1.0,0.3697478991596639,0.5398773006134969,0.3697478991596639,0.8442088091353996,0.91674047829938,0.8789808917197452,0.7840909090909091,0.7481203007518797,0.314873417721519,0.4432071269487751,0.28469241773962806,0.5671206225680934,0.96843853820598,0.7153374233128834,0.556829035339064,0.6946564885496184,0.978494623655914,0.8125000000000001,0.6842105263157895,0.9182389937106918,0.7807486631016043,0.8439306358381503,0.73,1.0,0.7301587301587301,0.8440366972477064,0.7301587301587301
Original,CRF18,video52,1966,0.9369277721261444,0.9389974996705232,0.9356280945985402,0.9304672483796284,0.8753161935107654,0.9734513274336283,1.0,0.9865470852017937,0.9734513274336283,0.8351063829787234,0.9936708860759493,0.907514450867052,0.8306878306878307,0.9956709956709957,0.7033639143730887,0.8243727598566308,0.7012195121951219,0.9897435897435898,0.9846938775510204,0.9872122762148339,0.9747474747474747,0.788235294117647,1.0,0.8815789473684211,0.788235294117647,0.9907749077490775,0.9763636363636363,0.9835164835164835,0.9675675675675676,1.0,0.8913043478260869,0.9425287356321839,0.8913043478260869
Original,CRF18,video53,3283,0.9134937557112397,0.8422365396667003,0.8359239995781397,0.792414792355032,0.6828810793919741,1.0,0.5522388059701493,0.7115384615384616,0.5522388059701493,0.9672131147540983,0.9151459854014599,0.9404594467885606,0.8876106194690265,0.7456140350877193,1.0,0.8542713567839196,0.7456140350877193,0.9967453213995118,0.918979744936234,0.9562841530054644,0.9162303664921466,0.32105263157894737,0.9838709677419355,0.4841269841269842,0.3193717277486911,0.8650306748466258,0.9478991596638655,0.9045709703287891,0.8257686676427526,1.0,0.5333333333333333,0.6956521739130436,0.5333333333333333
Original,CRF18,video54,3100,0.7903225806451613,0.8984882611829927,0.7545443070035676,0.7821492958936221,0.6543092206033126,1.0,0.488,0.6559139784946236,0.488,0.669109357384442,1.0,0.8017561634582911,0.669109357384442,1.0,0.5743589743589743,0.7296416938110749,0.5743589743589743,0.9977628635346756,0.48957189901207465,0.6568483063328423,0.48903508771929827,0.6886792452830188,1.0,0.8156424581005586,0.6886792452830188,0.945631067961165,0.9798792756539235,0.9624505928853755,0.9276190476190476,0.9882352941176471,0.75,0.8527918781725888,0.7433628318584071
Original,CRF18,video55,1037,0.9132111861137898,0.8946148818218657,0.8209671184070328,0.8322497690028753,0.741526351160416,1.0,0.8571428571428571,0.923076923076923,0.8571428571428571,0.8934108527131783,1.0,0.9437052200614126,0.8934108527131783,0.7941176470588235,0.34177215189873417,0.4778761061946903,0.313953488372093,1.0,0.9541284403669725,0.9765258215962441,0.9541284403669725,0.8983050847457628,0.9814814814814815,0.9380530973451328,0.8833333333333333,0.6764705882352942,1.0,0.8070175438596492,0.6764705882352942,1.0,0.6122448979591837,0.759493670886076,0.6122448979591837
Original,CRF18,video56,1834,0.8964013086150491,0.8899518146743384,0.8270722922733901,0.8168887869133732,0.7194869977799639,1.0,0.29523809523809524,0.45588235294117646,0.29523809523809524,0.922996878251821,0.996629213483146,0.9584008643976228,0.9201244813278008,0.8888888888888888,1.0,0.9411764705882353,0.8888888888888888,0.9953271028037384,0.8192307692307692,0.89873417721519,0.8160919540229885,0.5528846153846154,0.9913793103448276,0.7098765432098766,0.5502392344497608,0.8695652173913043,0.9615384615384616,0.91324200913242,0.8403361344537815,1.0,0.7254901960784313,0.8409090909090908,0.7254901960784313
Original,CRF18,video57,2632,0.8871580547112462,0.8547634682001602,0.8059103198425922,0.8005924969894596,0.6837826302054181,1.0,0.4482758620689655,0.6190476190476191,0.4482758620689655,0.898961284230406,0.9714285714285714,0.9337910740559099,0.8758049678012879,0.8691099476439791,0.8426395939086294,0.8556701030927836,0.7477477477477478,0.9400665926748057,0.9156756756756756,0.927710843373494,0.8651685393258427,0.4878048780487805,0.9876543209876543,0.6530612244897959,0.48484848484848486,0.7874015748031497,0.6993006993006993,0.7407407407407408,0.5882352941176471,1.0,0.7763975155279503,0.8741258741258742,0.7763975155279503
Original,CRF18,video58,5993,0.745035875187719,0.7662113376078367,0.707241387595343,0.6755150805438452,0.5355431635178659,1.0,0.175,0.2978723404255319,0.175,0.8879791589132862,0.7044582226158843,0.7856437273625289,0.6469631236442517,0.42216358839050133,0.712166172106825,0.530093870789619,0.3606311044327573,0.7155333749220212,0.8650075414781297,0.7832024581768522,0.643658810325477,0.5698924731182796,0.8983050847457628,0.6973684210526316,0.5353535353535354,0.7837837837837838,0.9630996309963099,0.8642384105960265,0.760932944606414,0.9841269841269841,0.6326530612244898,0.7701863354037266,0.6262626262626263
Original,CRF18,video59,1046,0.9168260038240917,0.9169660075420986,0.8095057720057719,0.8357606311376775,0.7329056986404757,1.0,0.8571428571428571,0.923076923076923,0.8571428571428571,0.9497907949790795,1.0,0.9742489270386265,0.9497907949790795,0.9622641509433962,0.6375,0.7669172932330827,0.6219512195121951,0.9240506329113924,1.0,0.9605263157894737,0.9240506329113924,0.9782608695652174,0.6818181818181818,0.8035714285714285,0.6716417910447762,0.6043956043956044,0.9821428571428571,0.7482993197278911,0.5978260869565217,1.0,0.5079365079365079,0.6736842105263158,0.5079365079365079
Original,CRF18,video60,2532,0.6145339652448657,0.7635888523065473,0.6885355801567176,0.6507119704243661,0.5409970571890715,1.0,0.7770897832817337,0.8745644599303135,0.7770897832817337,0.9240037071362373,0.5607424071991001,0.6979348967448372,0.5360215053763441,0.9078947368421053,0.8214285714285714,0.8625,0.7582417582417582,0.103125,0.9339622641509434,0.18574108818011256,0.10237849017580145,0.8928571428571429,0.9259259259259259,0.9090909090909091,0.8333333333333334,0.5172413793103449,0.1595744680851064,0.2439024390243902,0.1388888888888889,1.0,0.6410256410256411,0.7812500000000001,0.6410256410256411
Original,CRF18,video61,4409,0.7711499206169199,0.78216605397259,0.6698540915092954,0.6346526399547952,0.4947110818351689,1.0,0.49330357142857145,0.6606875934230195,0.49330357142857145,0.5646576945582212,1.0,0.7217651458489156,0.5646576945582212,0.9876543209876543,0.418848167539267,0.5882352941176471,0.4166666666666667,1.0,0.7670054730258014,0.868141592920354,0.7670054730258014,0.2403560830860534,1.0,0.3875598086124402,0.2403560830860534,0.6956521739130435,0.22857142857142856,0.3440860215053763,0.2077922077922078,0.9868421052631579,0.78125,0.8720930232558138,0.7731958762886598
Original,CRF18,video62,2032,0.9389763779527559,0.8969695923043781,0.867211873326693,0.8717196548781355,0.7798475460078451,1.0,0.75,0.8571428571428571,0.75,0.9553903345724907,0.9607476635514018,0.9580615097856477,0.9194991055456172,0.6213592233009708,0.9142857142857143,0.7398843930635837,0.5871559633027523,0.9788199697428139,0.9242857142857143,0.9507714915503307,0.9061624649859944,0.8723404255319149,0.7592592592592593,0.8118811881188118,0.6833333333333333,0.8508771929824561,1.0,0.919431279620853,0.8508771929824561,1.0,0.7619047619047619,0.8648648648648648,0.7619047619047619
Original,CRF18,video63,3433,0.8528983396446257,0.705458307843294,0.7296743261060818,0.6439491368973818,0.5326409576765555,1.0,0.49166666666666664,0.659217877094972,0.49166666666666664,0.9683860232945092,0.9881154499151104,0.9781512605042016,0.9572368421052632,0.7142857142857143,1.0,0.8333333333333333,0.7142857142857143,1.0,0.8989059080962801,0.9467619267112238,0.8989059080962801,0.75,0.2540322580645161,0.3795180722891567,0.2342007434944238,0.20866141732283464,1.0,0.34527687296416937,0.20866141732283464,0.296875,0.475,0.3653846153846154,0.2235294117647059
Original,CRF18,video64,2398,0.9157631359466222,0.8813400731899014,0.8888763258854696,0.8767527329469168,0.790223906197591,0.9104477611940298,1.0,0.953125,0.9104477611940298,1.0,0.9517045454545454,0.975254730713246,0.9517045454545454,0.8918918918918919,0.9611650485436893,0.9252336448598131,0.8608695652173913,0.8636911942098915,0.93717277486911,0.8989328311362209,0.8164196123147093,0.6712328767123288,0.9607843137254902,0.7903225806451611,0.6533333333333333,0.8321167883211679,0.6368715083798883,0.7215189873417721,0.5643564356435643,1.0,0.7744360902255639,0.8728813559322034,0.7744360902255639
Original,CRF18,video65,1873,0.9300587293112653,0.7227372489113224,0.767674416815943,0.7318480145852153,0.6561328403504743,1.0,0.8032128514056225,0.89086859688196,0.8032128514056225,0.961248654467169,0.9977653631284916,0.9791666666666666,0.9591836734693877,0.9807692307692307,0.9444444444444444,0.9622641509433962,0.9272727272727272,1.0,0.8715415019762845,0.9313621964097148,0.8715415019762845,0.5571428571428572,1.0,0.7155963302752294,0.5571428571428572,0.0,0.0,0.0,0.0,0.56,0.7567567567567568,0.6436781609195402,0.4745762711864407
Original,CRF18,video66,1824,0.9270833333333334,0.8952967407292647,0.7987780325810834,0.8386711129372296,0.7432101214034063,1.0,0.64,0.7804878048780487,0.64,0.9407514450867052,1.0,0.9694713328369322,0.9407514450867052,0.906832298136646,0.9125,0.9096573208722741,0.8342857142857143,0.9443690637720489,0.9573590096286108,0.9508196721311476,0.90625,0.8333333333333334,0.7228915662650602,0.7741935483870969,0.631578947368421,0.6417910447761194,0.5,0.5620915032679739,0.39090909090909093,1.0,0.8586956521739131,0.9239766081871346,0.8586956521739131
Original,CRF18,video67,2353,0.9086272843178921,0.8360928068027871,0.8825527045162522,0.8253392064086424,0.7282886248347301,1.0,0.616580310880829,0.7628205128205128,0.616580310880829,0.9072494669509595,1.0,0.9513694801565121,0.9072494669509595,0.9789473684210527,0.8532110091743119,0.911764705882353,0.8378378378378378,0.9966024915062288,0.8888888888888888,0.9396689802455953,0.8862034239677744,0.6173913043478261,0.8987341772151899,0.731958762886598,0.5772357723577236,0.3524590163934426,1.0,0.5212121212121212,0.3524590163934426,1.0,0.9204545454545454,0.9585798816568047,0.9204545454545454
Original,CRF18,video68,1972,0.9127789046653144,0.8681352950017213,0.8343659724720422,0.8270636035940038,0.7268261922233802,1.0,0.4019607843137255,0.5734265734265734,0.4019607843137255,0.930045871559633,0.9806529625151149,0.9546792230723955,0.9132882882882883,0.9467455621301775,0.9876543209876543,0.9667673716012084,0.935672514619883,0.9690522243713733,0.9399624765478424,0.9542857142857143,0.912568306010929,0.6111111111111112,0.9565217391304348,0.7457627118644068,0.5945945945945946,0.8813559322033898,0.8,0.8387096774193548,0.7222222222222222,0.7386363636363636,0.7738095238095238,0.7558139534883721,0.6074766355140186
Original,CRF18,video69,4575,0.945136612021858,0.7960283059171062,0.6880614245135599,0.7252827741281292,0.6464587327719367,1.0,0.4492753623188406,0.62,0.4492753623188406,0.9746397694524496,1.0,0.9871570344424986,0.9746397694524496,0.9673659673659674,0.810546875,0.8820403825717321,0.7889733840304183,0.9556431739773288,0.9768261964735516,0.9661185849526658,0.9344578313253012,0.7149532710280374,0.7536945812807881,0.7338129496402878,0.5795454545454546,0.0,0.0,0.0,0.0,0.9595959595959596,0.8260869565217391,0.8878504672897197,0.7983193277310925
Original,CRF18,video70,1194,0.8768844221105527,0.7830335705200797,0.7056127238710409,0.7110900747088442,0.6402572137402369,1.0,1.0,1.0,1.0,0.9671814671814671,1.0,0.9833169774288518,0.9671814671814671,0.9634146341463414,0.79,0.8681318681318682,0.7669902912621359,0.7962529274004684,0.9315068493150684,0.8585858585858586,0.7522123893805309,0.7543859649122807,0.945054945054945,0.8390243902439025,0.7226890756302521,0.0,0.0,0.0,0.0,1.0,0.2727272727272727,0.42857142857142855,0.2727272727272727
Original,CRF18,video71,2515,0.858051689860835,0.7510626539724622,0.5594574364262274,0.6081285624632782,0.49556884175327454,1.0,0.3611111111111111,0.5306122448979591,0.3611111111111111,0.8637450199203187,0.8995850622406639,0.88130081300813,0.7877906976744186,0.6818181818181818,0.4918032786885246,0.5714285714285714,0.4,0.859465737514518,0.8158765159867696,0.83710407239819,0.7198443579766537,0.8524096385542169,1.0,0.9203252032520326,0.8524096385542169,0.0,0.0,0.0,0.0,1.0,0.34782608695652173,0.5161290322580645,0.34782608695652173
Original,CRF18,video72,3106,0.8155183515775918,0.8076359907421002,0.8344131700633239,0.7754303241767379,0.6479425778949126,1.0,0.4306569343065693,0.6020408163265306,0.4306569343065693,0.8264520643806857,1.0,0.9049808429118773,0.8264520643806857,0.47391304347826085,0.9646017699115044,0.6355685131195336,0.4658119658119658,1.0,0.6043405676126878,0.753381893860562,0.6043405676126878,0.7307692307692307,0.9743589743589743,0.8351648351648352,0.7169811320754716,0.6223175965665236,0.9965635738831615,0.7661822985468957,0.6209850107066381,1.0,0.8703703703703703,0.9306930693069307,0.8703703703703703
Original,CRF18,video73,1356,0.9402654867256637,0.9463058459683882,0.8826079150898544,0.9031286026804233,0.8303370176546601,1.0,0.8247422680412371,0.903954802259887,0.8247422680412371,0.9545454545454546,1.0,0.9767441860465117,0.9545454545454546,1.0,0.5865384615384616,0.7393939393939394,0.5865384615384616,0.9015873015873016,0.9895470383275261,0.9435215946843853,0.8930817610062893,0.8703703703703703,1.0,0.9306930693069307,0.8703703703703703,0.8976377952755905,0.957983193277311,0.926829268292683,0.8636363636363636,1.0,0.8194444444444444,0.9007633587786259,0.8194444444444444
Original,CRF18,video74,1634,0.7576499388004896,0.7784500183403257,0.6254712062720252,0.6638662871302973,0.5656947147029386,1.0,0.4482758620689655,0.6190476190476191,0.4482758620689655,0.7690839694656488,0.9734299516908212,0.8592750533049041,0.7532710280373832,0.9831932773109243,0.9069767441860465,0.9435483870967741,0.8931297709923665,0.8366412213740458,0.7751060820367751,0.8046989720998532,0.6732186732186732,0.9142857142857143,0.9411764705882353,0.9275362318840579,0.8648648648648649,0.0,0.0,0.0,0.0,0.9459459459459459,0.3333333333333333,0.49295774647887325,0.32710280373831774
Original,CRF18,video75,1923,0.8476339053562143,0.7350476560740281,0.6701162534726792,0.6811384851030068,0.5739312811439531,1.0,0.6967213114754098,0.821256038647343,0.6967213114754098,0.6262295081967213,1.0,0.7701612903225806,0.6262295081967213,0.6060606060606061,0.7142857142857143,0.6557377049180327,0.4878048780487805,1.0,0.8213087248322147,0.9018885306310456,0.8213087248322147,0.9130434782608695,0.9130434782608695,0.9130434782608695,0.84,0.0,0.0,0.0,0.0,1.0,0.5454545454545454,0.7058823529411764,0.5454545454545454
Original,CRF18,video76,2649,0.7893544733861835,0.8473695948418288,0.6986240706155674,0.6878164049466017,0.5712473061091385,1.0,0.03333333333333333,0.06451612903225806,0.03333333333333333,0.8743523316062176,0.7305194805194806,0.795990566037736,0.6611165523996082,0.9222614840989399,0.5686274509803921,0.7035040431266846,0.5426195426195426,0.7223476297968398,0.9495548961424333,0.8205128205128206,0.6956521739130435,0.5390625,1.0,0.700507614213198,0.5390625,0.8735632183908046,0.7916666666666666,0.8306010928961748,0.7102803738317757,1.0,0.8166666666666667,0.8990825688073394,0.8166666666666667
Original,CRF18,video77,2502,0.8693045563549161,0.8738982088588572,0.8348995328041592,0.8055967248550502,0.7091430368039641,1.0,0.2556818181818182,0.4072398190045249,0.2556818181818182,0.7380191693290735,1.0,0.849264705882353,0.7380191693290735,1.0,0.8633093525179856,0.9266409266409266,0.8633093525179856,0.9890243902439024,0.8824809575625681,0.9327199539965497,0.8739224137931034,0.8902439024390244,1.0,0.9419354838709678,0.8902439024390244,1.0,0.8428246013667426,0.9147095179233622,0.8428246013667426,0.5,1.0,0.6666666666666666,0.5
Original,CRF18,video78,739,0.8430311231393776,0.8621703827600316,0.7058738369546426,0.7346133105071097,0.6085275114826233,1.0,0.38636363636363635,0.5573770491803279,0.38636363636363635,0.8888888888888888,1.0,0.9411764705882353,0.8888888888888888,0.8870967741935484,0.859375,0.8730158730158729,0.7746478873239436,0.7939698492462312,0.9753086419753086,0.8753462603878116,0.7783251231527094,0.7283950617283951,0.9365079365079365,0.8194444444444445,0.6941176470588235,0.7368421052631579,0.3835616438356164,0.5045045045045046,0.3373493975903614,1.0,0.4,0.5714285714285715,0.4
Original,CRF18,video79,3414,0.8992384299941417,0.8652271364992457,0.7276235482022876,0.7345791717948265,0.6203476378827542,1.0,0.3148148148148148,0.4788732394366197,0.3148148148148148,0.9748062015503876,0.9648337595907929,0.9697943444730076,0.9413599500935745,0.7928994082840237,1.0,0.8844884488448845,0.7928994082840237,0.918531781557744,0.9456221198156682,0.9318801089918256,0.8724489795918368,0.7333333333333333,0.7549019607843137,0.7439613526570047,0.5923076923076923,0.6370192307692307,0.8631921824104235,0.7330567081604425,0.5786026200873362,1.0,0.25,0.4,0.25
Original,CRF18,video80,1724,0.8897911832946636,0.8180484975754306,0.7440589807275045,0.7269320979930833,0.618122365617557,1.0,0.2807017543859649,0.4383561643835616,0.2807017543859649,0.9496738117427772,0.9443929564411492,0.9470260223048327,0.8993821712268314,0.90625,0.8787878787878788,0.8923076923076922,0.8055555555555556,0.7950310559006211,0.973384030418251,0.8752136752136751,0.7781155015197568,0.86,0.9347826086956522,0.8958333333333334,0.8113207547169812,0.2153846153846154,0.6363636363636364,0.3218390804597701,0.1917808219178082,1.0,0.56,0.717948717948718,0.56
Original,CRF23,video49,1671,0.9365649311789348,0.8984360519747074,0.9059131607208799,0.8909823573379878,0.8126732047737243,1.0,0.5888888888888889,0.7412587412587412,0.5888888888888889,0.9066985645933014,1.0,0.9510664993726474,0.9066985645933014,0.8356164383561644,0.9682539682539683,0.8970588235294118,0.8133333333333334,1.0,0.924006908462867,0.9605026929982047,0.924006908462867,0.7117117117117117,0.9080459770114943,0.7979797979797979,0.6638655462184874,0.9764397905759162,0.9638242894056848,0.9700910273081925,0.9419191919191919,0.8585858585858586,0.9883720930232558,0.9189189189189189,0.85
Original,CRF23,video50,1094,0.9058500914076782,0.7634261483692631,0.5790312726716176,0.6036218743294891,0.5142317345214562,1.0,0.13432835820895522,0.2368421052631579,0.13432835820895522,0.8839009287925697,1.0,0.9383730484798686,0.8839009287925697,0.7037037037037037,0.5428571428571428,0.6129032258064516,0.4418604651162791,0.9968847352024922,0.963855421686747,0.9800918836140888,0.960960960960961,0.759493670886076,0.9836065573770492,0.8571428571428572,0.75,0.0,0.0,0.0,0.0,1.0,0.42857142857142855,0.6,0.42857142857142855
Original,CRF23,video51,2944,0.8128396739130435,0.8578325569613393,0.8190562275589551,0.8162259000668213,0.7031360204862477,1.0,0.7857142857142857,0.88,0.7857142857142857,0.9661335841956726,0.9096545615589017,0.937043795620438,0.8815450643776824,0.8813056379821959,0.4699367088607595,0.6130030959752323,0.4419642857142857,0.5794032723772858,1.0,0.7336989640463133,0.5794032723772858,0.900990099009901,0.978494623655914,0.9381443298969072,0.883495145631068,0.9436619718309859,0.7165775401069518,0.8145896656534954,0.6871794871794872,0.7333333333333333,0.873015873015873,0.7971014492753622,0.6626506024096386
Original,CRF23,video52,1966,0.9033570701932858,0.901289786506643,0.9144279132739318,0.8977916913140909,0.8189129680976093,0.9734513274336283,1.0,0.9865470852017937,0.9734513274336283,0.8471223021582733,0.9936708860759493,0.9145631067961165,0.8425760286225402,0.9917695473251029,0.7370030581039755,0.8456140350877194,0.7325227963525835,0.8665158371040724,0.9770408163265306,0.9184652278177459,0.8492239467849224,0.67,1.0,0.8023952095808384,0.67,0.9851694915254238,0.8454545454545455,0.9099804305283758,0.8348294434470377,0.975,0.8478260869565217,0.9069767441860466,0.8297872340425532
Original,CRF23,video53,3283,0.9259823332318002,0.8772755344839698,0.8456919493224971,0.8283059351869083,0.7255682497083346,1.0,0.6119402985074627,0.7592592592592593,0.6119402985074627,0.9723546234509056,0.9306569343065694,0.951048951048951,0.9066666666666666,0.8333333333333334,1.0,0.9090909090909091,0.8333333333333334,0.9297610427226647,0.9632408102025506,0.94620486366986,0.8979020979020979,0.4492753623188406,1.0,0.62,0.4492753623188406,0.9562043795620438,0.880672268907563,0.9168853893263342,0.8465266558966075,1.0,0.5333333333333333,0.6956521739130436,0.5333333333333333
Original,CRF23,video54,3100,0.8464516129032258,0.9051331986193534,0.8232761410988944,0.8286498898804188,0.7298416892808751,1.0,0.368,0.5380116959064328,0.368,0.7395638629283489,1.0,0.8502865329512894,0.7395638629283489,0.9789473684210527,0.9538461538461539,0.9662337662337663,0.9346733668341709,0.9982014388489209,0.6092206366630076,0.7566462167689162,0.6085526315789473,0.6697247706422018,1.0,0.8021978021978022,0.6697247706422018,0.9696969696969697,0.96579476861167,0.967741935483871,0.9375,0.9797979797979798,0.8660714285714286,0.919431279620853,0.8508771929824561
Original,CRF23,video55,1037,0.9151398264223722,0.8857343457815322,0.8095875948187591,0.8252582496295165,0.7191160253639984,1.0,0.6666666666666666,0.8,0.6666666666666666,0.9165009940357853,1.0,0.9564315352697096,0.9165009940357853,0.7719298245614035,0.5569620253164557,0.6470588235294117,0.4782608695652174,1.0,0.9327217125382263,0.9651898734177216,0.9327217125382263,0.8688524590163934,0.9814814814814815,0.9217391304347826,0.8548387096774194,0.6428571428571429,0.9782608695652174,0.7758620689655172,0.6338028169014085,1.0,0.5510204081632653,0.7105263157894737,0.5510204081632653
Original,CRF23,video56,1834,0.8920392584514721,0.8920366403852411,0.8261965546806449,0.8141223420158183,0.7212836347772634,1.0,0.23809523809523808,0.3846153846153846,0.23809523809523808,0.9149159663865546,0.9786516853932584,0.9457111834961998,0.8970133882595263,0.8888888888888888,1.0,0.9411764705882353,0.8888888888888888,0.9646799116997793,0.8403846153846154,0.8982528263103804,0.8152985074626866,0.5829145728643216,1.0,0.7365079365079366,0.5829145728643216,0.8928571428571429,0.9615384615384616,0.9259259259259259,0.8620689655172413,1.0,0.7647058823529411,0.8666666666666666,0.7647058823529411
Original,CRF23,video57,2632,0.8879179331306991,0.8883993205248651,0.805357210445085,0.8161801607971955,0.71487389583517,1.0,0.5103448275862069,0.6757990867579908,0.5103448275862069,0.916923076923077,0.9122448979591836,0.9145780051150895,0.8426013195098964,0.7058823529411765,0.9137055837563451,0.7964601769911505,0.6617647058823529,0.8876847290640394,0.9740540540540541,0.9288659793814434,0.8671799807507219,0.81,1.0,0.8950276243093923,0.81,0.8983050847457628,0.3706293706293706,0.5247524752475248,0.35570469798657717,1.0,0.9565217391304348,0.9777777777777777,0.9565217391304348
Original,CRF23,video58,5993,0.7547138328049391,0.7672611919501763,0.6534495100014566,0.6704565331093046,0.5350736187995954,0.75,0.15,0.24999999999999997,0.14285714285714285,0.8778447121820616,0.7744316504281075,0.8229019607843138,0.69909381663113,0.5023041474654378,0.48516320474777447,0.4935849056603774,0.3276553106212425,0.6217983651226158,0.8604826546003017,0.7219234419487504,0.5648514851485148,0.8461538461538461,0.7457627118644068,0.7927927927927929,0.6567164179104478,0.7727272727272727,0.940959409594096,0.8485856905158069,0.7369942196531792,1.0,0.6173469387755102,0.7634069400630915,0.6173469387755102
Original,CRF23,video59,1046,0.9110898661567878,0.9356477733759725,0.7812796330653473,0.8274492209376133,0.7202160195529065,1.0,0.5428571428571428,0.7037037037037037,0.5428571428571428,0.908,1.0,0.9517819706498952,0.908,1.0,0.5125,0.6776859504132231,0.5125,0.9125,1.0,0.9542483660130718,0.9125,0.975609756097561,0.6060606060606061,0.7476635514018692,0.5970149253731343,0.7534246575342466,0.9821428571428571,0.8527131782945736,0.7432432432432432,1.0,0.8253968253968254,0.9043478260869565,0.8253968253968254
Original,CRF23,video60,2532,0.7006319115323855,0.677977426690647,0.6457718750284073,0.6090687843766026,0.4997600389759803,1.0,0.628482972136223,0.7718631178707224,0.628482972136223,0.9153140437544107,0.7294713160854893,0.8118935837245697,0.6833508956796628,0.8414634146341463,0.8214285714285714,0.8313253012048192,0.711340206185567,0.1437037037037037,0.9150943396226415,0.2483994878361075,0.14181286549707603,0.845360824742268,0.7592592592592593,0.8,0.6666666666666666,0.0,0.0,0.0,0.0,1.0,0.6666666666666666,0.8,0.6666666666666666
Original,CRF23,video61,4409,0.84327511907462,0.8209453641919268,0.7741883336336634,0.7487805083773926,0.6159799425784636,1.0,0.6071428571428571,0.7555555555555554,0.6071428571428571,0.6636863823933975,1.0,0.7978503513848697,0.6636863823933975,0.9469026548672567,0.5602094240837696,0.7039473684210527,0.5431472081218274,0.993601462522852,0.8498827208756842,0.9161399072903499,0.8452566096423018,0.3188976377952756,1.0,0.48358208955223886,0.3188976377952756,0.8235294117647058,0.6,0.6942148760330579,0.5316455696202531,1.0,0.8020833333333334,0.8901734104046243,0.8020833333333334
Original,CRF23,video62,2032,0.9040354330708661,0.9012457860349343,0.8704823362366755,0.8802727448451242,0.7895964071276651,1.0,0.85,0.9189189189189189,0.85,0.89501312335958,0.9560747663551402,0.9245368278355174,0.8596638655462185,0.7093023255813954,0.8714285714285714,0.782051282051282,0.6421052631578947,0.9523809523809523,0.8285714285714286,0.8861726508785333,0.7956104252400549,0.8936170212765957,0.7777777777777778,0.8316831683168316,0.711864406779661,0.8584070796460177,1.0,0.9238095238095239,0.8584070796460177,1.0,0.8095238095238095,0.8947368421052632,0.8095238095238095
Original,CRF23,video63,3433,0.8354209146519079,0.6738631310188383,0.7162977014428497,0.5903376898105072,0.4673142963385057,1.0,0.30833333333333335,0.4713375796178344,0.30833333333333335,0.9321486268174475,0.9796264855687606,0.9552980132450332,0.9144215530903328,0.47368421052631576,1.0,0.6428571428571429,0.47368421052631576,0.9995034756703078,0.8809628008752736,0.9364968597348221,0.8805774278215223,0.8271604938271605,0.2701612903225806,0.40729483282674767,0.25572519083969464,0.21073558648111332,1.0,0.348111658456486,0.21073558648111332,0.27380952380952384,0.575,0.3709677419354839,0.22772277227722773
Original,CRF23,video64,2398,0.8761467889908257,0.8461756246202347,0.7944142789064672,0.796284205492249,0.6947687945242652,0.8133333333333334,1.0,0.8970588235294117,0.8133333333333334,1.0,0.9270833333333334,0.9621621621621621,0.9270833333333334,0.95,0.7378640776699029,0.8306010928961749,0.7102803738317757,0.7708119218910586,0.981675392670157,0.8635578583765112,0.7598784194528876,0.7633587786259542,0.9803921568627451,0.8583690987124464,0.7518796992481203,0.6363636363636364,0.2346368715083799,0.34285714285714286,0.20689655172413793,0.9893617021276596,0.6992481203007519,0.8193832599118942,0.6940298507462687
Original,CRF23,video65,1873,0.9460758142018153,0.7903414548376231,0.7596412516356563,0.7685398017666306,0.7069813911853405,1.0,0.8955823293172691,0.9449152542372882,0.8955823293172691,0.9469122426868906,0.976536312849162,0.9614961496149614,0.9258474576271186,0.828125,0.9814814814814815,0.8983050847457628,0.8153846153846154,1.0,0.9347826086956522,0.9662921348314606,0.9347826086956522,0.8823529411764706,0.9615384615384616,0.920245398773006,0.8522727272727273,0.0,0.0,0.0,0.0,0.875,0.5675675675675675,0.6885245901639344,0.525
Original,CRF23,video66,1824,0.8914473684210527,0.7173643315271134,0.7131404038497149,0.7108533728754287,0.6275918903023071,0.5,0.52,0.5098039215686274,0.34210526315789475,0.909217877094972,1.0,0.952450621799561,0.909217877094972,0.9146341463414634,0.9375,0.925925925925926,0.8620689655172413,0.8912466843501327,0.9243466299862448,0.9074949358541525,0.830655129789864,0.8064516129032258,0.9036144578313253,0.8522727272727273,0.7425742574257426,0.0,0.0,0.0,0.0,1.0,0.7065217391304348,0.8280254777070064,0.7065217391304348
Original,CRF23,video67,2353,0.9239269018274543,0.8576762471040054,0.9120872362883904,0.8669126059331205,0.7757061922685994,1.0,0.5958549222797928,0.7467532467532468,0.5958549222797928,0.9126539753639418,0.9576968272620446,0.9346330275229359,0.8772874058127018,0.7379310344827587,0.981651376146789,0.84251968503937,0.7278911564625851,0.9978632478632479,0.9434343434343434,0.9698857736240912,0.9415322580645161,0.6311475409836066,0.9746835443037974,0.7661691542288557,0.6209677419354839,0.7241379310344828,0.9767441860465116,0.8316831683168318,0.711864406779661,1.0,0.9545454545454546,0.9767441860465117,0.9545454545454546
Original,CRF23,video68,1972,0.8813387423935092,0.8446272747081155,0.8254529801109446,0.793619561573941,0.68334156393092,1.0,0.2647058823529412,0.4186046511627907,0.2647058823529412,0.9092009685230025,0.9081015719467956,0.9086509376890503,0.8325942350332595,0.72,1.0,0.8372093023255813,0.72,0.9583333333333334,0.949343339587242,0.9538171536286523,0.9117117117117117,0.7010309278350515,0.9855072463768116,0.8192771084337348,0.6938775510204082,0.9483870967741935,0.7538461538461538,0.8400000000000001,0.7241379310344828,0.6754385964912281,0.9166666666666666,0.7777777777777777,0.6363636363636364
Original,CRF23,video69,4575,0.9654644808743169,0.8190085547966517,0.7096833931976817,0.7456599024027266,0.6839390942346327,1.0,0.4057971014492754,0.577319587628866,0.4057971014492754,0.9723979298447384,1.0,0.98600583090379,0.9723979298447384,0.9979757085020243,0.962890625,0.9801192842942346,0.9610136452241715,0.991869918699187,0.9833753148614609,0.9876043511257272,0.975512243878061,0.7908163265306123,0.7635467980295566,0.7769423558897244,0.6352459016393442,0.0,0.0,0.0,0.0,0.98,0.8521739130434782,0.9116279069767441,0.8376068376068376
Original,CRF23,video70,1194,0.9003350083752094,0.7776470701192275,0.7677087183882595,0.7586014074577241,0.6922277209428817,0.8536585365853658,1.0,0.9210526315789475,0.8536585365853658,0.9919839679358717,0.9880239520958084,0.9899999999999999,0.9801980198019802,0.9230769230769231,0.96,0.9411764705882353,0.8888888888888888,0.8120649651972158,0.958904109589041,0.8793969849246231,0.7847533632286996,0.8627450980392157,0.967032967032967,0.9119170984455958,0.8380952380952381,0.0,0.0,0.0,0.0,1.0,0.5,0.6666666666666666,0.5
Original,CRF23,video71,2515,0.8679920477137177,0.7727525806370459,0.5828329054734178,0.6148228964107824,0.5154762909857877,1.0,0.3055555555555556,0.46808510638297873,0.3055555555555556,0.8803278688524591,0.891286307053942,0.8857731958762888,0.7949666913397483,0.8095238095238095,0.8360655737704918,0.8225806451612904,0.6986301369863014,0.8552188552188552,0.8401323042998897,0.8476084538375972,0.7355212355212355,0.8641975308641975,0.9893992932862191,0.9225700164744646,0.8562691131498471,0.0,0.0,0.0,0.0,1.0,0.21739130434782608,0.3571428571428571,0.21739130434782608
Original,CRF23,video72,3106,0.8386992916934964,0.8139290339141787,0.8436511099602413,0.7844039725860438,0.6618962134213465,1.0,0.40145985401459855,0.5729166666666666,0.40145985401459855,0.8677443056576047,1.0,0.92918961447679,0.8677443056576047,0.5067873303167421,0.9911504424778761,0.6706586826347305,0.5045045045045045,1.0,0.671118530884808,0.8031968031968032,0.671118530884808,0.7155963302752294,1.0,0.8342245989304813,0.7155963302752294,0.6073752711496746,0.9621993127147767,0.7446808510638298,0.5932203389830508,1.0,0.8796296296296297,0.9359605911330049,0.8796296296296297
Original,CRF23,video73,1356,0.9572271386430679,0.9591980716177199,0.916172794914372,0.9331432698597794,0.8768081948051708,1.0,0.7938144329896907,0.8850574712643678,0.7938144329896907,0.9559939301972686,1.0,0.9775019394879751,0.9559939301972686,0.9879518072289156,0.7884615384615384,0.8770053475935828,0.780952380952381,0.9562289562289562,0.9895470383275261,0.9726027397260273,0.9466666666666667,0.8867924528301887,1.0,0.9400000000000001,0.8867924528301887,0.9274193548387096,0.9663865546218487,0.9465020576131686,0.8984375,1.0,0.875,0.9333333333333333,0.875
Original,CRF23,video74,1634,0.7766217870257038,0.794473486201564,0.6588002253041737,0.6970297559003386,0.6069240262457045,1.0,0.7011494252873564,0.8243243243243243,0.7011494252873564,0.8113948919449901,0.9975845410628019,0.894907908992416,0.8098039215686275,0.9646017699115044,0.8449612403100775,0.9008264462809916,0.8195488721804511,0.8343373493975904,0.7835926449787836,0.8081692195477754,0.6780905752753978,0.9509803921568627,0.9509803921568627,0.9509803921568627,0.9065420560747663,0.0,0.0,0.0,0.0,1.0,0.3333333333333333,0.5,0.3333333333333333
Original,CRF23,video75,1923,0.7945917836713469,0.7225357416399164,0.6137956953805611,0.6099618932886478,0.4974961235559756,1.0,0.22950819672131148,0.37333333333333335,0.22950819672131148,0.5357643758765779,1.0,0.697716894977169,0.5357643758765779,0.6,0.8035714285714286,0.6870229007633588,0.5232558139534884,1.0,0.7760067114093959,0.8738781294284363,0.7760067114093959,0.9219858156028369,0.9420289855072463,0.9318996415770608,0.87248322147651,0.0,0.0,0.0,0.0,1.0,0.5454545454545454,0.7058823529411764,0.5454545454545454
Original,CRF23,video76,2649,0.7568893922234805,0.8784094946747706,0.6761807143203173,0.6832967321925052,0.5697431420535695,1.0,0.03333333333333333,0.06451612903225806,0.03333333333333333,0.8919308357348703,0.6699134199134199,0.7651421508034609,0.6196196196196196,1.0,0.4466230936819172,0.6174698795180723,0.4466230936819172,0.650887573964497,0.9792284866468842,0.7819905213270141,0.642023346303502,0.6764705882352942,1.0,0.8070175438596492,0.6764705882352942,0.9295774647887324,0.6875,0.7904191616766466,0.6534653465346535,1.0,0.9166666666666666,0.9565217391304348,0.9166666666666666
Original,CRF23,video77,2502,0.8836930455635491,0.8695773982227656,0.8433269897866034,0.8120741134542774,0.716043454807833,1.0,0.2727272727272727,0.42857142857142855,0.2727272727272727,0.7752808988764045,0.9956709956709957,0.8717624763108023,0.7726763717805151,0.9761904761904762,0.8848920863309353,0.9283018867924528,0.8661971830985915,0.9824970828471412,0.9162132752992383,0.9481981981981983,0.9014989293361885,0.8390804597701149,1.0,0.9125,0.8390804597701149,0.9973262032085561,0.8496583143507973,0.9175891758917589,0.8477272727272728,0.5166666666666667,0.9841269841269841,0.6775956284153006,0.512396694214876
Original,CRF23,video78,739,0.8105548037889039,0.7384418878521605,0.679911358482787,0.6819902838398352,0.5757548170464021,1.0,0.6363636363636364,0.7777777777777778,0.6363636363636364,0.9,1.0,0.9473684210526316,0.9,0.8421052631578947,0.75,0.7933884297520661,0.6575342465753424,0.68,0.9444444444444444,0.7906976744186047,0.6538461538461539,0.7469879518072289,0.9841269841269841,0.8493150684931506,0.7380952380952381,0.0,0.0,0.0,0.0,1.0,0.4444444444444444,0.6153846153846153,0.4444444444444444
Original,CRF23,video79,3414,0.8517867603983597,0.8131670507372524,0.6924252212606101,0.6898305914053563,0.5598171541140573,1.0,0.3333333333333333,0.5,0.3333333333333333,0.9497746297488732,0.9430946291560103,0.9464228424767405,0.8982947624847747,0.6027397260273972,0.9850746268656716,0.7478753541076486,0.5972850678733032,0.8501291989664083,0.9096774193548387,0.8788958147818343,0.7839555202541699,0.7459016393442623,0.8921568627450981,0.8125000000000002,0.6842105263157895,0.5436241610738255,0.5276872964169381,0.5355371900826446,0.3656884875846501,1.0,0.25595238095238093,0.4075829383886256,0.25595238095238093
Original,CRF23,video80,1724,0.8839907192575406,0.7987232627110739,0.7511409525595282,0.7208813954041577,0.603940026816472,1.0,0.3333333333333333,0.5,0.3333333333333333,0.9562737642585551,0.9323447636700649,0.9441576724542469,0.8942222222222223,0.9375,0.9090909090909091,0.923076923076923,0.8571428571428571,0.7580174927113703,0.9885931558935361,0.8580858085808581,0.7514450867052023,0.7142857142857143,0.9782608695652174,0.8256880733944955,0.703125,0.2413793103448276,0.6363636363636364,0.35,0.21212121212121213,0.9836065573770492,0.48,0.6451612903225806,0.47619047619047616
Original,CRF28,video49,1671,0.926391382405745,0.8774629374348717,0.897401355811251,0.8735604659384878,0.7853900068360966,1.0,0.5777777777777777,0.732394366197183,0.5777777777777777,0.9017199017199017,0.9683377308707124,0.9338422391857505,0.8758949880668258,0.6931818181818182,0.9682539682539683,0.8079470198675497,0.6777777777777778,0.99812382739212,0.918825561312608,0.9568345323741008,0.9172413793103448,0.7181818181818181,0.9080459770114943,0.8020304568527918,0.6694915254237288,0.9738903394255874,0.9638242894056848,0.9688311688311689,0.9395465994962217,0.8571428571428571,0.9767441860465116,0.9130434782608695,0.84
Original,CRF28,video50,1094,0.8692870201096892,0.7272590718633885,0.4990652923935146,0.516132648554398,0.4414476061832754,1.0,0.11940298507462686,0.21333333333333335,0.11940298507462686,0.8215827338129497,1.0,0.9020537124802527,0.8215827338129497,0.5,0.02857142857142857,0.05405405405405405,0.027777777777777776,1.0,0.8975903614457831,0.946031746031746,0.8975903614457831,0.7692307692307693,0.9836065573770492,0.8633093525179856,0.759493670886076,0.0,0.0,0.0,0.0,1.0,0.4642857142857143,0.6341463414634146,0.4642857142857143
Original,CRF28,video51,2944,0.7768342391304348,0.8780960191465159,0.7901618165559486,0.8017299459924286,0.689408476225114,1.0,0.5714285714285714,0.7272727272727273,0.5714285714285714,0.9001814882032668,0.8786536758193091,0.889287315105334,0.8006456820016142,0.867595818815331,0.3939873417721519,0.5418933623503809,0.3716417910447761,0.5500459136822773,0.9950166112956811,0.7084565345949142,0.5485347985347986,0.8773584905660378,1.0,0.9346733668341709,0.8773584905660378,0.9710982658959537,0.8983957219251337,0.9333333333333333,0.875,0.9803921568627451,0.7936507936507936,0.8771929824561403,0.78125
Original,CRF28,video52,1966,0.9292980671414038,0.9187580017780029,0.9261529213994267,0.9127913009540175,0.8466958161353538,0.9734513274336283,1.0,0.9865470852017937,0.9734513274336283,0.8380782918149466,0.9936708860759493,0.9092664092664092,0.8336283185840708,0.9957264957264957,0.7125382262996942,0.8306595365418895,0.7103658536585366,0.9922077922077922,0.9744897959183674,0.9832689832689833,0.9670886075949368,0.67,1.0,0.8023952095808384,0.67,0.9868421052631579,0.9545454545454546,0.9704251386321626,0.9425493716337523,0.975,0.8478260869565217,0.9069767441860466,0.8297872340425532
Original,CRF28,video53,3283,0.9074017666768199,0.8177763196463943,0.8436658005363539,0.7732334352381411,0.6649380823942925,1.0,0.746268656716418,0.8547008547008548,0.746268656716418,0.982824427480916,0.9397810218978102,0.9608208955223881,0.9245960502692998,0.5316455696202531,0.9882352941176471,0.691358024691358,0.5283018867924528,0.9899146625290923,0.9572393098274569,0.973302822273074,0.9479940564635958,0.25203252032520324,1.0,0.4025974025974026,0.25203252032520324,0.9680170575692963,0.7630252100840336,0.8533834586466165,0.7442622950819672,1.0,0.5111111111111111,0.676470588235294,0.5111111111111111
Original,CRF28,video54,3100,0.9570967741935484,0.941673950112033,0.9013911694338794,0.9129503296500397,0.8461494844356994,1.0,0.672,0.8038277511961722,0.672,0.9295223179326546,1.0,0.963474025974026,0.9295223179326546,0.9810126582278481,0.7948717948717948,0.8781869688385269,0.7828282828282829,1.0,0.9659714599341384,0.9826912339475153,0.9659714599341384,0.75,0.9863013698630136,0.8520710059171598,0.7422680412371134,0.9779116465863453,0.9798792756539235,0.9788944723618092,0.9586614173228346,0.9532710280373832,0.9107142857142857,0.9315068493150684,0.8717948717948718
Original,CRF28,video55,1037,0.9083895853423336,0.8863658151569014,0.7875715792952851,0.8102367549076716,0.7010560053480415,1.0,0.7619047619047619,0.8648648648648648,0.7619047619047619,0.9056974459724951,1.0,0.9505154639175258,0.9056974459724951,0.8780487804878049,0.45569620253164556,0.5999999999999999,0.42857142857142855,1.0,0.9571865443425076,0.978125,0.9571865443425076,0.8823529411764706,0.8333333333333334,0.8571428571428571,0.75,0.5384615384615384,0.9130434782608695,0.6774193548387096,0.5121951219512195,1.0,0.5918367346938775,0.7435897435897436,0.5918367346938775
Original,CRF28,video56,1834,0.8936750272628136,0.8915977307928801,0.8255686890140671,0.8211779915548709,0.7219213472242305,1.0,0.34285714285714286,0.5106382978723404,0.34285714285714286,0.9261186264308012,1.0,0.9616423554835224,0.9261186264308012,0.9387755102040817,0.9583333333333334,0.9484536082474228,0.9019607843137255,0.9928400954653938,0.8,0.88604898828541,0.7954110898661568,0.5272727272727272,1.0,0.6904761904761904,0.5272727272727272,0.8818181818181818,0.9326923076923077,0.9065420560747663,0.8290598290598291,0.9743589743589743,0.7450980392156863,0.8444444444444443,0.7307692307692307
Original,CRF28,video57,2632,0.9103343465045592,0.9128680024772142,0.8572513532179457,0.8711064930713952,0.777400402268423,1.0,0.7862068965517242,0.8803088803088803,0.7862068965517242,0.8900999091734787,1.0,0.9418548774627583,0.8900999091734787,0.9913793103448276,0.583756345177665,0.7348242811501597,0.5808080808080808,0.9316427783902976,0.9135135135135135,0.9224890829694323,0.85612968591692,0.7168141592920354,1.0,0.8350515463917526,0.7168141592920354,0.8601398601398601,0.8601398601398601,0.8601398601398601,0.754601226993865,1.0,0.8571428571428571,0.923076923076923,0.8571428571428571
Original,CRF28,video58,5993,0.7577173368930419,0.6416839600836454,0.681792184127647,0.6348941803367874,0.4954294380865461,0.3392857142857143,0.2375,0.2794117647058824,0.1623931623931624,0.8978908603950452,0.79185119574845,0.8415437715720113,0.7264355362946913,0.5141342756183745,0.4317507418397626,0.4693548387096774,0.3066385669125395,0.6233552631578947,0.8574660633484162,0.7219047619047618,0.5648286140089419,0.3630573248407643,0.9661016949152542,0.5277777777777778,0.3584905660377358,0.8910505836575876,0.8450184501845018,0.8674242424242425,0.7658862876254181,0.863013698630137,0.6428571428571429,0.7368421052631579,0.5833333333333334
Original,CRF28,video59,1046,0.9206500956022945,0.9308489659209354,0.8342893217893217,0.8569244716690383,0.7680597973458703,1.0,1.0,1.0,1.0,0.934156378600823,1.0,0.9659574468085107,0.934156378600823,1.0,0.4625,0.6324786324786326,0.4625,0.9240506329113924,1.0,0.9605263157894737,0.9240506329113924,0.9787234042553191,0.696969696969697,0.8141592920353982,0.6865671641791045,0.6790123456790124,0.9821428571428571,0.8029197080291971,0.6707317073170732,1.0,0.6984126984126984,0.822429906542056,0.6984126984126984
Original,CRF28,video60,2532,0.6832543443917851,0.697982187391511,0.6914868629164802,0.638648727305581,0.5448915363685483,0.9921259842519685,0.7801857585139319,0.8734835355285961,0.7753846153846153,0.9328593996840442,0.6642294713160855,0.7759526938239157,0.6339237788513151,0.8641975308641975,0.8333333333333334,0.8484848484848484,0.7368421052631579,0.12596401028277635,0.9245283018867925,0.22171945701357465,0.12468193384223919,0.8938053097345132,0.9351851851851852,0.9140271493212669,0.8416666666666667,0.07692307692307693,0.010638297872340425,0.018691588785046728,0.009433962264150943,1.0,0.6923076923076923,0.8181818181818181,0.6923076923076923
Original,CRF28,video61,4409,0.8165116806532093,0.6609864117973447,0.6366104898951095,0.5556955201064595,0.43968821435993677,1.0,0.6383928571428571,0.779291553133515,0.6383928571428571,0.6420492348636061,1.0,0.7820097244732578,0.6420492348636061,0.3333333333333333,0.005235602094240838,0.010309278350515464,0.0051813471502590676,1.0,0.8522283033620016,0.9202195018995357,0.8522283033620016,0.28321678321678323,1.0,0.44141689373297,0.28321678321678323,0.8235294117647058,0.2,0.3218390804597701,0.1917808219178082,0.5447761194029851,0.7604166666666666,0.6347826086956522,0.46496815286624205
Original,CRF28,video62,2032,0.9557086614173228,0.9315422109378784,0.9013251210708989,0.9137256346258766,0.847098086848053,1.0,1.0,1.0,1.0,0.9922103213242454,0.9523364485981308,0.971864568431092,0.9452690166975881,0.9152542372881356,0.7714285714285715,0.8372093023255813,0.72,0.9264705882352942,0.99,0.9571823204419889,0.9178807947019868,0.8775510204081632,0.7962962962962963,0.8349514563106796,0.7166666666666667,0.8648648648648649,0.9896907216494846,0.9230769230769231,0.8571428571428571,0.9444444444444444,0.8095238095238095,0.8717948717948718,0.7727272727272727
Original,CRF28,video63,3433,0.8668802796387999,0.7250821008500038,0.8263033085643451,0.7247584141168569,0.6157401834190377,1.0,0.7083333333333334,0.8292682926829268,0.7083333333333334,0.975,0.9932088285229203,0.9840201850294364,0.9685430463576159,0.7377049180327869,1.0,0.8490566037735848,0.7377049180327869,0.9994946942900454,0.8656455142231948,0.9277673545966229,0.8652668416447944,0.8406593406593407,0.6169354838709677,0.7116279069767443,0.5523465703971119,0.24036281179138322,1.0,0.38756855575868376,0.24036281179138322,0.2823529411764706,0.6,0.384,0.2376237623762376
Original,CRF28,video64,2398,0.9370308590492077,0.9000525662373976,0.9249416755863696,0.9051406888243457,0.8317967122660598,0.6853932584269663,1.0,0.8133333333333332,0.6853932584269663,1.0,0.9375,0.967741935483871,0.9375,0.9696969696969697,0.9320388349514563,0.9504950495049505,0.9056603773584906,0.8934131736526946,0.9764397905759162,0.933083176985616,0.8745603751465416,0.8166666666666667,0.9607843137254902,0.882882882882883,0.7903225806451613,0.9432624113475178,0.7430167597765364,0.83125,0.7112299465240641,0.9919354838709677,0.924812030075188,0.9571984435797665,0.917910447761194
Original,CRF28,video65,1873,0.9706353443673251,0.8206869141464667,0.7807871705200149,0.7980107815730892,0.7536835614396616,1.0,0.9036144578313253,0.9493670886075949,0.9036144578313253,0.9675675675675676,1.0,0.9835164835164836,0.9675675675675676,0.9807692307692307,0.9444444444444444,0.9622641509433962,0.9272727272727272,1.0,0.9802371541501976,0.9900199600798403,0.9802371541501976,0.9036144578313253,0.9615384615384616,0.9316770186335404,0.872093023255814,0.0,0.0,0.0,0.0,0.8928571428571429,0.6756756756756757,0.7692307692307693,0.625
Original,CRF28,video66,1824,0.9320175438596491,0.8959562995365504,0.8271821026235164,0.8576535472132125,0.7708016610552877,0.9047619047619048,0.76,0.8260869565217391,0.7037037037037037,0.9393939393939394,1.0,0.96875,0.9393939393939394,0.9294871794871795,0.90625,0.9177215189873418,0.847953216374269,0.9494535519125683,0.9559834938101788,0.9527073337902674,0.9096858638743456,0.9047619047619048,0.6867469879518072,0.7808219178082192,0.6404494382022472,0.6438356164383562,0.5465116279069767,0.5911949685534591,0.41964285714285715,1.0,0.9347826086956522,0.9662921348314606,0.9347826086956522
Original,CRF28,video67,2353,0.9422014449638759,0.8542863196793977,0.9352743687540551,0.871366863806607,0.7947270958632282,0.978021978021978,0.9222797927461139,0.9493333333333334,0.9035532994923858,0.9769319492502884,0.9952996474735605,0.9860302677532015,0.9724454649827784,1.0,0.908256880733945,0.9519230769230769,0.908256880733945,0.9944690265486725,0.908080808080808,0.949313621964097,0.9035175879396985,0.6048387096774194,0.9493670886075949,0.7389162561576356,0.5859375,0.42574257425742573,1.0,0.5972222222222222,0.42574257425742573,1.0,0.8636363636363636,0.9268292682926829,0.8636363636363636
Original,CRF28,video68,1972,0.9072008113590264,0.8734772224435801,0.8479409882043122,0.8255899599036868,0.7253612463777336,1.0,0.3627450980392157,0.5323741007194245,0.3627450980392157,0.923963133640553,0.969770253929867,0.9463126843657818,0.8980963045912654,0.9411764705882353,0.9876543209876543,0.963855421686747,0.9302325581395349,0.952561669829222,0.9418386491557224,0.9471698113207547,0.899641577060932,0.6504854368932039,0.9710144927536232,0.7790697674418605,0.638095238095238,1.0,0.7025641025641025,0.825301204819277,0.7025641025641025,0.6461538461538462,1.0,0.7850467289719627,0.6461538461538462
Original,CRF28,video69,4575,0.9521311475409836,0.8111041293762546,0.759539513101853,0.7829486902416699,0.7277503815335706,0.9523809523809523,0.8695652173913043,0.909090909090909,0.8333333333333334,0.9900293255131964,0.9982259018332348,0.994110718492344,0.9882903981264637,1.0,0.78515625,0.8796498905908097,0.78515625,0.9497560975609756,0.9808564231738035,0.9650557620817845,0.9324712643678161,0.7947368421052632,0.7438423645320197,0.7684478371501273,0.6239669421487604,0.0,0.0,0.0,0.0,0.9908256880733946,0.9391304347826087,0.9642857142857143,0.9310344827586207
Original,CRF28,video70,1194,0.8894472361809045,0.8387366698440896,0.7701995250375788,0.7700649981821358,0.6796317294720274,0.8536585365853658,1.0,0.9210526315789475,0.8536585365853658,0.9840954274353877,0.9880239520958084,0.9860557768924303,0.9724950884086444,0.91,0.91,0.91,0.8348623853211009,0.8242574257425742,0.9123287671232877,0.8660598179453837,0.7637614678899083,0.7435897435897436,0.9560439560439561,0.8365384615384616,0.71900826446281,0.5555555555555556,0.125,0.20408163265306123,0.11363636363636363,1.0,0.5,0.6666666666666666,0.5
Original,CRF28,video71,2515,0.8552683896620278,0.7625738817576161,0.629235390163304,0.6705395712976301,0.5638223125096955,1.0,0.3888888888888889,0.56,0.3888888888888889,0.8657937806873978,0.8780082987551867,0.8718582612278533,0.7728268809349891,0.7592592592592593,0.6721311475409836,0.7130434782608696,0.5540540540540541,0.8344594594594594,0.8169790518191842,0.8256267409470752,0.7030360531309298,0.8785046728971962,0.9964664310954063,0.9337748344370862,0.8757763975155279,0.0,0.0,0.0,0.0,1.0,0.6521739130434783,0.7894736842105263,0.6521739130434783
Original,CRF28,video72,3106,0.8705730843528654,0.8600706109023688,0.8508271268372507,0.8267342688220004,0.7177583780728882,1.0,0.43795620437956206,0.6091370558375635,0.43795620437956206,0.8761127596439169,1.0,0.9339659944642151,0.8761127596439169,0.8106060606060606,0.9469026548672567,0.8734693877551021,0.7753623188405797,1.0,0.7579298831385642,0.8622981956315289,0.7579298831385642,0.7289719626168224,1.0,0.8432432432432433,0.7289719626168224,0.6048034934497817,0.9518900343642611,0.739652870493992,0.586864406779661,1.0,0.8611111111111112,0.9253731343283582,0.8611111111111112
Original,CRF28,video73,1356,0.9424778761061947,0.939267555768171,0.8891222839883521,0.9011710819470719,0.8305675374228676,1.0,0.9381443298969072,0.9680851063829787,0.9381443298969072,0.9545454545454546,1.0,0.9767441860465117,0.9545454545454546,1.0,0.5384615384615384,0.7000000000000001,0.5384615384615384,0.922077922077922,0.9895470383275261,0.9546218487394957,0.9131832797427653,0.7966101694915254,1.0,0.8867924528301886,0.7966101694915254,0.9016393442622951,0.9243697478991597,0.9128630705394191,0.8396946564885496,1.0,0.8333333333333334,0.9090909090909091,0.8333333333333334
Original,CRF28,video74,1634,0.7466340269277846,0.7962501690623959,0.6839944983575833,0.7116370829139783,0.5832405006741801,1.0,0.6896551724137931,0.8163265306122449,0.6896551724137931,0.7298474945533769,0.8091787439613527,0.7674684994272624,0.6226765799256505,0.9074074074074074,0.7596899224806202,0.8270042194092827,0.7050359712230215,0.7914285714285715,0.7835926449787836,0.7874911158493249,0.64947245017585,0.9782608695652174,0.8823529411764706,0.9278350515463919,0.8653846153846154,0.26436781609195403,0.5111111111111111,0.34848484848484845,0.21100917431192662,0.9024390243902439,0.3523809523809524,0.5068493150684932,0.3394495412844037
Original,CRF28,video75,1923,0.8086323452938118,0.7117604753334759,0.6646263468951669,0.6695015226991482,0.5571510460402399,1.0,0.6475409836065574,0.7860696517412936,0.6475409836065574,0.5488505747126436,1.0,0.7087198515769945,0.5488505747126436,0.6481481481481481,0.625,0.6363636363636364,0.4666666666666667,1.0,0.7625838926174496,0.8653022370299858,0.7625838926174496,0.900709219858156,0.9202898550724637,0.9103942652329748,0.8355263157894737,0.0,0.0,0.0,0.0,0.8846153846153846,0.696969696969697,0.7796610169491526,0.6388888888888888
Original,CRF28,video76,2649,0.7538693846734617,0.8398049006350389,0.6880311390059726,0.6782926280743176,0.551565136140345,1.0,0.1,0.18181818181818182,0.1,0.8871650211565585,0.6807359307359307,0.7703612982241274,0.6264940239043825,0.9689922480620154,0.5446623093681917,0.697350069735007,0.5353319057815846,0.664756446991404,0.9179030662710188,0.7710843373493976,0.6274509803921569,0.43125,1.0,0.6026200873362446,0.43125,0.9264705882352942,0.65625,0.7682926829268293,0.6237623762376238,1.0,0.9166666666666666,0.9565217391304348,0.9166666666666666
Original,CRF28,video77,2502,0.8972821742605915,0.873803955015289,0.8735050962273293,0.8543702577795108,0.755065313438265,1.0,0.6477272727272727,0.7862068965517242,0.6477272727272727,0.8143360752056404,1.0,0.8976683937823835,0.8143360752056404,1.0,0.7769784172661871,0.8744939271255061,0.7769784172661871,0.9704142011834319,0.8922742110990207,0.9297052154195011,0.8686440677966102,0.8202247191011236,1.0,0.9012345679012346,0.8202247191011236,0.9895287958115183,0.8610478359908884,0.920828258221681,0.8532731376975169,0.5221238938053098,0.9365079365079365,0.6704545454545455,0.5042735042735043
Original,CRF28,video78,739,0.8186738836265224,0.8458362331239122,0.69222869576547,0.7329217216513213,0.5941978207924793,1.0,0.5,0.6666666666666666,0.5,0.8396501457725948,1.0,0.9128367670364501,0.8396501457725948,0.6458333333333334,0.484375,0.5535714285714286,0.38271604938271603,0.7934782608695652,0.9012345679012346,0.8439306358381502,0.73,0.75,0.9523809523809523,0.8391608391608391,0.7228915662650602,0.8918918918918919,0.4520547945205479,0.6,0.42857142857142855,1.0,0.5555555555555556,0.7142857142857143,0.5555555555555556
Original,CRF28,video79,3414,0.9050966608084359,0.8806887851577018,0.7406351549371867,0.7474330062267598,0.6399615837148173,1.0,0.2962962962962963,0.45714285714285713,0.2962962962962963,0.9715762273901809,0.9616368286445013,0.9665809768637532,0.9353233830845771,0.8873239436619719,0.9402985074626866,0.9130434782608696,0.84,0.9192546583850931,0.9548387096774194,0.9367088607594936,0.8809523809523809,0.72,0.8823529411764706,0.7929515418502202,0.656934306569343,0.6666666666666666,0.8990228013029316,0.7656033287101248,0.6202247191011236,1.0,0.25,0.4,0.25
Original,CRF28,video80,1724,0.8868909512761021,0.8226347250310683,0.7860862368454271,0.7602445476746175,0.6502840437932896,1.0,0.43859649122807015,0.6097560975609756,0.43859649122807015,0.9631425800193987,0.9202965708989805,0.9412322274881517,0.8889883616830797,0.9453125,0.9166666666666666,0.9307692307692308,0.8705035971223022,0.7371428571428571,0.9809885931558935,0.8417618270799346,0.7267605633802817,0.8775510204081632,0.9347826086956522,0.9052631578947369,0.8269230769230769,0.23529411764705882,0.7272727272727273,0.3555555555555555,0.21621621621621623,1.0,0.584,0.7373737373737373,0.584
Original,CRF35,video49,1671,0.947935368043088,0.9414610198600072,0.893398071459527,0.9079880473483246,0.8413673814281342,1.0,0.5666666666666667,0.7234042553191489,0.5666666666666667,0.9023809523809524,1.0,0.9486858573216521,0.9023809523809524,0.9242424242424242,0.9682539682539683,0.9457364341085271,0.8970588235294118,0.9911347517730497,0.9654576856649395,0.9781277340332459,0.9571917808219178,0.8351648351648352,0.8735632183908046,0.853932584269663,0.7450980392156863,0.9501246882793017,0.9844961240310077,0.967005076142132,0.9361179361179361,0.9871794871794872,0.8953488372093024,0.9390243902439025,0.8850574712643678
Original,CRF35,video50,1094,0.8692870201096892,0.7961095100864554,0.5069580880660004,0.5382574171531764,0.44694391006155454,1.0,0.11940298507462686,0.21333333333333335,0.11940298507462686,0.8227665706051873,1.0,0.9027667984189723,0.8227665706051873,1.0,0.2,0.33333333333333337,0.2,1.0,0.8885542168674698,0.9409888357256778,0.8885542168674698,0.75,0.9836065573770492,0.8510638297872339,0.7407407407407407,0.0,0.0,0.0,0.0,1.0,0.35714285714285715,0.5263157894736842,0.35714285714285715
Original,CRF35,video51,2944,0.8254076086956522,0.8621534203664725,0.8608659232373459,0.8428524210647412,0.7449415357173068,1.0,0.9201680672268907,0.9584245076586434,0.9201680672268907,0.9777347531461762,0.8945969884853853,0.9343200740055504,0.8767361111111112,0.8707865168539326,0.49050632911392406,0.6275303643724697,0.45722713864306785,0.592901878914405,0.9435215946843853,0.7282051282051282,0.5725806451612904,0.6888888888888889,1.0,0.8157894736842105,0.6888888888888889,0.9417989417989417,0.9518716577540107,0.9468085106382979,0.898989898989899,0.9629629629629629,0.8253968253968254,0.8888888888888888,0.8
Original,CRF35,video52,1966,0.9206510681586979,0.9063911871066149,0.9134990415465205,0.9010168278692189,0.8268967244080953,0.9722222222222222,0.9545454545454546,0.963302752293578,0.9292035398230089,0.8120689655172414,0.9936708860759493,0.8937381404174574,0.8078902229845626,0.9863636363636363,0.6636085626911316,0.793418647166362,0.6575757575757576,0.9921671018276762,0.9693877551020408,0.9806451612903225,0.9620253164556962,0.7282608695652174,1.0,0.8427672955974843,0.7282608695652174,0.9869888475836431,0.9654545454545455,0.9761029411764707,0.9533213644524237,0.8666666666666667,0.8478260869565217,0.8571428571428571,0.75
Original,CRF35,video53,3283,0.930246725555894,0.8433102083926812,0.8785272543759103,0.8248213937009942,0.723857417704294,1.0,0.7313432835820896,0.8448275862068965,0.7313432835820896,0.9797687861271677,0.9279197080291971,0.9531396438612934,0.9104744852282901,0.6204379562043796,1.0,0.7657657657657658,0.6204379562043796,0.9817212490479817,0.9669917479369843,0.9743008314436886,0.9498894620486367,0.3668639053254438,1.0,0.5367965367965367,0.3668639053254438,0.9543795620437956,0.8789915966386554,0.9151356080489939,0.8435483870967742,1.0,0.6444444444444445,0.7837837837837839,0.6444444444444445
Original,CRF35,video54,3100,0.8693548387096774,0.9156862658858308,0.8172807401620533,0.8386981078068783,0.7349094757400498,1.0,0.464,0.6338797814207651,0.464,0.7687823834196891,1.0,0.8692786525082387,0.7687823834196891,0.9848484848484849,0.6666666666666666,0.7951070336391438,0.6598984771573604,1.0,0.7244785949506037,0.8402291534054742,0.7244785949506037,0.7019230769230769,1.0,0.8248587570621468,0.7019230769230769,0.9740518962075848,0.9818913480885312,0.9779559118236473,0.9568627450980393,0.9801980198019802,0.8839285714285714,0.9295774647887323,0.868421052631579
Original,CRF35,video55,1037,0.8977820636451301,0.8531415097472965,0.7755273216443319,0.7847451689094499,0.66567742096197,1.0,0.6666666666666666,0.8,0.6666666666666666,0.9165009940357853,1.0,0.9564315352697096,0.9165009940357853,0.7586206896551724,0.5569620253164557,0.6423357664233575,0.4731182795698925,1.0,0.908256880733945,0.9519230769230769,0.908256880733945,0.7397260273972602,1.0,0.8503937007874016,0.7397260273972602,0.5571428571428572,0.8478260869565217,0.6724137931034483,0.5064935064935064,1.0,0.4489795918367347,0.6197183098591549,0.4489795918367347
Original,CRF35,video56,1834,0.8909487459105779,0.8870763224609066,0.816851730409924,0.8133990757099319,0.7119156323409835,1.0,0.2761904761904762,0.43283582089552247,0.2761904761904762,0.8960645812310797,0.9977528089887641,0.9441786283891547,0.8942598187311178,0.8363636363636363,0.9583333333333334,0.8932038834951457,0.8070175438596491,0.9837587006960556,0.8153846153846154,0.8916929547844376,0.8045540796963947,0.625,0.9913793103448276,0.7666666666666666,0.6216216216216216,0.8921568627450981,0.875,0.883495145631068,0.7913043478260869,0.9761904761904762,0.803921568627451,0.8817204301075269,0.7884615384615384
Original,CRF35,video57,2632,0.8913373860182371,0.8949567754497371,0.8188743086297795,0.8429365662503766,0.7351420184301328,1.0,0.6068965517241379,0.7553648068669528,0.6068965517241379,0.8540209790209791,0.996938775510204,0.9199623352165724,0.8517872711421098,0.9545454545454546,0.7461928934010152,0.8376068376068376,0.7205882352941176,0.9353007945516458,0.8908108108108108,0.9125138427464009,0.8391038696537678,0.7339449541284404,0.9876543209876543,0.8421052631578947,0.7272727272727273,0.7868852459016393,0.6713286713286714,0.7245283018867925,0.5680473372781065,1.0,0.8322981366459627,0.9084745762711864,0.8322981366459627
Original,CRF35,video58,5993,0.6791256465876856,0.6420722789670938,0.6079100619759276,0.6031845682806277,0.4692264500532387,0.42857142857142855,0.1125,0.1782178217821782,0.09782608695652174,0.8807515337423313,0.6781812813699439,0.7663052543786489,0.6211465657111952,0.35828025477707004,0.33382789317507416,0.34562211981566815,0.20891364902506965,0.5022401433691757,0.8453996983408748,0.6301292861157953,0.4599917931883463,0.6,0.6610169491525424,0.6290322580645161,0.4588235294117647,0.8690476190476191,0.8081180811808119,0.8374760994263862,0.7203947368421053,0.8556149732620321,0.8163265306122449,0.8355091383812011,0.7174887892376681
Original,CRF35,video59,1046,0.9407265774378585,0.9417685717859726,0.8727530406101834,0.894859431574747,0.8184820667164135,1.0,1.0,1.0,1.0,0.9639065817409767,1.0,0.9816216216216216,0.9639065817409767,0.9824561403508771,0.7,0.8175182481751825,0.691358024691358,0.9240506329113924,1.0,0.9605263157894737,0.9240506329113924,0.9787234042553191,0.696969696969697,0.8141592920353982,0.6865671641791045,0.7432432432432432,0.9821428571428571,0.8461538461538461,0.7333333333333333,1.0,0.7301587301587301,0.8440366972477064,0.7301587301587301
Original,CRF35,video60,2532,0.7184044233807267,0.7049245021821907,0.7007118172225538,0.6544581267074161,0.561742360307829,1.0,0.8018575851393189,0.8900343642611684,0.8018575851393189,0.9446522064323112,0.7103487064116986,0.8109149277688603,0.6819654427645788,0.8809523809523809,0.8809523809523809,0.8809523809523809,0.7872340425531915,0.14831804281345565,0.9150943396226415,0.2552631578947368,0.14630467571644043,0.9150943396226415,0.8981481481481481,0.9065420560747663,0.8290598290598291,0.045454545454545456,0.031914893617021274,0.03749999999999999,0.01910828025477707,1.0,0.6666666666666666,0.8,0.6666666666666666
Original,CRF35,video61,4409,0.7963256974370606,0.8111337879761683,0.7055650101705678,0.6704897536079171,0.5335285083578102,1.0,0.6540178571428571,0.7908232118758434,0.6540178571428571,0.6245954692556634,1.0,0.7689243027888446,0.6245954692556634,0.9701492537313433,0.3403141361256545,0.5038759689922481,0.33678756476683935,1.0,0.784206411258796,0.8790534618755478,0.784206411258796,0.2066326530612245,1.0,0.34249471458773784,0.2066326530612245,0.9032258064516129,0.4,0.5544554455445545,0.3835616438356164,0.9733333333333334,0.7604166666666666,0.8538011695906432,0.7448979591836735
Original,CRF35,video62,2032,0.937992125984252,0.8743392803300039,0.8920787767205672,0.8776324552648381,0.790697388139282,1.0,0.95,0.9743589743589743,0.95,0.9537892791127541,0.9644859813084112,0.9591078066914498,0.9214285714285714,0.638095238095238,0.9571428571428572,0.7657142857142856,0.6203703703703703,0.9816232771822359,0.9157142857142857,0.9475240206947524,0.9002808988764045,0.8571428571428571,0.7777777777777778,0.8155339805825242,0.6885245901639344,0.8476190476190476,0.9175257731958762,0.8811881188118811,0.7876106194690266,0.8421052631578947,0.7619047619047619,0.8,0.6666666666666666
Original,CRF35,video63,3433,0.819691232158462,0.6559113934839269,0.7663067193642326,0.622052634504273,0.49372980064433625,1.0,0.525,0.6885245901639345,0.525,0.9413680781758957,0.9813242784380306,0.9609310058187863,0.9248,0.3813559322033898,1.0,0.5521472392638037,0.3813559322033898,1.0,0.8328227571115974,0.9087870105062082,0.8328227571115974,0.775,0.375,0.5054347826086957,0.3381818181818182,0.20152091254752852,1.0,0.33544303797468356,0.20152091254752852,0.29213483146067415,0.65,0.4031007751937985,0.2524271844660194
Original,CRF35,video64,2398,0.9103419516263553,0.8727884483628413,0.8609187573090377,0.8582121854655532,0.7635149604312318,1.0,0.9672131147540983,0.9833333333333333,0.9672131147540983,0.9979818365287588,0.9365530303030303,0.9662921348314606,0.9347826086956522,0.8198198198198198,0.883495145631068,0.850467289719626,0.7398373983739838,0.8716136631330977,0.9685863874345549,0.9175449473031618,0.847651775486827,0.6482758620689655,0.9215686274509803,0.7611336032388665,0.6143790849673203,0.7933333333333333,0.664804469273743,0.723404255319149,0.5666666666666667,0.978494623655914,0.6842105263157895,0.8053097345132744,0.674074074074074
Original,CRF35,video65,1873,0.9220501868659904,0.7323114131720588,0.7087591390135061,0.7061331528933558,0.6324182298428463,1.0,0.8835341365461847,0.9381663113006398,0.8835341365461847,0.9341692789968652,0.9988826815642458,0.9654427645788337,0.9331941544885177,0.9716981132075472,0.9537037037037037,0.9626168224299064,0.9279279279279279,1.0,0.8379446640316206,0.9118279569892473,0.8379446640316206,0.5703125,0.9358974358974359,0.7087378640776699,0.5488721804511278,0.0,0.0,0.0,0.0,0.65,0.35135135135135137,0.456140350877193,0.29545454545454547
Original,CRF35,video66,1824,0.8777412280701754,0.854468194281349,0.7052786901402384,0.7560809833286761,0.6355983057702591,1.0,0.64,0.7804878048780487,0.64,0.8543307086614174,1.0,0.921443736730361,0.8543307086614174,0.9276315789473685,0.88125,0.9038461538461539,0.8245614035087719,0.9246861924686193,0.9119669876203577,0.9182825484764543,0.8489116517285531,0.7307692307692307,0.6867469879518072,0.7080745341614907,0.5480769230769231,0.543859649122807,0.36046511627906974,0.4335664335664336,0.2767857142857143,1.0,0.45652173913043476,0.626865671641791,0.45652173913043476
Original,CRF35,video67,2353,0.8861028474288143,0.7927804796440107,0.880184762517401,0.7980805556286883,0.6878735002586366,1.0,0.6321243523316062,0.7746031746031746,0.6321243523316062,0.9187643020594966,0.9435957696827262,0.9310144927536232,0.8709327548806941,0.7851851851851852,0.9724770642201835,0.8688524590163935,0.7681159420289855,0.9752252252252253,0.8747474747474747,0.9222577209797658,0.8557312252964426,0.5343511450381679,0.8860759493670886,0.6666666666666666,0.5,0.3359375,1.0,0.5029239766081871,0.3359375,1.0,0.8522727272727273,0.9202453987730062,0.8522727272727273
Original,CRF35,video68,1972,0.8762677484787018,0.8491880917013249,0.8214784706986078,0.7933806584001056,0.6813195763788247,1.0,0.28431372549019607,0.44274809160305345,0.28431372549019607,0.9103030303030303,0.9081015719467956,0.9092009685230024,0.8335183129855716,0.7970297029702971,0.9938271604938271,0.8846153846153846,0.7931034482758621,0.9133574007220217,0.949343339587242,0.9310027598896045,0.8709122203098106,0.7586206896551724,0.9565217391304348,0.8461538461538461,0.7333333333333333,0.9708029197080292,0.6820512820512821,0.8012048192771085,0.6683417085427136,0.5942028985507246,0.9761904761904762,0.7387387387387387,0.5857142857142857
Original,CRF35,video69,4575,0.953879781420765,0.8121731031191801,0.7063243650425532,0.7494082457558463,0.6763162950296895,1.0,0.6086956521739131,0.7567567567567568,0.6086956521739131,0.9814277423099246,1.0,0.9906268306971294,0.9814277423099246,0.9931350114416476,0.84765625,0.9146469968387776,0.8427184466019417,0.9645320197044335,0.9863979848866499,0.9753424657534246,0.9518716577540107,0.7688442211055276,0.7536945812807881,0.7611940298507462,0.6144578313253012,0.0,0.0,0.0,0.0,0.9772727272727273,0.7478260869565218,0.8472906403940887,0.7350427350427351
Original,CRF35,video70,1194,0.9061976549413735,0.8629846811967486,0.7628536161351647,0.7703255506145152,0.6947769843949697,0.875,1.0,0.9333333333333333,0.875,0.9802371541501976,0.9900199600798403,0.9851042701092353,0.9706457925636007,0.9183673469387755,0.9,0.9090909090909091,0.8333333333333334,0.8298368298368298,0.9753424657534246,0.8967254408060454,0.8127853881278538,0.898989898989899,0.978021978021978,0.9368421052631579,0.8811881188118812,0.5384615384615384,0.0875,0.15053763440860213,0.08139534883720931,1.0,0.4090909090909091,0.5806451612903226,0.4090909090909091
Original,CRF35,video71,2515,0.8552683896620278,0.7564508195259132,0.608023447252233,0.6517556166285086,0.5402613876809198,1.0,0.5277777777777778,0.6909090909090909,0.5277777777777778,0.8705688375927453,0.8763485477178423,0.8734491315136477,0.775330396475771,0.7222222222222222,0.639344262295082,0.6782608695652174,0.5131578947368421,0.8342665173572228,0.8213891951488423,0.8277777777777777,0.7061611374407583,0.8680981595092024,1.0,0.9293924466338259,0.8680981595092024,0.0,0.0,0.0,0.0,1.0,0.391304347826087,0.5625,0.391304347826087
Original,CRF35,video72,3106,0.815196394075982,0.8444516705175668,0.8354316174225332,0.7984567967981986,0.6833976677444314,1.0,0.41605839416058393,0.5876288659793815,0.41605839416058393,0.8564176939811458,1.0,0.92265625,0.8564176939811458,0.74,0.9823008849557522,0.844106463878327,0.7302631578947368,1.0,0.6026711185308848,0.7520833333333333,0.6026711185308848,0.8620689655172413,0.9615384615384616,0.9090909090909091,0.8333333333333334,0.4730831973898858,0.9965635738831615,0.6415929203539823,0.4723127035830619,0.9795918367346939,0.8888888888888888,0.9320388349514563,0.8727272727272727
Original,CRF35,video73,1356,0.9528023598820059,0.9405783267218037,0.9118929774704154,0.9191216166339077,0.8546150559378949,1.0,0.9072164948453608,0.9513513513513514,0.9072164948453608,0.973724884080371,1.0,0.9866875489428347,0.973724884080371,1.0,0.7019230769230769,0.8248587570621468,0.7019230769230769,0.9218241042345277,0.9860627177700348,0.9528619528619527,0.909967845659164,0.7580645161290323,1.0,0.8623853211009175,0.7580645161290323,0.9304347826086956,0.8991596638655462,0.9145299145299145,0.84251968503937,1.0,0.8888888888888888,0.9411764705882353,0.8888888888888888
Original,CRF35,video74,1634,0.795593635250918,0.8147827614218359,0.6599106700102285,0.7080734093446743,0.6242737567337603,1.0,0.5747126436781609,0.7299270072992701,0.5747126436781609,0.9150943396226415,0.9371980676328503,0.9260143198090692,0.8622222222222222,0.9836065573770492,0.9302325581395349,0.9561752988047808,0.916030534351145,0.8349381017881705,0.8585572842998586,0.8465829846582984,0.7339782345828295,1.0,0.9313725490196079,0.9644670050761421,0.9313725490196079,0.02247191011235955,0.044444444444444446,0.029850746268656712,0.015151515151515152,0.9473684210526315,0.34285714285714286,0.5034965034965034,0.3364485981308411
Original,CRF35,video75,1923,0.6973478939157566,0.6512580966616842,0.6071940258297188,0.5876611058009938,0.4546714702146416,1.0,0.4262295081967213,0.5977011494252873,0.4262295081967213,0.4282511210762332,1.0,0.5996860282574569,0.4282511210762332,0.6153846153846154,0.7142857142857143,0.6611570247933884,0.49382716049382713,1.0,0.6157718120805369,0.7622014537902388,0.6157718120805369,0.9401709401709402,0.7971014492753623,0.8627450980392157,0.7586206896551724,0.0,0.0,0.0,0.0,0.575,0.696969696969697,0.6301369863013698,0.46
Original,CRF35,video76,2649,0.7259343148357871,0.8266227302115611,0.6380252300438256,0.624954400566324,0.4953767857285114,1.0,0.03333333333333333,0.06451612903225806,0.03333333333333333,0.9213649851632048,0.672077922077922,0.7772215269086358,0.6356192425793245,0.9855769230769231,0.4466230936819172,0.6146926536731634,0.44372294372294374,0.6212938005390836,0.9119683481701286,0.7390781563126252,0.586141131595677,0.40963855421686746,0.9855072463768116,0.5787234042553191,0.40718562874251496,0.8484848484848485,0.5833333333333334,0.691358024691358,0.5283018867924528,1.0,0.8333333333333334,0.9090909090909091,0.8333333333333334
Original,CRF35,video77,2502,0.8221422861710631,0.8438280560545983,0.8227157130637702,0.7816895976430406,0.6674665632615354,1.0,0.2784090909090909,0.43555555555555553,0.2784090909090909,0.6625239005736138,1.0,0.79700977573318,0.6625239005736138,0.984375,0.9064748201438849,0.9438202247191011,0.8936170212765957,0.9914163090128756,0.7540805223068553,0.8566131025957973,0.7491891891891892,0.7604166666666666,1.0,0.8639053254437871,0.7604166666666666,1.0,0.8200455580865603,0.9011264080100124,0.8200455580865603,0.5080645161290323,1.0,0.6737967914438503,0.5080645161290323
Original,CRF35,video78,739,0.8078484438430311,0.8416289590775445,0.6867834459668283,0.7063029388166894,0.5727592976546212,1.0,0.45454545454545453,0.625,0.45454545454545453,0.8807339449541285,1.0,0.9365853658536586,0.8807339449541285,0.6805555555555556,0.765625,0.7205882352941176,0.5632183908045977,0.7128205128205128,0.8580246913580247,0.7787114845938375,0.6376146788990825,0.7349397590361446,0.9682539682539683,0.8356164383561644,0.7176470588235294,0.8823529411764706,0.2054794520547945,0.3333333333333333,0.2,1.0,0.5555555555555556,0.7142857142857143,0.5555555555555556
Original,CRF35,video79,3414,0.8632103104862332,0.8314195156787293,0.7198459962200836,0.7125379523495664,0.5835574889957188,1.0,0.3333333333333333,0.5,0.3333333333333333,0.9738562091503268,0.8574168797953964,0.911934716082965,0.838125,0.5726872246696035,0.9701492537313433,0.7202216066481996,0.5627705627705628,0.8642681929681112,0.9741935483870968,0.915944540727903,0.8449240607513989,0.8409090909090909,0.7254901960784313,0.7789473684210527,0.6379310344827587,0.6551724137931034,0.9283387622149837,0.7681940700808626,0.6236323851203501,0.9130434782608695,0.25,0.39252336448598124,0.2441860465116279
Original,CRF35,video80,1724,0.8880510440835266,0.8188581839681636,0.7963357332351931,0.7634266748203203,0.6443360522517241,1.0,0.45614035087719296,0.6265060240963854,0.45614035087719296,0.9642166344294004,0.9240037071362373,0.9436819687647894,0.8933691756272402,0.8978102189781022,0.9318181818181818,0.9144981412639405,0.8424657534246576,0.7406340057636888,0.9771863117870723,0.8426229508196722,0.7280453257790368,0.851063829787234,0.8695652173913043,0.8602150537634409,0.7547169811320755,0.3064516129032258,0.8636363636363636,0.45238095238095233,0.2923076923076923,0.971830985915493,0.552,0.7040816326530612,0.5433070866141733
Original,CRF51,video49,1671,0.8904847396768402,0.8587380030321696,0.7988610758224413,0.8085635848535675,0.696416104759534,1.0,0.4444444444444444,0.6153846153846153,0.4444444444444444,0.836027713625866,0.9551451187335093,0.8916256157635468,0.8044444444444444,0.8043478260869565,0.5873015873015873,0.6788990825688073,0.5138888888888888,0.9565217391304348,0.9119170984455959,0.9336870026525199,0.8756218905472637,0.6428571428571429,0.8275862068965517,0.7236180904522613,0.5669291338582677,0.9416243654822335,0.958656330749354,0.9500640204865557,0.9048780487804878,0.8297872340425532,0.9069767441860465,0.8666666666666666,0.7647058823529411
Original,CRF51,video50,1094,0.8491773308957953,0.6384850402927905,0.47569583607540683,0.48238545062427785,0.40551734573816167,1.0,0.13432835820895522,0.2368421052631579,0.13432835820895522,0.8449111470113085,0.9159369527145359,0.8789915966386554,0.7841079460269865,0.0,0.0,0.0,0.0,0.8680738786279684,0.9909638554216867,0.9254571026722925,0.8612565445026178,0.7564102564102564,0.9672131147540983,0.8489208633093525,0.7375,0.0,0.0,0.0,0.0,1.0,0.32142857142857145,0.4864864864864865,0.32142857142857145
Original,CRF51,video51,2944,0.7680027173913043,0.8675698657825287,0.8125342243337885,0.7756696103772255,0.6874953258327435,1.0,0.9243697478991597,0.9606986899563319,0.9243697478991597,0.9437609841827768,0.9512843224092117,0.9475077194530216,0.9002514668901928,1.0,0.12025316455696203,0.21468926553672318,0.12025316455696203,0.5035149384885764,0.9518272425249169,0.6586206896551724,0.4910025706940874,0.7099236641221374,1.0,0.8303571428571428,0.7099236641221374,0.9157894736842105,0.93048128342246,0.9230769230769232,0.8571428571428571,1.0,0.8095238095238095,0.8947368421052632,0.8095238095238095
Original,CRF51,video52,1966,0.8865717192268565,0.9178504663011083,0.8750378277682992,0.8765214254639945,0.7970773780024629,0.9801980198019802,0.9,0.9383886255924171,0.8839285714285714,0.735202492211838,0.9957805907172996,0.8458781362007168,0.7329192546583851,0.9731543624161074,0.4434250764525994,0.6092436974789915,0.4380664652567976,0.9439024390243902,0.9872448979591837,0.9650872817955112,0.9325301204819277,0.8072289156626506,1.0,0.8933333333333333,0.8072289156626506,0.9852670349907919,0.9727272727272728,0.9789569990850869,0.9587813620071685,1.0,0.8260869565217391,0.9047619047619047,0.8260869565217391
Original,CRF51,video53,3283,0.92902832774901,0.8600039569941351,0.7485072082674888,0.7540048510260416,0.6401217179315094,1.0,0.44776119402985076,0.6185567010309279,0.44776119402985076,0.9288135593220339,1.0,0.9630931458699473,0.9288135593220339,0.782051282051282,0.7176470588235294,0.7484662576687117,0.5980392156862745,0.9906759906759907,0.9564891222805701,0.9732824427480915,0.9479553903345725,0.3698630136986301,0.8709677419354839,0.5192307692307693,0.35064935064935066,0.9486238532110092,0.8689075630252101,0.9070175438596492,0.8298555377207063,1.0,0.37777777777777777,0.5483870967741935,0.37777777777777777
Original,CRF51,video54,3100,0.7887096774193548,0.8413501935501947,0.6769767894306487,0.6836736330364587,0.5567901895674476,1.0,0.136,0.23943661971830985,0.136,0.6853348729792148,1.0,0.8132922233641658,0.6853348729792148,0.8068181818181818,0.3641025641025641,0.5017667844522968,0.33490566037735847,1.0,0.601536772777168,0.7511994516792324,0.601536772777168,0.6697247706422018,1.0,0.8021978021978022,0.6697247706422018,0.9254901960784314,0.9496981891348089,0.9374379344587885,0.8822429906542056,0.8020833333333334,0.6875,0.7403846153846154,0.5877862595419847
Original,CRF51,video55,1037,0.8611378977820636,0.8657301496108376,0.6425783991609241,0.6372945109749709,0.5346351229376646,1.0,0.42857142857142855,0.6,0.42857142857142855,0.8831417624521073,1.0,0.9379450661241098,0.8831417624521073,1.0,0.012658227848101266,0.024999999999999998,0.012658227848101266,0.9161849710982659,0.9694189602446484,0.9420505200594353,0.8904494382022472,0.7941176470588235,1.0,0.8852459016393442,0.7941176470588235,0.4666666666666667,0.7608695652173914,0.578512396694215,0.4069767441860465,1.0,0.32653061224489793,0.4923076923076923,0.32653061224489793
Original,CRF51,video56,1834,0.8631406761177753,0.8695568897043329,0.7008981709394633,0.7133464366204944,0.5933916495891286,1.0,0.11428571428571428,0.20512820512820512,0.11428571428571428,0.8725490196078431,1.0,0.9319371727748691,0.8725490196078431,0.8378378378378378,0.6458333333333334,0.7294117647058824,0.5740740740740741,0.9815242494226328,0.8173076923076923,0.8919202518363064,0.8049242424242424,0.558252427184466,0.9913793103448276,0.7142857142857143,0.5555555555555556,0.8367346938775511,0.7884615384615384,0.8118811881188118,0.6833333333333333,1.0,0.5490196078431373,0.7088607594936709,0.5490196078431373
Original,CRF51,video57,2632,0.6778115501519757,0.7653322767600031,0.6595842620435183,0.6486998436944693,0.5091569454537692,1.0,0.10344827586206896,0.1875,0.10344827586206896,0.6768867924528302,0.5857142857142857,0.6280087527352298,0.45773524720893144,0.5894736842105263,0.8527918781725888,0.6970954356846473,0.535031847133758,0.6561954624781849,0.812972972972973,0.7262192177691935,0.5701288855193328,0.7476635514018691,0.9876543209876543,0.8510638297872339,0.7407407407407407,0.7043478260869566,0.5664335664335665,0.6279069767441859,0.4576271186440678,0.9827586206896551,0.7080745341614907,0.8231046931407943,0.6993865030674846
Original,CRF51,video58,5993,0.6025362923410645,0.5571349329234322,0.4721260010877581,0.4794686808184497,0.35388307978851824,0.37209302325581395,0.2,0.2601626016260163,0.14953271028037382,0.7923802866130724,0.6693238854443461,0.7256722151088348,0.5694549108264255,0.2631578947368421,0.01483679525222552,0.028089887640449437,0.014245014245014245,0.3727833461835004,0.729260935143288,0.4933673469387756,0.32746359634270233,0.4146341463414634,0.288135593220339,0.33999999999999997,0.20481927710843373,0.7395833333333334,0.7859778597785978,0.7620751341681575,0.615606936416185,0.9453125,0.6173469387755102,0.7469135802469136,0.5960591133004927
Original,CRF51,video59,1046,0.8690248565965584,0.8758931233630906,0.6806799473629219,0.7255509660649141,0.6040446006528184,1.0,0.34285714285714286,0.5106382978723404,0.34285714285714286,0.8549905838041432,1.0,0.9218274111675128,0.8549905838041432,0.8,0.25,0.38095238095238093,0.23529411764705882,0.9119496855345912,0.9931506849315068,0.9508196721311475,0.90625,0.8541666666666666,0.6212121212121212,0.7192982456140351,0.5616438356164384,0.7101449275362319,0.875,0.7839999999999999,0.6447368421052632,1.0,0.6825396825396826,0.8113207547169812,0.6825396825396826
Original,CRF51,video60,2532,0.745260663507109,0.6282146580916247,0.5260492258318499,0.5101751996440268,0.3823729437220531,1.0,0.2631578947368421,0.4166666666666667,0.2631578947368421,0.8529886914378029,0.890888638920135,0.8715268225584595,0.7723061921014139,0.5057471264367817,0.5238095238095238,0.5146198830409356,0.3464566929133858,0.260989010989011,0.8962264150943396,0.4042553191489362,0.25333333333333335,0.7777777777777778,0.5185185185185185,0.6222222222222222,0.45161290322580644,0.0,0.0,0.0,0.0,1.0,0.5897435897435898,0.7419354838709677,0.5897435897435898
Original,CRF51,video61,4409,0.7849852574279882,0.6104844318602112,0.6601537969318019,0.588172547141525,0.46039274889637827,1.0,0.45982142857142855,0.6299694189602446,0.45982142857142855,0.590458488228005,0.9875647668393782,0.7390461419154711,0.5861008610086101,0.0,0.0,0.0,0.0,0.975462962962963,0.8236903831118061,0.8931750741839762,0.806970509383378,0.32270916334661354,1.0,0.4879518072289157,0.32270916334661354,0.6268656716417911,0.6,0.6131386861313868,0.4421052631578947,0.7578947368421053,0.75,0.7539267015706805,0.6050420168067226
Original,CRF51,video62,2032,0.8375984251968503,0.906365029170295,0.79748673716631,0.8341395560978017,0.7246678706657104,1.0,0.75,0.8571428571428571,0.75,0.8659695817490495,0.8514018691588785,0.8586239396795478,0.7522708505367465,1.0,0.8857142857142857,0.9393939393939393,0.8857142857142857,0.776551724137931,0.8042857142857143,0.7901754385964913,0.6531322505800464,0.88,0.8148148148148148,0.8461538461538461,0.7333333333333333,0.8220338983050848,1.0,0.9023255813953489,0.8220338983050848,1.0,0.47619047619047616,0.6451612903225806,0.47619047619047616
Original,CRF51,video63,3433,0.6845324788814448,0.5536953284634387,0.6199543793721144,0.5166230253319607,0.41654284862491975,1.0,0.5333333333333333,0.6956521739130436,0.5333333333333333,0.917910447761194,0.8353140916808149,0.8746666666666666,0.7772511848341233,0.6984126984126984,0.9777777777777777,0.8148148148148148,0.6875,0.9438982070561018,0.7142231947483588,0.8131539611360239,0.6851385390428212,0.034482758620689655,0.004032258064516129,0.007220216606498196,0.0036231884057971015,0.1119324181626188,1.0,0.201329534662868,0.1119324181626188,0.16923076923076924,0.275,0.20952380952380953,0.11702127659574468
Original,CRF51,video64,2398,0.7919099249374478,0.6618339454866179,0.71384499315653,0.6662660614588122,0.5516283090578703,0.6853932584269663,1.0,0.8133333333333332,0.6853932584269663,0.9771689497716894,0.8106060606060606,0.8861283643892339,0.7955390334572491,0.0,0.0,0.0,0.0,0.6770310932798396,0.8835078534031413,0.7666098807495741,0.6215469613259669,0.47715736040609136,0.9215686274509803,0.6287625418060201,0.4585365853658537,0.8260869565217391,0.6368715083798883,0.719242902208202,0.5615763546798029,0.99,0.7443609022556391,0.8497854077253219,0.7388059701492538
Original,CRF51,video65,1873,0.9540843566470902,0.7986801189914606,0.7567377279268321,0.7764370341285358,0.7188038636009006,1.0,0.8995983935742972,0.9471458773784355,0.8995983935742972,0.9421052631578948,1.0,0.970189701897019,0.9421052631578948,0.9333333333333333,0.9074074074074074,0.9201877934272301,0.8521739130434782,1.0,0.9426877470355731,0.970498474059003,0.9426877470355731,0.9577464788732394,0.8717948717948718,0.9127516778523489,0.8395061728395061,0.0,0.0,0.0,0.0,0.7575757575757576,0.6756756756756757,0.7142857142857142,0.5555555555555556
Original,CRF51,video66,1824,0.8377192982456141,0.713069611762897,0.6471786582713097,0.6612067812387463,0.5600139999168626,1.0,0.44,0.6111111111111112,0.44,0.7448512585812357,1.0,0.8537704918032787,0.7448512585812357,0.0,0.0,0.0,0.0,0.9883211678832117,0.9312242090784044,0.9589235127478755,0.9210884353741496,0.6363636363636364,0.6746987951807228,0.6549707602339182,0.48695652173913045,0.6219512195121951,0.5930232558139535,0.6071428571428572,0.4358974358974359,1.0,0.8913043478260869,0.9425287356321839,0.8913043478260869
Original,CRF51,video67,2353,0.8631534211644709,0.7794417390400926,0.8346680393171756,0.7601148058261966,0.6439357699511409,1.0,0.48704663212435234,0.6550522648083624,0.48704663212435234,0.8923913043478261,0.9647473560517039,0.927159796725014,0.8642105263157894,0.7685185185185185,0.7614678899082569,0.7649769585253455,0.6194029850746269,0.9622425629290617,0.8494949494949495,0.9023605150214593,0.8220918866080157,0.5537190082644629,0.8481012658227848,0.67,0.5037593984962406,0.2792207792207792,1.0,0.4365482233502538,0.2792207792207792,1.0,0.9318181818181818,0.9647058823529412,0.9318181818181818
Original,CRF51,video68,1972,0.8930020283975659,0.8621624119793184,0.8234711011611232,0.8007051502205035,0.6923921754161696,1.0,0.30392156862745096,0.46616541353383456,0.30392156862745096,0.908256880733945,0.9576783555018138,0.9323131253678634,0.8732083792723263,0.9141104294478528,0.9197530864197531,0.9169230769230768,0.8465909090909091,0.9429097605893186,0.9606003752345216,0.9516728624535316,0.9078014184397163,0.6448598130841121,1.0,0.7840909090909091,0.6448598130841121,0.984375,0.6461538461538462,0.780185758513932,0.6395939086294417,0.640625,0.9761904761904762,0.7735849056603773,0.6307692307692307
Original,CRF51,video69,4575,0.8537704918032787,0.7856528054702618,0.5678946842316079,0.5960645504349671,0.512097557591866,1.0,0.4057971014492754,0.577319587628866,0.4057971014492754,0.9547018348623854,0.9846244825547014,0.9694323144104804,0.940677966101695,1.0,0.05859375,0.11070110701107011,0.05859375,0.8044831880448319,0.9763224181360202,0.8821119708693673,0.7890879478827362,0.7403846153846154,0.7586206896551724,0.7493917274939174,0.5992217898832685,0.0,0.0,0.0,0.0,1.0,0.7913043478260869,0.883495145631068,0.7913043478260869
Original,CRF51,video70,1194,0.7914572864321608,0.6942529693085872,0.6316311525266902,0.5955061031103936,0.49770186208968165,0.8333333333333334,1.0,0.9090909090909091,0.8333333333333334,0.8151815181518152,0.9860279441117764,0.892502258355917,0.8058727569331158,0.0,0.0,0.0,0.0,0.9111842105263158,0.7589041095890411,0.8281016442451421,0.7066326530612245,0.4970414201183432,0.9230769230769231,0.6461538461538462,0.4772727272727273,0.803030303030303,0.6625,0.726027397260274,0.5698924731182796,1.0,0.09090909090909091,0.16666666666666669,0.09090909090909091
Original,CRF51,video71,2515,0.8743538767395627,0.6601139487969434,0.4803391158246995,0.5114600063875183,0.4323478061182969,1.0,0.2222222222222222,0.3636363636363636,0.2222222222222222,0.9025862068965518,0.8688796680497926,0.8854122621564483,0.7943854324734446,0.0,0.0,0.0,0.0,0.8447937131630648,0.948180815876516,0.8935064935064936,0.8075117370892019,0.8734177215189873,0.9752650176678446,0.9215358931552589,0.8544891640866873,0.0,0.0,0.0,0.0,1.0,0.34782608695652173,0.5161290322580645,0.34782608695652173
Original,CRF51,video72,3106,0.8515775917578879,0.860102726043403,0.8133724329157893,0.808603143636071,0.6873047651809656,1.0,0.45255474452554745,0.6231155778894472,0.45255474452554745,0.8287769784172662,0.9754445385266723,0.8961493582263711,0.8118393234672304,0.9052631578947369,0.7610619469026548,0.826923076923077,0.7049180327868853,0.9674620390455532,0.7445742904841403,0.8415094339622642,0.7263843648208469,0.6517857142857143,0.9358974358974359,0.768421052631579,0.6239316239316239,0.6674311926605505,1.0,0.8005502063273728,0.6674311926605505,1.0,0.8240740740740741,0.9035532994923858,0.8240740740740741
Original,CRF51,video73,1356,0.9380530973451328,0.9494118265393554,0.8757056350525252,0.9036436758748724,0.8300104591415675,1.0,0.6907216494845361,0.8170731707317073,0.6907216494845361,0.9143686502177069,1.0,0.9552691432903715,0.9143686502177069,0.9605263157894737,0.7019230769230769,0.811111111111111,0.6822429906542056,0.9895470383275261,0.9895470383275261,0.9895470383275261,0.9793103448275862,0.8846153846153846,0.9787234042553191,0.9292929292929293,0.8679245283018868,0.8968253968253969,0.9495798319327731,0.9224489795918367,0.8560606060606061,1.0,0.8194444444444444,0.9007633587786259,0.8194444444444444
Original,CRF51,video74,1634,0.6634026927784578,0.7817173329046071,0.6632735102771948,0.6649805591269858,0.53384847186135,1.0,0.6091954022988506,0.7571428571428571,0.6091954022988506,0.8574712643678161,0.9009661835748792,0.8786808009422851,0.7836134453781513,0.8938053097345132,0.7829457364341085,0.8347107438016528,0.7163120567375887,0.8189655172413793,0.5374823196605375,0.6490179333902648,0.4804045512010114,0.9069767441860465,0.7647058823529411,0.8297872340425532,0.7090909090909091,0.14864864864864866,0.7333333333333333,0.24719101123595505,0.14102564102564102,0.8461538461538461,0.3142857142857143,0.45833333333333337,0.2972972972972973
Original,CRF51,video75,1923,0.7992719708788352,0.6498220870908884,0.5193735541754511,0.5383775794944625,0.4486714570676475,1.0,0.30327868852459017,0.46540880503144655,0.30327868852459017,0.5290858725761773,1.0,0.6920289855072465,0.5290858725761773,0.043478260869565216,0.017857142857142856,0.02531645569620253,0.01282051282051282,1.0,0.8171140939597316,0.8993536472760849,0.8171140939597316,0.9761904761904762,0.8913043478260869,0.9318181818181818,0.8723404255319149,0.0,0.0,0.0,0.0,1.0,0.6060606060606061,0.7547169811320755,0.6060606060606061
Original,CRF51,video76,2649,0.6976217440543602,0.8637640523995629,0.6188159755704578,0.6197943355399725,0.49956375905926187,1.0,0.13333333333333333,0.23529411764705882,0.13333333333333333,0.9595645412130638,0.6677489177489178,0.7874920229738354,0.6494736842105263,0.9722222222222222,0.07625272331154684,0.14141414141414144,0.07608695652173914,0.5797351755900979,0.9960435212660732,0.7328966521106259,0.5784032165422172,0.7263157894736842,1.0,0.8414634146341463,0.7263157894736842,0.8085106382978723,0.7916666666666666,0.7999999999999999,0.6666666666666666,1.0,0.6666666666666666,0.8,0.6666666666666666
Original,CRF51,video77,2502,0.903277378097522,0.8880952024811818,0.8434197053030074,0.8230942548248877,0.7336225862756124,1.0,0.2727272727272727,0.42857142857142855,0.2727272727272727,0.8030127462340672,1.0,0.8907455012853469,0.8030127462340672,0.975,0.841726618705036,0.9034749034749034,0.823943661971831,0.9911012235817576,0.969532100108814,0.9801980198019803,0.9611650485436893,0.9090909090909091,0.958904109589041,0.9333333333333333,0.875,1.0,0.8610478359908884,0.9253365973072215,0.8610478359908884,0.5384615384615384,1.0,0.7000000000000001,0.5384615384615384
Original,CRF51,video78,739,0.7618403247631935,0.7710435565255536,0.5902251889409423,0.6172999281434077,0.4776425752185221,1.0,0.4090909090909091,0.5806451612903226,0.4090909090909091,0.8135593220338984,1.0,0.897196261682243,0.8135593220338984,0.65,0.40625,0.5000000000000001,0.3333333333333333,0.7135922330097088,0.9074074074074074,0.798913043478261,0.665158371040724,0.6746987951807228,0.8888888888888888,0.7671232876712328,0.6222222222222222,0.5454545454545454,0.1643835616438356,0.2526315789473684,0.14457831325301204,1.0,0.35555555555555557,0.5245901639344263,0.35555555555555557
Original,CRF51,video79,3414,0.8195664909197422,0.7992904699675168,0.6837589298089294,0.6651565169489608,0.5268048925122629,1.0,0.25925925925925924,0.4117647058823529,0.25925925925925924,0.9749240121580547,0.8203324808184144,0.8909722222222222,0.8033813400125235,0.6175115207373272,1.0,0.7635327635327636,0.6175115207373272,0.7711927981995499,0.9474654377880184,0.8502894954507858,0.739568345323741,0.6363636363636364,0.8235294117647058,0.717948717948718,0.56,0.5950413223140496,0.7035830618892508,0.6447761194029851,0.47577092511013214,1.0,0.23214285714285715,0.37681159420289856,0.23214285714285715
Original,CRF51,video80,1724,0.6902552204176334,0.6350620224230099,0.4766435914070043,0.46753115376087395,0.3469358627971727,1.0,0.10526315789473684,0.1904761904761905,0.10526315789473684,0.9015421115065243,0.7043558850787767,0.7908428720083247,0.6540447504302926,0.8181818181818182,0.75,0.7826086956521738,0.6428571428571429,0.3984375,0.9695817490494296,0.5647840531561461,0.39351851851851855,0.32727272727272727,0.391304347826087,0.3564356435643564,0.21686746987951808,0.0,0.0,0.0,0.0,1.0,0.416,0.5875706214689266,0.416
CRF18,Original,video49,1671,0.9347695990424896,0.9067718162468766,0.9435961120784458,0.9195563018348375,0.8584705656761605,1.0,0.9333333333333333,0.9655172413793104,0.9333333333333333,0.98125,0.8284960422163589,0.898426323319027,0.8155844155844156,0.6344086021505376,0.9365079365079365,0.7564102564102564,0.6082474226804123,0.9264214046822743,0.9568221070811744,0.9413763806287171,0.8892455858747994,0.8936170212765957,0.9655172413793104,0.9281767955801106,0.865979381443299,0.9769230769230769,0.9844961240310077,0.9806949806949806,0.9621212121212122,0.9347826086956522,1.0,0.9662921348314606,0.9347826086956522
CRF18,Original,video50,1094,0.6361974405850092,0.7336405529953918,0.5139187559427655,0.5405896166153676,0.40944384851638826,1.0,0.23880597014925373,0.38554216867469876,0.23880597014925373,0.8354838709677419,0.45359019264448336,0.5879682179341656,0.41639871382636656,1.0,0.45714285714285713,0.6274509803921569,0.45714285714285713,0.5,1.0,0.6666666666666666,0.5,0.8,0.9836065573770492,0.8823529411764706,0.7894736842105263,0.0,0.0,0.0,0.0,1.0,0.4642857142857143,0.6341463414634146,0.4642857142857143
CRF18,Original,video51,2944,0.6722146739130435,0.860774377707382,0.7949431961378278,0.7890663536933625,0.6804522081747945,1.0,0.9789915966386554,0.989384288747346,0.9789915966386554,0.9719789842381786,0.491585473870682,0.6529411764705882,0.4847161572052402,0.8516320474777448,0.4541139240506329,0.5923632610939112,0.4208211143695015,0.40816326530612246,0.9966777408637874,0.5791505791505792,0.4076086956521739,0.8969072164948454,0.9354838709677419,0.9157894736842105,0.8446601941747572,0.8967391304347826,0.8823529411764706,0.889487870619946,0.8009708737864077,1.0,0.8253968253968254,0.9043478260869565,0.8253968253968254
CRF18,Original,video52,1966,0.9415055951169888,0.9439787635059236,0.9315241458445392,0.9321230010342507,0.8767227124358062,0.9401709401709402,1.0,0.9691629955947136,0.9401709401709402,0.8475499092558983,0.9852320675105485,0.911219512195122,0.8369175627240143,0.9917695473251029,0.7370030581039755,0.8456140350877194,0.7325227963525835,0.9948849104859335,0.9923469387755102,0.9936143039591314,0.9873096446700508,0.8481012658227848,1.0,0.9178082191780821,0.8481012658227848,0.9853747714808044,0.98,0.9826800364630812,0.9659498207885304,1.0,0.8260869565217391,0.9047619047619047,0.8260869565217391
CRF18,Original,video53,3283,0.8754188242461164,0.7732209388750076,0.8515733900211175,0.7575721104646693,0.6472581671116513,1.0,0.8507462686567164,0.9193548387096774,0.8507462686567164,0.9894179894179894,0.8531021897810219,0.9162175404213622,0.8453887884267631,0.4941860465116279,1.0,0.6614785992217899,0.4941860465116279,0.991492652745553,0.9617404351087772,0.9763899466869764,0.9538690476190477,0.21678321678321677,1.0,0.3563218390804598,0.21678321678321677,0.854,0.7176470588235294,0.7799086757990867,0.6392215568862275,0.8666666666666667,0.5777777777777777,0.6933333333333332,0.5306122448979592
CRF18,Original,video54,3100,0.9416129032258065,0.9195638608450168,0.9138475220429504,0.9101782209242547,0.8388996147963655,1.0,0.728,0.8425925925925926,0.728,0.9095785440613027,1.0,0.9526484751203852,0.9095785440613027,0.9639175257731959,0.958974358974359,0.9614395886889461,0.9257425742574258,1.0,0.9045005488474204,0.9498559077809797,0.9045005488474204,0.7448979591836735,1.0,0.8538011695906433,0.7448979591836735,0.9723991507430998,0.9215291750503019,0.9462809917355373,0.8980392156862745,0.8461538461538461,0.8839285714285714,0.8646288209606988,0.7615384615384615
CRF18,Original,video55,1037,0.9296046287367405,0.8639083522723255,0.8636816700371979,0.8446240748441688,0.7491684528847672,0.8076923076923077,1.0,0.8936170212765957,0.8076923076923077,0.9661016949152542,0.9891540130151844,0.977491961414791,0.9559748427672956,0.8970588235294118,0.7721518987341772,0.8299319727891157,0.7093023255813954,0.9935691318327974,0.944954128440367,0.9686520376175548,0.939209726443769,0.8412698412698413,0.9814814814814815,0.905982905982906,0.828125,0.5416666666666666,0.8478260869565217,0.6610169491525423,0.4936708860759494,1.0,0.5102040816326531,0.6756756756756758,0.5102040816326531
CRF18,Original,video56,1834,0.7540894220283533,0.8093252941312078,0.8048332513645043,0.7776427666191345,0.6414044858320969,1.0,0.5142857142857142,0.6792452830188679,0.5142857142857142,0.9196850393700787,0.6561797752808989,0.7659016393442624,0.620616365568544,0.6617647058823529,0.9375,0.7758620689655172,0.6338028169014085,0.6061827956989247,0.8673076923076923,0.713607594936709,0.5547355473554736,0.6236559139784946,1.0,0.7682119205298014,0.6236559139784946,0.8796296296296297,0.9134615384615384,0.8962264150943395,0.811965811965812,0.9743589743589743,0.7450980392156863,0.8444444444444443,0.7307692307692307
CRF18,Original,video57,2632,0.7849544072948328,0.8405983182671484,0.8442868408099617,0.8135825236245002,0.7090392380533314,0.9863013698630136,0.993103448275862,0.9896907216494845,0.9795918367346939,0.9980237154150198,0.5153061224489796,0.6796769851951547,0.5147808358817533,0.42691415313225056,0.934010152284264,0.5859872611464968,0.4144144144144144,0.7634408602150538,0.9978378378378379,0.8650421743205249,0.7621800165152767,0.8953488372093024,0.9506172839506173,0.9221556886227545,0.8555555555555555,0.8141592920353983,0.6433566433566433,0.71875,0.5609756097560976,1.0,0.8757763975155279,0.9337748344370861,0.8757763975155279
CRF18,Original,video58,5993,0.6439179042215919,0.7167993105189316,0.7423384533240159,0.6982284086653612,0.5512949616000273,0.7714285714285715,0.675,0.72,0.5625,0.9639289678135405,0.5128432240921169,0.6694931586047408,0.5031865585168018,0.34186284544524054,0.49554896142433236,0.4046032707450031,0.2536066818526955,0.5011363636363636,0.997737556561086,0.6671709531013615,0.5005675368898979,0.75,0.9661016949152542,0.8444444444444443,0.7307692307692307,0.978494623655914,0.6715867158671587,0.7964989059080964,0.6618181818181819,0.7107438016528925,0.8775510204081632,0.7853881278538812,0.6466165413533834
CRF18,Original,video59,1046,0.9330783938814532,0.8912847595178423,0.8606220321528691,0.869271834381439,0.7792281744618987,0.8333333333333334,1.0,0.9090909090909091,0.8333333333333334,0.9802631578947368,0.9845814977973568,0.9824175824175824,0.9654427645788337,1.0,0.8125,0.896551724137931,0.8125,0.926984126984127,1.0,0.9621087314662273,0.926984126984127,0.8,0.7272727272727273,0.761904761904762,0.6153846153846154,0.6984126984126984,0.7857142857142857,0.7394957983193275,0.5866666666666667,1.0,0.7142857142857143,0.8333333333333333,0.7142857142857143
CRF18,Original,video60,2532,0.5513428120063191,0.6231950766519342,0.6855697983476814,0.5700072884137939,0.4811592570139459,1.0,0.9690402476780186,0.9842767295597483,0.9690402476780186,0.981203007518797,0.4403824521934758,0.607919254658385,0.43669827105409925,0.8214285714285714,0.8214285714285714,0.8214285714285714,0.696969696969697,0.08546255506607929,0.9150943396226415,0.1563255439161966,0.08479020979020979,0.8770491803278688,0.9907407407407407,0.9304347826086956,0.8699186991869918,0.25,0.02127659574468085,0.0392156862745098,0.02,0.3472222222222222,0.6410256410256411,0.45045045045045046,0.29069767441860467
CRF18,Original,video61,4409,0.8963483783170787,0.7796666745594223,0.7484615308391138,0.7304555349403011,0.6059945661868171,1.0,0.8370535714285714,0.9113001215066828,0.8370535714285714,0.9219251336898395,0.8932642487046633,0.9073684210526315,0.8304431599229287,0.775,0.32460732984293195,0.4575645756457565,0.2966507177033493,0.9201492537313433,0.9640344018764659,0.9415807560137457,0.8896103896103896,0.5357142857142857,0.9259259259259259,0.6787330316742082,0.5136986301369864,0.8048780487804879,0.4714285714285714,0.5945945945945947,0.4230769230769231,0.5,0.8229166666666666,0.6220472440944882,0.4514285714285714
CRF18,Original,video62,2032,0.8110236220472441,0.9205076334663208,0.9198508515180918,0.9095173140844025,0.843412788244489,1.0,1.0,1.0,1.0,0.9985835694050992,0.6588785046728972,0.793918918918919,0.6582633053221288,0.96875,0.8857142857142857,0.9253731343283582,0.8611111111111112,0.651031894934334,0.9914285714285714,0.7859569648924123,0.6473880597014925,0.8833333333333333,0.9814814814814815,0.9298245614035088,0.8688524590163934,0.9894736842105263,0.9690721649484536,0.9791666666666666,0.9591836734693877,0.9523809523809523,0.9523809523809523,0.9523809523809523,0.9090909090909091
CRF18,Original,video63,3433,0.8188173609088261,0.7160639782356819,0.783288337437966,0.6996872016930296,0.575451674506623,1.0,0.6916666666666667,0.8177339901477833,0.6916666666666667,0.997134670487106,0.5908319185059423,0.7420042643923241,0.5898305084745763,0.7894736842105263,1.0,0.8823529411764706,0.7894736842105263,0.8932210899424015,0.8822757111597375,0.8877146631439895,0.7980997624703088,0.8368200836820083,0.8064516129032258,0.8213552361396304,0.6968641114982579,0.2857142857142857,0.8867924528301887,0.432183908045977,0.2756598240469208,0.21008403361344538,0.625,0.31446540880503143,0.1865671641791045
CRF18,Original,video64,2398,0.8140116763969975,0.8697864658973701,0.8607332429566713,0.8498094227357557,0.7419624011675704,0.7176470588235294,1.0,0.8356164383561643,0.7176470588235294,1.0,0.6647727272727273,0.7986348122866894,0.6647727272727273,0.9213483146067416,0.7961165048543689,0.8541666666666666,0.7454545454545455,0.6614447345517842,0.9947643979057592,0.7945635128071092,0.6591500433651344,0.8807339449541285,0.9411764705882353,0.909952606635071,0.8347826086956521,0.9241379310344827,0.7486033519553073,0.8271604938271605,0.7052631578947368,0.9831932773109243,0.8796992481203008,0.9285714285714285,0.8666666666666667
CRF18,Original,video65,1873,0.9519487453283503,0.7445041922695553,0.7830400000562799,0.7578864903498488,0.6929997515353126,1.0,0.8473895582329317,0.9173913043478261,0.8473895582329317,0.9731843575418995,0.9731843575418995,0.9731843575418995,0.9477693144722524,0.7954545454545454,0.9722222222222222,0.875,0.7777777777777778,1.0,0.9802371541501976,0.9900199600798403,0.9802371541501976,0.8974358974358975,0.8974358974358975,0.8974358974358975,0.813953488372093,0.0,0.0,0.0,0.0,0.5454545454545454,0.8108108108108109,0.6521739130434782,0.4838709677419355
CRF18,Original,video66,1824,0.9479166666666666,0.884545597842105,0.8713369880843563,0.8750776987863537,0.7981508160956086,0.8333333333333334,1.0,0.9090909090909091,0.8333333333333334,0.9923195084485407,0.9923195084485407,0.9923195084485407,0.9847560975609756,0.9221556886227545,0.9625,0.9418960244648319,0.8901734104046243,0.9533333333333334,0.9834938101788171,0.9681787406905891,0.9383202099737533,0.8194444444444444,0.7108433734939759,0.7612903225806451,0.6145833333333334,0.6712328767123288,0.5697674418604651,0.6163522012578616,0.44545454545454544,1.0,0.8804347826086957,0.9364161849710982,0.8804347826086957
CRF18,Original,video67,2353,0.8355291117722057,0.7676615288211632,0.8595998314020468,0.7895833151724944,0.6827000464321836,1.0,0.927461139896373,0.9623655913978495,0.927461139896373,0.9794303797468354,0.72737955346651,0.834794335805799,0.7164351851851852,0.7898550724637681,1.0,0.8825910931174089,0.7898550724637681,0.8110599078341014,0.8888888888888888,0.8481927710843373,0.7364016736401674,0.48026315789473684,0.9240506329113924,0.6320346320346321,0.4620253164556962,0.3258426966292135,0.6744186046511628,0.4393939393939394,0.2815533980582524,0.9871794871794872,0.875,0.927710843373494,0.8651685393258427
CRF18,Original,video68,1972,0.8914807302231237,0.8542010114718523,0.8744320144493167,0.8389197413763455,0.7313109543652995,1.0,0.6666666666666666,0.8,0.6666666666666666,0.9567430025445293,0.909310761789601,0.9324240545567267,0.8734030197444832,0.8895027624309392,0.9938271604938271,0.9387755102040816,0.8846153846153846,0.8879159369527145,0.9512195121951219,0.9184782608695652,0.8492462311557789,0.6699029126213593,1.0,0.8023255813953488,0.6699029126213593,1.0,0.6,0.7499999999999999,0.6,0.5753424657534246,1.0,0.7304347826086955,0.5753424657534246
CRF18,Original,video69,4575,0.9645901639344262,0.8199636919322069,0.7880122005272758,0.8025851789146093,0.7596381393728994,0.9324324324324325,1.0,0.965034965034965,0.9324324324324325,1.0,0.9810762862211709,0.9904477611940298,0.9810762862211709,0.9978540772532188,0.908203125,0.9509202453987731,0.9064327485380117,0.9637076998528691,0.9899244332493703,0.9766401590457257,0.9543467702768335,0.8555555555555555,0.7586206896551724,0.804177545691906,0.6724890829694323,0.0,0.0,0.0,0.0,0.9901960784313726,0.8782608695652174,0.9308755760368664,0.8706896551724138
CRF18,Original,video70,1194,0.9011725293132329,0.7621776844375301,0.7666670565334686,0.7433621019755747,0.6728826790405525,0.660377358490566,1.0,0.7954545454545454,0.660377358490566,0.9958762886597938,0.9640718562874252,0.9797160243407709,0.9602385685884692,0.9603960396039604,0.97,0.9651741293532338,0.9326923076923077,0.81859410430839,0.989041095890411,0.8957816377171216,0.8112359550561797,0.9,0.989010989010989,0.9424083769633509,0.8910891089108911,0.0,0.0,0.0,0.0,1.0,0.45454545454545453,0.625,0.45454545454545453
CRF18,Original,video71,2515,0.8612326043737575,0.7722563291488829,0.7364118628481914,0.746602389024028,0.6693017714334576,1.0,0.9722222222222222,0.9859154929577464,0.9722222222222222,0.993485342019544,0.7593360995850622,0.8607714016933208,0.7555739058629232,0.8852459016393442,0.8852459016393442,0.8852459016393442,0.7941176470588235,0.7510729613733905,0.9647188533627343,0.8445945945945946,0.7309941520467836,0.900990099009901,0.9646643109540636,0.931740614334471,0.8722044728434505,0.0,0.0,0.0,0.0,0.875,0.6086956521739131,0.717948717948718,0.56
CRF18,Original,video72,3106,0.8737926593689633,0.8476945617488492,0.8682604265046431,0.840503521069485,0.7347954598222485,1.0,0.5693430656934306,0.7255813953488371,0.5693430656934306,0.9476843910806175,0.9356477561388654,0.9416276097145292,0.8896940418679549,0.888,0.9823008849557522,0.9327731092436975,0.8740157480314961,0.9363117870722434,0.82220367278798,0.8755555555555556,0.7786561264822134,0.7647058823529411,1.0,0.8666666666666666,0.7647058823529411,0.559322033898305,0.9072164948453608,0.692005242463958,0.5290581162324649,0.8378378378378378,0.8611111111111112,0.8493150684931507,0.7380952380952381
CRF18,Original,video73,1356,0.9682890855457227,0.9513270727137758,0.9654183738832761,0.9563868623402799,0.9182434777063934,1.0,0.9896907216494846,0.9948186528497409,0.9896907216494846,0.9934959349593496,0.9698412698412698,0.9815261044176706,0.9637223974763407,0.9705882352941176,0.9519230769230769,0.9611650485436893,0.9252336448598131,0.933993399339934,0.9860627177700348,0.9593220338983051,0.9218241042345277,0.7966101694915254,1.0,0.8867924528301886,0.7966101694915254,0.9646017699115044,0.9159663865546218,0.9396551724137931,0.8861788617886179,1.0,0.9444444444444444,0.9714285714285714,0.9444444444444444
CRF18,Original,video74,1634,0.6787025703794369,0.7679295406953062,0.6073582210950793,0.6442002134014077,0.5305347448672512,1.0,0.5287356321839081,0.6917293233082707,0.5287356321839081,0.9712643678160919,0.4082125603864734,0.5748299319727891,0.4033412887828162,0.9214285714285714,1.0,0.9591078066914498,0.9214285714285714,0.6606189967982924,0.8755304101838756,0.7530413625304136,0.6039024390243902,0.94,0.9215686274509803,0.9306930693069307,0.8703703703703703,0.07368421052631578,0.15555555555555556,0.09999999999999998,0.05263157894736842,0.8085106382978723,0.3619047619047619,0.5,0.3333333333333333
CRF18,Original,video75,1923,0.9323972958918356,0.7154219862180103,0.7007162989735091,0.6854204065223114,0.5942621799263442,1.0,0.47540983606557374,0.6444444444444445,0.47540983606557374,0.8432671081677704,1.0,0.9149700598802396,0.8432671081677704,0.7424242424242424,0.875,0.8032786885245902,0.6712328767123288,1.0,0.9781879194630873,0.9889737065309585,0.9781879194630873,0.9912280701754386,0.8188405797101449,0.8968253968253969,0.8129496402877698,0.0,0.0,0.0,0.0,0.43103448275862066,0.7575757575757576,0.5494505494505494,0.3787878787878788
CRF18,Original,video76,2649,0.7399018497546244,0.8708954670404468,0.6876753270771486,0.7108084463961041,0.5722162837362451,1.0,0.26666666666666666,0.4210526315789474,0.26666666666666666,0.9632721202003339,0.6244588744588745,0.757715036112935,0.6099365750528541,0.9895287958115183,0.4117647058823529,0.5815384615384614,0.40997830802603036,0.6191358024691358,0.9920870425321464,0.7624477385024706,0.6160933660933661,0.6272727272727273,1.0,0.770949720670391,0.6272727272727273,0.8970588235294118,0.6354166666666666,0.7439024390243901,0.5922330097087378,1.0,0.8833333333333333,0.9380530973451328,0.8833333333333333
CRF18,Original,video77,2502,0.9432454036770583,0.8869396105807575,0.9245034785995558,0.8871663725178284,0.8116933669529366,1.0,0.6875,0.8148148148148148,0.6875,0.9202127659574468,0.9985569985569985,0.9577854671280277,0.9189907038512616,0.9781021897810219,0.9640287769784173,0.9710144927536232,0.9436619718309859,1.0,0.9945593035908596,0.9972722313147845,0.9945593035908596,0.8021978021978022,1.0,0.8902439024390244,0.8021978021978022,1.0,0.826879271070615,0.9052369077306733,0.826879271070615,0.5080645161290323,1.0,0.6737967914438503,0.5080645161290323
CRF18,Original,video78,739,0.8633288227334236,0.8498282949463125,0.7620900984811617,0.7801491726926086,0.6624805422755495,1.0,0.6818181818181818,0.8108108108108109,0.6818181818181818,0.9411764705882353,1.0,0.9696969696969697,0.9411764705882353,0.8450704225352113,0.9375,0.8888888888888888,0.8,0.877906976744186,0.9320987654320988,0.9041916167664672,0.825136612021858,0.6179775280898876,0.873015873015873,0.7236842105263157,0.5670103092783505,0.6666666666666666,0.4657534246575342,0.5483870967741935,0.37777777777777777,1.0,0.4444444444444444,0.6153846153846153,0.4444444444444444
CRF18,Original,video79,3414,0.8368482718219098,0.8301937545081096,0.7656877287221391,0.7488654092371121,0.616062245761609,1.0,0.5555555555555556,0.7142857142857143,0.5555555555555556,0.9811320754716981,0.7979539641943734,0.8801128349788435,0.7858942065491183,0.638095238095238,1.0,0.7790697674418604,0.638095238095238,0.78125,0.9447004608294931,0.8552357113057989,0.7470845481049563,0.7631578947368421,0.8529411764705882,0.8055555555555555,0.6744186046511628,0.668997668997669,0.9348534201954397,0.7798913043478262,0.6391982182628062,0.9787234042553191,0.27380952380952384,0.4279069767441861,0.27218934911242604
CRF18,Original,video80,1724,0.8033642691415314,0.773425375052301,0.7843880779875781,0.7378644239290268,0.617793474071546,1.0,0.7192982456140351,0.8367346938775511,0.7192982456140351,0.9813302217036173,0.7794253938832252,0.8688016528925621,0.7680365296803653,0.9333333333333333,0.9545454545454546,0.9438202247191012,0.8936170212765957,0.5049701789264414,0.9657794676806084,0.6631853785900783,0.49609375,0.7884615384615384,0.8913043478260869,0.836734693877551,0.7192982456140351,0.20588235294117646,0.6363636363636364,0.3111111111111111,0.18421052631578946,1.0,0.544,0.7046632124352332,0.544
CRF18,CRF18,video49,1671,0.9287851585876721,0.8833162441526371,0.9316203377482132,0.8993169416420785,0.8236549345279237,1.0,0.9222222222222223,0.9595375722543353,0.9222222222222223,0.9756838905775076,0.8469656992084432,0.9067796610169491,0.8294573643410853,0.6161616161616161,0.9682539682539683,0.7530864197530865,0.6039603960396039,0.9507640067911715,0.9671848013816926,0.958904109589041,0.9210526315789473,0.8735632183908046,0.8735632183908046,0.8735632183908046,0.7755102040816326,0.9707446808510638,0.9431524547803618,0.9567496723460026,0.9170854271356784,0.7962962962962963,1.0,0.8865979381443299,0.7962962962962963
CRF18,CRF18,video50,1094,0.8555758683729433,0.767856053144796,0.6192503292875415,0.6404949358264649,0.5391841608760264,1.0,0.22388059701492538,0.36585365853658536,0.22388059701492538,0.8961748633879781,0.861646234676007,0.8785714285714284,0.7834394904458599,0.9032258064516129,0.8,0.8484848484848486,0.7368421052631579,0.8034398034398035,0.9849397590361446,0.884979702300406,0.7936893203883495,0.7721518987341772,1.0,0.8714285714285713,0.7721518987341772,0.0,0.0,0.0,0.0,1.0,0.4642857142857143,0.6341463414634146,0.4642857142857143
CRF18,CRF18,video51,2944,0.7856657608695652,0.8709897905264062,0.8415163976031393,0.8322393613205915,0.7370306999182903,1.0,0.9453781512605042,0.9719222462203023,0.9453781512605042,0.9769150052465897,0.8246235606731621,0.8943323727185398,0.8088618592528236,0.8440677966101695,0.3939873417721519,0.5372168284789645,0.3672566371681416,0.5267379679144385,0.9817275747508306,0.685614849187935,0.5216240070609003,0.8425925925925926,0.978494623655914,0.9054726368159204,0.8272727272727273,0.9251336898395722,0.9251336898395722,0.9251336898395722,0.8606965174129353,0.9814814814814815,0.8412698412698413,0.905982905982906,0.828125
CRF18,CRF18,video52,1966,0.9623601220752798,0.946450131317741,0.9556035820221475,0.9482034635864014,0.9034873904323576,0.9565217391304348,1.0,0.9777777777777777,0.9565217391304348,0.9486652977412731,0.9746835443037974,0.9614984391259105,0.9258517034068137,0.9731543624161074,0.8868501529051988,0.928,0.8656716417910447,0.9695431472081218,0.9744897959183674,0.9720101781170484,0.9455445544554455,0.788235294117647,1.0,0.8815789473684211,0.788235294117647,0.9890310786106032,0.9836363636363636,0.9863263445761167,0.9730215827338129,1.0,0.8695652173913043,0.9302325581395349,0.8695652173913043
CRF18,CRF18,video53,3283,0.9034419738044471,0.8280085046598756,0.8587067106603398,0.8023676843997377,0.6964426157730726,1.0,0.746268656716418,0.8547008547008548,0.746268656716418,0.9818956336528222,0.8412408759124088,0.9061425061425062,0.8283917340521114,0.7391304347826086,1.0,0.85,0.7391304347826086,1.0,0.9512378094523631,0.9750096116878123,0.9512378094523631,0.2961165048543689,0.9838709677419355,0.45522388059701485,0.2946859903381642,0.8173784977908689,0.9327731092436975,0.8712715855572999,0.7719054242002782,0.9615384615384616,0.5555555555555556,0.7042253521126761,0.5434782608695652
CRF18,CRF18,video54,3100,0.9132258064516129,0.8950724032482128,0.8283038127196248,0.830483395020507,0.730684196168414,1.0,0.376,0.5465116279069768,0.376,0.864530225782957,1.0,0.92734375,0.864530225782957,1.0,0.6615384615384615,0.7962962962962964,0.6615384615384615,0.9987623762376238,0.8858397365532382,0.9389179755671901,0.8848684210526315,0.7087378640776699,1.0,0.8295454545454545,0.7087378640776699,0.9740518962075848,0.9818913480885312,0.9779559118236473,0.9568627450980393,0.7194244604316546,0.8928571428571429,0.7968127490039841,0.6622516556291391
CRF18,CRF18,video55,1037,0.9469623915139826,0.9175457790943821,0.8965397748092692,0.894591607621092,0.8224925673081949,1.0,1.0,1.0,1.0,0.9644351464435147,1.0,0.9818956336528222,0.9644351464435147,0.8985507246376812,0.7848101265822784,0.8378378378378378,0.7209302325581395,1.0,0.9541284403669725,0.9765258215962441,0.9541284403669725,0.9433962264150944,0.9259259259259259,0.9345794392523364,0.8771929824561403,0.6164383561643836,0.9782608695652174,0.7563025210084033,0.6081081081081081,1.0,0.6326530612244898,0.775,0.6326530612244898
CRF18,CRF18,video56,1834,0.836423118865867,0.8290294208775377,0.8455966569860444,0.8091563979662988,0.6871046711305805,1.0,0.5238095238095238,0.6875000000000001,0.5238095238095238,0.9367888748419722,0.8325842696629213,0.8816180844735276,0.7882978723404256,0.6153846153846154,1.0,0.761904761904762,0.6153846153846154,0.778175313059034,0.8365384615384616,0.8063021316033364,0.6754658385093167,0.58,1.0,0.7341772151898733,0.58,0.8928571428571429,0.9615384615384616,0.9259259259259259,0.8620689655172413,1.0,0.7647058823529411,0.8666666666666666,0.7647058823529411
CRF18,CRF18,video57,2632,0.8943768996960486,0.8511767502276699,0.9328361441240824,0.880671871492153,0.7961082796828954,0.993103448275862,0.993103448275862,0.993103448275862,0.9863013698630136,0.9962546816479401,0.8142857142857143,0.8961257720381808,0.8118006103763988,0.6385135135135135,0.9593908629441624,0.766734279918864,0.6217105263157895,0.9110169491525424,0.9297297297297298,0.9202782236490102,0.8523290386521308,0.6637931034482759,0.9506172839506173,0.781725888324873,0.6416666666666667,0.7555555555555555,0.951048951048951,0.8421052631578947,0.7272727272727273,1.0,0.9316770186335404,0.9646302250803859,0.9316770186335404
CRF18,CRF18,video58,5993,0.6834640413816119,0.7499918687530549,0.8268647305033472,0.7552117760400913,0.6246561834922993,0.9714285714285714,0.85,0.9066666666666667,0.8292682926829268,0.9732678668848882,0.5267198110422202,0.6835249042145594,0.519208381839348,0.33972240581625907,0.7626112759643917,0.470050297210791,0.30723251643753735,0.630272952853598,0.9577677224736049,0.7602514217300209,0.61323032351521,0.6041666666666666,0.9830508474576272,0.7483870967741936,0.5979381443298969,0.8526315789473684,0.8966789667896679,0.8741007194244603,0.7763578274760383,0.8784530386740331,0.8112244897959183,0.8435013262599469,0.7293577981651376
CRF18,CRF18,video59,1046,0.9445506692160612,0.9319970547012355,0.8790607232079857,0.8915834393495136,0.8147928380321751,0.9722222222222222,1.0,0.9859154929577464,0.9722222222222222,0.9847826086956522,0.9977973568281938,0.9912472647702406,0.982646420824295,0.9850746268656716,0.825,0.8979591836734693,0.8148148148148148,0.9329073482428115,1.0,0.965289256198347,0.9329073482428115,0.9782608695652174,0.6818181818181818,0.8035714285714285,0.6716417910447762,0.6707317073170732,0.9821428571428571,0.7971014492753623,0.6626506024096386,1.0,0.6666666666666666,0.8,0.6666666666666666
CRF18,CRF18,video60,2532,0.6453396524486572,0.613459305571201,0.7615466098516762,0.6084825233824637,0.49828193191199543,1.0,0.9287925696594427,0.9630818619582664,0.9287925696594427,0.9890981169474727,0.5613048368953881,0.7161822748475063,0.557853549468977,0.7934782608695652,0.8690476190476191,0.8295454545454546,0.7087378640776699,0.1312997347480106,0.9339622641509434,0.23023255813953486,0.13009198423127463,0.8046875,0.9537037037037037,0.8728813559322034,0.7744360902255639,0.4050632911392405,0.3404255319148936,0.3699421965317919,0.22695035460992907,0.17058823529411765,0.7435897435897436,0.277511961722488,0.16111111111111112
CRF18,CRF18,video61,4409,0.8961215695168973,0.7352898167080663,0.7539800938458526,0.6951199213502742,0.5844107353018939,1.0,0.7142857142857143,0.8333333333333333,0.7142857142857143,0.8339191564147628,0.983419689119171,0.9025202092249168,0.8223570190641247,0.8711656441717791,0.743455497382199,0.8022598870056498,0.6698113207547169,0.9797771357820884,0.928068803752932,0.9532222445292109,0.9106252397391638,0.36818181818181817,1.0,0.5382059800664452,0.36818181818181817,0.5,0.08571428571428572,0.14634146341463414,0.07894736842105263,0.5939849624060151,0.8229166666666666,0.6899563318777293,0.5266666666666666
CRF18,CRF18,video62,2032,0.8366141732283464,0.8690819233009704,0.8859581381877778,0.8653340507580076,0.7703140556363771,1.0,1.0,1.0,1.0,1.0,0.7214953271028037,0.8382193268186754,0.7214953271028037,0.6565656565656566,0.9285714285714286,0.7692307692307693,0.625,0.7144340602284528,0.9828571428571429,0.8274203247143715,0.7056410256410256,0.8541666666666666,0.7592592592592593,0.8039215686274509,0.6721311475409836,0.8584070796460177,1.0,0.9238095238095239,0.8584070796460177,1.0,0.8095238095238095,0.8947368421052632,0.8095238095238095
CRF18,CRF18,video63,3433,0.850276725895718,0.7257605715018911,0.7705042669896339,0.6894086612430217,0.5801685102255775,1.0,0.6583333333333333,0.7939698492462312,0.6583333333333333,0.9865900383141762,0.8743633276740238,0.9270927092709271,0.8640939597315436,0.8490566037735849,1.0,0.9183673469387755,0.8490566037735849,0.9654846335697399,0.8936542669584245,0.9281818181818181,0.8659881255301103,0.8484848484848485,0.45161290322580644,0.5894736842105264,0.417910447761194,0.2542372881355932,0.9905660377358491,0.40462427745664736,0.2536231884057971,0.17647058823529413,0.525,0.2641509433962264,0.15217391304347827
CRF18,CRF18,video64,2398,0.8911592994161801,0.8654443859248857,0.9026113070323637,0.8780288658406119,0.7843917491842419,0.7349397590361446,1.0,0.8472222222222222,0.7349397590361446,1.0,0.8513257575757576,0.919693094629156,0.8513257575757576,0.7844827586206896,0.883495145631068,0.8310502283105023,0.7109375,0.801762114537445,0.9528795811518325,0.8708133971291867,0.7711864406779662,0.8558558558558559,0.9313725490196079,0.892018779342723,0.8050847457627118,0.9056603773584906,0.8044692737430168,0.8520710059171598,0.7422680412371134,0.9754098360655737,0.8947368421052632,0.9333333333333333,0.875
CRF18,CRF18,video65,1873,0.9375333689268553,0.7170867982538163,0.7801367713543499,0.7373121056677242,0.6637005838961887,1.0,0.7831325301204819,0.8783783783783784,0.7831325301204819,0.971815107102593,0.9631284916201117,0.967452300785634,0.9369565217391305,0.7588652482269503,0.9907407407407407,0.859437751004016,0.7535211267605634,0.9979550102249489,0.9644268774703557,0.9809045226130654,0.9625246548323472,0.8222222222222222,0.9487179487179487,0.8809523809523809,0.7872340425531915,0.0,0.0,0.0,0.0,0.46875,0.8108108108108109,0.594059405940594,0.4225352112676056
CRF18,CRF18,video66,1824,0.9599780701754386,0.8968884835511431,0.9122998112893853,0.9012719795896198,0.8312653807478511,0.78125,1.0,0.8771929824561403,0.78125,0.989247311827957,0.989247311827957,0.989247311827957,0.9787234042553191,0.8947368421052632,0.95625,0.9244712990936558,0.8595505617977528,0.9861878453038674,0.9821182943603851,0.9841488628532046,0.9687924016282226,0.8823529411764706,0.7228915662650602,0.7947019867549668,0.6593406593406593,0.7444444444444445,0.7790697674418605,0.7613636363636365,0.6146788990825688,1.0,0.9565217391304348,0.9777777777777777,0.9565217391304348
CRF18,CRF18,video67,2353,0.9116022099447514,0.8147545074398244,0.9192557380952247,0.834716422823071,0.7453537484211407,0.9738562091503268,0.772020725388601,0.861271676300578,0.7563451776649747,0.9492502883506344,0.9670975323149236,0.9580908032596043,0.9195530726256983,0.8320610687022901,1.0,0.9083333333333334,0.8320610687022901,0.9965596330275229,0.8777777777777778,0.9334049409237379,0.8751258811681772,0.6422018348623854,0.8860759493670886,0.7446808510638299,0.5932203389830508,0.30935251798561153,1.0,0.4725274725274725,0.30935251798561153,1.0,0.9318181818181818,0.9647058823529412,0.9318181818181818
CRF18,CRF18,video68,1972,0.9117647058823529,0.8581587652851856,0.8651310703124759,0.8420900275873963,0.7394761605958797,1.0,0.5784313725490197,0.732919254658385,0.5784313725490197,0.9489916963226572,0.9673518742442564,0.9580838323353293,0.9195402298850575,0.9,1.0,0.9473684210526316,0.9,0.9613899613899614,0.9343339587242027,0.9476688867745005,0.9005424954792043,0.6296296296296297,0.9855072463768116,0.7683615819209041,0.6238532110091743,0.9315068493150684,0.6974358974358974,0.7976539589442814,0.6634146341463415,0.635593220338983,0.8928571428571429,0.7425742574257426,0.5905511811023622
CRF18,CRF18,video69,4575,0.9597814207650274,0.8101334798356464,0.7685810521886648,0.7883042526000279,0.7369117551113991,1.0,0.8985507246376812,0.9465648854961832,0.8985507246376812,0.995872641509434,0.9988172678888232,0.9973427812223206,0.9946996466431095,0.9716157205240175,0.869140625,0.9175257731958762,0.8476190476190476,0.9656716417910448,0.9778337531486146,0.9717146433041303,0.944985394352483,0.7755102040816326,0.7487684729064039,0.7619047619047619,0.6153846153846154,0.0,0.0,0.0,0.0,0.9622641509433962,0.8869565217391304,0.923076923076923,0.8571428571428571
CRF18,CRF18,video70,1194,0.8877721943048577,0.8074683761886645,0.7328974749211868,0.7263843026291246,0.64061612207038,0.7608695652173914,1.0,0.8641975308641976,0.7608695652173914,0.9839357429718876,0.9780439121756487,0.980980980980981,0.962671905697446,0.9578947368421052,0.91,0.9333333333333333,0.875,0.8218527315914489,0.947945205479452,0.8804071246819338,0.7863636363636364,0.794392523364486,0.9340659340659341,0.8585858585858586,0.7522123893805309,0.3333333333333333,0.0875,0.13861386138613863,0.07446808510638298,1.0,0.2727272727272727,0.42857142857142855,0.2727272727272727
CRF18,CRF18,video71,2515,0.8640159045725646,0.7291771870779881,0.731724261197616,0.7218818217246293,0.6267072333471422,0.7659574468085106,1.0,0.8674698795180723,0.7659574468085106,0.9746192893401016,0.7966804979253111,0.8767123287671231,0.7804878048780488,0.7833333333333333,0.7704918032786885,0.7768595041322314,0.6351351351351351,0.7744916820702403,0.9239250275633958,0.8426344896933131,0.7280625543006082,0.8683385579937304,0.9787985865724381,0.9202657807308969,0.8523076923076923,0.0,0.0,0.0,0.0,0.9375,0.6521739130434783,0.7692307692307693,0.625
CRF18,CRF18,video72,3106,0.8316162266580811,0.7992325571079402,0.8719151314725374,0.8024476364136962,0.6835432643080855,1.0,0.708029197080292,0.8290598290598291,0.708029197080292,0.9270248596631917,0.97883149872989,0.9522240527182867,0.9088050314465409,0.47435897435897434,0.9823008849557522,0.6397694524495676,0.4703389830508475,1.0,0.6435726210350584,0.7831386490604368,0.6435726210350584,0.8064516129032258,0.9615384615384616,0.8771929824561403,0.78125,0.5,0.9587628865979382,0.657243816254417,0.48947368421052634,0.8867924528301887,0.8703703703703703,0.8785046728971964,0.7833333333333333
CRF18,CRF18,video73,1356,0.9594395280235988,0.9519883371830004,0.9208989721495453,0.9315475094503259,0.875136487519151,1.0,0.9381443298969072,0.9680851063829787,0.9381443298969072,0.9859154929577465,1.0,0.9929078014184397,0.9859154929577465,0.987012987012987,0.7307692307692307,0.839779005524862,0.7238095238095238,0.9158576051779935,0.9860627177700348,0.9496644295302014,0.9041533546325878,0.8703703703703703,1.0,0.9306930693069307,0.8703703703703703,0.9047619047619048,0.957983193277311,0.9306122448979592,0.8702290076335878,1.0,0.8333333333333334,0.9090909090909091,0.8333333333333334
CRF18,CRF18,video74,1634,0.7643818849449204,0.8278096787300832,0.7076604970619466,0.7309135037657614,0.6315093625656519,1.0,0.6781609195402298,0.8082191780821918,0.6781609195402298,0.9204244031830239,0.8381642512077294,0.877370417193426,0.7815315315315315,0.9473684210526315,0.9767441860465116,0.9618320610687022,0.9264705882352942,0.8181818181818182,0.7765205091937766,0.7968069666182873,0.6622436670687576,0.9696969696969697,0.9411764705882353,0.955223880597015,0.9142857142857143,0.138996138996139,0.4,0.20630372492836674,0.11501597444089456,1.0,0.34285714285714286,0.5106382978723404,0.34285714285714286
CRF18,CRF18,video75,1923,0.9344773790951638,0.6904203012912785,0.7366641312185171,0.7028511554046212,0.6282439053687409,1.0,0.9426229508196722,0.9704641350210971,0.9426229508196722,0.9204819277108434,1.0,0.9585947302383939,0.9204819277108434,0.5340909090909091,0.8392857142857143,0.6527777777777777,0.4845360824742268,1.0,0.9412751677852349,0.9697493517718236,0.9412751677852349,0.9821428571428571,0.7971014492753623,0.8799999999999999,0.7857142857142857,0.0,0.0,0.0,0.0,0.39622641509433965,0.6363636363636364,0.48837209302325585,0.3230769230769231
CRF18,CRF18,video76,2649,0.787844469611174,0.8732095110771583,0.746054890948976,0.7703595836015459,0.6416239915761228,1.0,0.3333333333333333,0.5,0.3333333333333333,0.96875,0.670995670995671,0.7928388746803069,0.6567796610169492,0.85625,0.5969498910675382,0.7034659820282414,0.5425742574257426,0.6823529411764706,0.9752720079129574,0.8029315960912051,0.6707482993197279,0.71875,1.0,0.8363636363636363,0.71875,0.8863636363636364,0.8125,0.8478260869565218,0.7358490566037735,1.0,0.8333333333333334,0.9090909090909091,0.8333333333333334
CRF18,CRF18,video77,2502,0.9356514788169464,0.8847449853509932,0.9108150335028445,0.8754583537210632,0.7963777406919041,0.9908256880733946,0.6136363636363636,0.7578947368421054,0.6101694915254238,0.90234375,1.0,0.9486652977412731,0.90234375,1.0,0.9496402877697842,0.974169741697417,0.9496402877697842,0.9989047097480832,0.9923830250272034,0.9956331877729256,0.991304347826087,0.8202247191011236,1.0,0.9012345679012346,0.8202247191011236,1.0,0.8200455580865603,0.9011264080100124,0.8200455580865603,0.48091603053435117,1.0,0.6494845360824743,0.48091603053435117
CRF18,CRF18,video78,739,0.8768606224627875,0.8836668657493033,0.7796063640160182,0.8027666865554721,0.6860295011229941,1.0,0.5454545454545454,0.7058823529411764,0.5454545454545454,0.935064935064935,1.0,0.9664429530201343,0.935064935064935,0.8533333333333334,1.0,0.9208633093525179,0.8533333333333334,0.8388888888888889,0.9320987654320988,0.8830409356725146,0.7905759162303665,0.7073170731707317,0.9206349206349206,0.7999999999999999,0.6666666666666666,0.851063829787234,0.547945205479452,0.6666666666666666,0.5,1.0,0.5111111111111111,0.676470588235294,0.5111111111111111
CRF18,CRF18,video79,3414,0.8591095489162273,0.8541390718017073,0.7418015775334086,0.7413424107984188,0.6135409116507111,1.0,0.46296296296296297,0.6329113924050632,0.46296296296296297,0.9785819793205317,0.8471867007672634,0.90815627141878,0.8317639673571877,0.6802030456852792,1.0,0.8096676737160121,0.6802030456852792,0.8250591016548463,0.9649769585253456,0.8895497026338147,0.801071155317521,0.8444444444444444,0.7450980392156863,0.7916666666666666,0.6551724137931034,0.6506849315068494,0.9283387622149837,0.7651006711409395,0.6195652173913043,1.0,0.24404761904761904,0.3923444976076555,0.24404761904761904
CRF18,CRF18,video80,1724,0.861368909512761,0.7999275682478825,0.8082873621138996,0.7705431278527705,0.6600050767398281,1.0,0.7192982456140351,0.8367346938775511,0.7192982456140351,0.9801462904911181,0.8693234476367007,0.9214145383104125,0.8542805100182149,0.8951048951048951,0.9696969696969697,0.930909090909091,0.8707482993197279,0.6313131313131313,0.9505703422053232,0.7587253414264036,0.6112469437652812,0.8723404255319149,0.8913043478260869,0.8817204301075269,0.7884615384615384,0.22058823529411764,0.6818181818181818,0.3333333333333333,0.2,1.0,0.576,0.730964467005076,0.576
CRF18,CRF23,video49,1671,0.9503291442250149,0.9379126673169768,0.9433149849945537,0.9387239478222626,0.8862972013062053,1.0,0.8444444444444444,0.9156626506024096,0.8444444444444444,0.9608938547486033,0.9076517150395779,0.9335142469470827,0.8753180661577609,0.8805970149253731,0.9365079365079365,0.9076923076923077,0.8309859154929577,0.9361344537815126,0.9620034542314335,0.948892674616695,0.9027552674230146,0.84,0.9655172413793104,0.8983957219251336,0.8155339805825242,0.9922077922077922,0.9870801033591732,0.9896373056994819,0.9794871794871794,0.9555555555555556,1.0,0.9772727272727273,0.9555555555555556
CRF18,CRF23,video50,1094,0.7897623400365631,0.7470050709791572,0.6026606887378289,0.6273994803703749,0.5067240644088384,1.0,0.3880597014925373,0.5591397849462366,0.3880597014925373,0.9116997792494481,0.723292469352014,0.8066406249999999,0.6759410801963993,0.896551724137931,0.7428571428571429,0.8125,0.6842105263157895,0.6612903225806451,0.9879518072289156,0.7922705314009661,0.656,0.759493670886076,0.9836065573770492,0.8571428571428572,0.75,0.0,0.0,0.0,0.0,1.0,0.39285714285714285,0.5641025641025641,0.39285714285714285
CRF18,CRF23,video51,2944,0.7214673913043478,0.8197198999552214,0.7989415427993077,0.7757695486244763,0.6507244205780458,1.0,0.8319327731092437,0.908256880733945,0.8319327731092437,0.9944903581267218,0.6395039858281665,0.7784366576819407,0.6372462488967343,0.8967551622418879,0.4810126582278481,0.6261585993820803,0.45577211394302847,0.4552352048558422,0.9966777408637874,0.6249999999999999,0.45454545454545453,0.900990099009901,0.978494623655914,0.9381443298969072,0.883495145631068,0.9127906976744186,0.839572192513369,0.8746518105849581,0.7772277227722773,0.5777777777777777,0.8253968253968254,0.6797385620915032,0.5148514851485149
CRF18,CRF23,video52,1966,0.9455747711088505,0.9258032814040743,0.9407287219329129,0.9258970754346606,0.8675297664157448,0.9734513274336283,1.0,0.9865470852017937,0.9734513274336283,0.9476861167002012,0.9936708860759493,0.9701338825952627,0.942,0.9925373134328358,0.8134556574923547,0.8941176470588235,0.8085106382978723,0.9168646080760094,0.9846938775510204,0.949569495694957,0.9039812646370023,0.6633663366336634,1.0,0.7976190476190476,0.6633663366336634,0.9867172675521821,0.9454545454545454,0.9656453110492108,0.933572710951526,1.0,0.8478260869565217,0.9176470588235294,0.8478260869565217
CRF18,CRF23,video53,3283,0.9119707584526348,0.8475500841127721,0.8529202897453632,0.8106002043655595,0.70487845233798,1.0,0.7313432835820896,0.8448275862068965,0.7313432835820896,0.9815005138746146,0.8713503649635036,0.9231512808119865,0.8572710951526032,0.7657657657657657,1.0,0.8673469387755102,0.7657657657657657,0.9577464788732394,0.9692423105776444,0.9634601043997016,0.9294964028776979,0.3463687150837989,1.0,0.5145228215767635,0.3463687150837989,0.8814691151919867,0.8873949579831932,0.8844221105527639,0.7927927927927928,1.0,0.5111111111111111,0.676470588235294,0.5111111111111111
CRF18,CRF23,video54,3100,0.9167741935483871,0.9222387859041469,0.8832704145040082,0.8857261501925893,0.8072964415604201,1.0,0.512,0.6772486772486772,0.512,0.8527298850574713,1.0,0.9205118262892593,0.8527298850574713,0.9746192893401016,0.9846153846153847,0.979591836734694,0.96,1.0,0.8166849615806806,0.8990936555891239,0.8166849615806806,0.7087378640776699,1.0,0.8295454545454545,0.7087378640776699,0.9756592292089249,0.9678068410462777,0.9717171717171718,0.9449901768172888,0.9439252336448598,0.9017857142857143,0.9223744292237444,0.8559322033898306
CRF18,CRF23,video55,1037,0.9363548698167792,0.8947231993781383,0.8566133655374353,0.8559464220789555,0.7706125308234215,1.0,0.9523809523809523,0.975609756097561,0.9523809523809523,0.9624217118997912,1.0,0.9808510638297873,0.9624217118997912,0.8985507246376812,0.7848101265822784,0.8378378378378378,0.7209302325581395,1.0,0.9571865443425076,0.978125,0.9571865443425076,0.8387096774193549,0.9629629629629629,0.896551724137931,0.8125,0.5633802816901409,0.8695652173913043,0.6837606837606838,0.5194805194805194,1.0,0.46938775510204084,0.6388888888888888,0.46938775510204084
CRF18,CRF23,video56,1834,0.8642311886586695,0.8542473643673681,0.8439002394389042,0.822863578758101,0.7077959054358679,1.0,0.4666666666666667,0.6363636363636364,0.4666666666666667,0.933253873659118,0.8797752808988764,0.9057258530942741,0.8276955602536998,0.6956521739130435,1.0,0.8205128205128205,0.6956521739130435,0.8315018315018315,0.8730769230769231,0.8517823639774859,0.7418300653594772,0.6304347826086957,1.0,0.7733333333333333,0.6304347826086957,0.8888888888888888,0.9230769230769231,0.9056603773584906,0.8275862068965517,1.0,0.7647058823529411,0.8666666666666666,0.7647058823529411
CRF18,CRF23,video57,2632,0.8590425531914894,0.8659902747627047,0.8535750150660038,0.838855001328014,0.7432650906639818,1.0,0.9310344827586207,0.9642857142857143,0.9310344827586207,0.9863387978142076,0.736734693877551,0.8434579439252337,0.7292929292929293,0.5026737967914439,0.9543147208121827,0.6584938704028022,0.4908616187989556,0.8604651162790697,1.0,0.9249999999999999,0.8604651162790697,0.8791208791208791,0.9876543209876543,0.9302325581395348,0.8695652173913043,0.8333333333333334,0.48951048951048953,0.6167400881057269,0.445859872611465,1.0,0.8757763975155279,0.9337748344370861,0.8757763975155279
CRF18,CRF23,video58,5993,0.6822960120140164,0.7994512754163458,0.712081218301378,0.7031268824650196,0.5717585117479459,1.0,0.3,0.4615384615384615,0.3,0.993,0.5863596102745793,0.7373306107295341,0.5839458982652161,0.4398216939078752,0.4391691394658754,0.4394951744617669,0.28163653663177923,0.47778981581798485,0.997737556561086,0.6461538461538463,0.4772727272727273,0.8656716417910447,0.9830508474576272,0.9206349206349207,0.8529411764705882,0.8198757763975155,0.974169741697417,0.8903878583473862,0.8024316109422492,1.0,0.7040816326530612,0.8263473053892215,0.7040816326530612
CRF18,CRF23,video59,1046,0.9292543021032504,0.9443004828457834,0.8274118738404452,0.868923335843945,0.7741841856787489,1.0,0.6857142857142857,0.8135593220338984,0.6857142857142857,0.9322381930184805,1.0,0.9649309245483528,0.9322381930184805,1.0,0.65,0.787878787878788,0.65,0.9240506329113924,1.0,0.9605263157894737,0.9240506329113924,0.9791666666666666,0.7121212121212122,0.8245614035087719,0.7014925373134329,0.7746478873239436,0.9821428571428571,0.8661417322834646,0.7638888888888888,1.0,0.7619047619047619,0.8648648648648648,0.7619047619047619
CRF18,CRF23,video60,2532,0.5770142180094787,0.6543525029013786,0.6488124340568401,0.5860993500700475,0.4816977045662624,1.0,0.826625386996904,0.9050847457627119,0.826625386996904,0.9266802443991853,0.5118110236220472,0.6594202898550724,0.4918918918918919,0.7727272727272727,0.8095238095238095,0.7906976744186046,0.6538461538461539,0.0941747572815534,0.9150943396226415,0.17077464788732397,0.0933589990375361,0.7868852459016393,0.8888888888888888,0.8347826086956522,0.7164179104477612,0.0,0.0,0.0,0.0,1.0,0.5897435897435898,0.7419354838709677,0.5897435897435898
CRF18,CRF23,video61,4409,0.9070083919256067,0.7797165643505798,0.754293065402025,0.7134356827672387,0.6201509789922909,1.0,0.7232142857142857,0.839378238341969,0.7232142857142857,0.8795860771401693,0.9689119170984456,0.9220907297830374,0.8554437328453797,0.8705882352941177,0.774869109947644,0.8199445983379501,0.6948356807511737,0.9790491539081386,0.9499609069585614,0.9642857142857143,0.9310344827586207,0.2872340425531915,1.0,0.44628099173553726,0.2872340425531915,0.45454545454545453,0.07142857142857142,0.12345679012345678,0.06578947368421052,0.987012987012987,0.7916666666666666,0.8786127167630057,0.7835051546391752
CRF18,CRF23,video62,2032,0.8636811023622047,0.9089038215545165,0.8907408113816658,0.8942567647385227,0.8116558086689224,1.0,0.95,0.9743589743589743,0.95,0.9595050618672666,0.797196261682243,0.8708524757529352,0.77124773960217,0.8533333333333334,0.9142857142857143,0.8827586206896552,0.7901234567901234,0.7557339449541285,0.9414285714285714,0.8384223918575064,0.7217962760131434,0.9038461538461539,0.8703703703703703,0.8867924528301887,0.7966101694915254,0.8899082568807339,1.0,0.941747572815534,0.8899082568807339,1.0,0.7619047619047619,0.8648648648648648,0.7619047619047619
CRF18,CRF23,video63,3433,0.8351296242353626,0.6835266309445449,0.7628968747838397,0.650074397919958,0.513032269049995,1.0,0.5083333333333333,0.6740331491712707,0.5083333333333333,0.955078125,0.830220713073005,0.888283378746594,0.7990196078431373,0.4326923076923077,1.0,0.6040268456375839,0.4326923076923077,0.9575381679389313,0.8783369803063458,0.9162291714220497,0.8454085930918281,0.8947368421052632,0.5483870967741935,0.6799999999999999,0.5151515151515151,0.2459396751740139,1.0,0.39478584729981375,0.2459396751740139,0.2987012987012987,0.575,0.39316239316239315,0.24468085106382978
CRF18,CRF23,video64,2398,0.8477898248540451,0.8551259451123613,0.8238989681355949,0.8229705257918772,0.7049330574655576,0.7011494252873564,1.0,0.8243243243243243,0.7011494252873564,1.0,0.8020833333333334,0.8901734104046243,0.8020833333333334,0.9629629629629629,0.7572815533980582,0.8478260869565217,0.7358490566037735,0.7252641690682037,0.9882198952879581,0.8365650969529086,0.719047619047619,0.8135593220338984,0.9411764705882353,0.8727272727272728,0.7741935483870968,0.7829457364341085,0.5642458100558659,0.6558441558441559,0.48792270531400966,1.0,0.7142857142857143,0.8333333333333333,0.7142857142857143
CRF18,CRF23,video65,1873,0.9386011745862253,0.7685588931019917,0.7847919465094505,0.7674877603024285,0.7048587147442321,1.0,0.8955823293172691,0.9449152542372882,0.8955823293172691,0.9718640093786636,0.9262569832402234,0.9485125858123569,0.9020674646354734,0.6045197740112994,0.9907407407407407,0.750877192982456,0.601123595505618,1.0,0.9782608695652174,0.989010989010989,0.9782608695652174,0.9069767441860465,1.0,0.951219512195122,0.9069767441860465,0.0,0.0,0.0,0.0,0.896551724137931,0.7027027027027027,0.787878787878788,0.65
CRF18,CRF23,video66,1824,0.9331140350877193,0.8694039586987612,0.8063620612384222,0.8296771394735742,0.7642788590784816,1.0,0.88,0.9361702127659575,0.88,0.9878603945371776,1.0,0.9938931297709924,0.9878603945371776,0.9281437125748503,0.96875,0.9480122324159022,0.9011627906976745,0.913154533844189,0.9834938101788171,0.9470198675496689,0.89937106918239,0.8356164383561644,0.7349397590361446,0.7820512820512822,0.6421052631578947,0.42105263157894735,0.18604651162790697,0.25806451612903225,0.14814814814814814,1.0,0.8913043478260869,0.9425287356321839,0.8913043478260869
CRF18,CRF23,video67,2353,0.9158521036974075,0.8335967615002255,0.9130922436310465,0.8551238575515729,0.7579437764754439,1.0,0.7202072538860104,0.8373493975903615,0.7202072538860104,0.9354066985645934,0.918918918918919,0.9270895080023711,0.8640883977900552,0.7346938775510204,0.9908256880733946,0.84375,0.7297297297297297,0.9677083333333333,0.9383838383838384,0.9528205128205127,0.9098922624877571,0.6578947368421053,0.9493670886075949,0.7772020725388601,0.635593220338983,0.5394736842105263,0.9534883720930233,0.6890756302521007,0.5256410256410257,1.0,0.9204545454545454,0.9585798816568047,0.9204545454545454
CRF18,CRF23,video68,1972,0.9173427991886409,0.8771567422430502,0.8684971789714545,0.8461426553492629,0.7490114351329311,1.0,0.43137254901960786,0.6027397260273972,0.43137254901960786,0.9324009324009324,0.9673518742442564,0.9495548961424333,0.903954802259887,0.8526315789473684,1.0,0.9204545454545454,0.8526315789473684,0.984375,0.9455909943714822,0.9645933014354067,0.9316081330868762,0.6831683168316832,1.0,0.8117647058823529,0.6831683168316832,0.9866666666666667,0.7589743589743589,0.8579710144927536,0.751269035532995,0.7008547008547008,0.9761904761904762,0.8159203980099503,0.6890756302521008
CRF18,CRF23,video69,4575,0.9720218579234973,0.8185610869245725,0.789914429049082,0.8028681527717633,0.7630484335502196,0.9577464788732394,0.9855072463768116,0.9714285714285714,0.9444444444444444,0.999400479616307,0.9858072146658782,0.9925573087228342,0.985224586288416,1.0,0.986328125,0.9931170108161259,0.986328125,0.9849018621036739,0.9858942065491184,0.9853977844914401,0.9712158808933002,0.7878787878787878,0.7684729064039408,0.7780548628428928,0.636734693877551,0.0,0.0,0.0,0.0,1.0,0.8173913043478261,0.8995215311004785,0.8173913043478261
CRF18,CRF23,video70,1194,0.8869346733668342,0.7474788528662621,0.7716805137279257,0.7415648556185781,0.6640168723800735,0.7142857142857143,1.0,0.8333333333333333,0.7142857142857143,0.9978813559322034,0.9401197604790419,0.9681397738951695,0.9382470119521913,0.847457627118644,1.0,0.9174311926605504,0.847457627118644,0.7977272727272727,0.9616438356164384,0.8720496894409938,0.7731277533039648,0.875,1.0,0.9333333333333333,0.875,0.0,0.0,0.0,0.0,1.0,0.5,0.6666666666666666,0.5
CRF18,CRF23,video71,2515,0.8834990059642147,0.7935496372134946,0.6516546452722807,0.6752815746092171,0.5938324702295177,1.0,0.7222222222222222,0.8387096774193548,0.7222222222222222,0.985014985014985,0.8182572614107884,0.8939256572982774,0.8081967213114755,0.9032258064516129,0.9180327868852459,0.9105691056910569,0.835820895522388,0.8003646308113036,0.9680264608599779,0.8762475049900199,0.7797513321492007,0.8662420382165605,0.9611307420494699,0.9112227805695142,0.8369230769230769,0.0,0.0,0.0,0.0,1.0,0.17391304347826086,0.29629629629629634,0.17391304347826086
CRF18,CRF23,video72,3106,0.8538312942691565,0.8103946160718625,0.8448717747035902,0.7848161952680373,0.6611545922965073,1.0,0.44525547445255476,0.6161616161616161,0.44525547445255476,0.9185591229444009,0.9932260795935648,0.9544344995931652,0.91284046692607,0.4827586206896552,0.9911504424778761,0.6492753623188405,0.48068669527896996,1.0,0.7212020033388982,0.8380213385063046,0.7212020033388982,0.6842105263157895,1.0,0.8125000000000001,0.6842105263157895,0.5872340425531914,0.9484536082474226,0.7253613666228647,0.5690721649484536,1.0,0.8148148148148148,0.8979591836734693,0.8148148148148148
CRF18,CRF23,video73,1356,0.9653392330383481,0.9453605361410825,0.9330987352614334,0.9356398082763294,0.8816618886254052,1.0,0.9278350515463918,0.9625668449197862,0.9278350515463918,0.9797507788161994,0.9984126984126984,0.988993710691824,0.9782270606531882,0.978494623655914,0.875,0.9238578680203046,0.8584905660377359,0.9759450171821306,0.9895470383275261,0.9826989619377162,0.9659863945578231,0.7833333333333333,1.0,0.8785046728971964,0.7833333333333333,0.9,0.907563025210084,0.9037656903765691,0.8244274809160306,1.0,0.8333333333333334,0.9090909090909091,0.8333333333333334
CRF18,CRF23,video74,1634,0.7582619339045288,0.7874979382420556,0.6357687195749017,0.6729662299479314,0.5648929504893745,1.0,0.5057471264367817,0.6717557251908397,0.5057471264367817,0.9365558912386707,0.748792270531401,0.8322147651006712,0.7126436781609196,0.8955223880597015,0.9302325581395349,0.9125475285171103,0.8391608391608392,0.7628361858190709,0.8826025459688827,0.8183606557377049,0.6925638179800222,0.8672566371681416,0.9607843137254902,0.9116279069767442,0.8376068376068376,0.050314465408805034,0.08888888888888889,0.06425702811244981,0.03319502074688797,1.0,0.3333333333333333,0.5,0.3333333333333333
CRF18,CRF23,video75,1923,0.9266770670826833,0.7514734450204402,0.6731085965941046,0.6783507510144453,0.5853587411338674,1.0,0.4016393442622951,0.5730994152046784,0.4016393442622951,0.8268398268398268,1.0,0.90521327014218,0.8268398268398268,0.5975609756097561,0.875,0.7101449275362318,0.550561797752809,1.0,0.964765100671141,0.9820666097352689,0.964765100671141,0.8947368421052632,0.9855072463768116,0.9379310344827586,0.8831168831168831,0.0,0.0,0.0,0.0,0.9411764705882353,0.48484848484848486,0.64,0.47058823529411764
CRF18,CRF23,video76,2649,0.7538693846734617,0.8735446112855533,0.680052809871963,0.6967326897144579,0.5695386713701431,1.0,0.13333333333333333,0.23529411764705882,0.13333333333333333,0.958664546899841,0.6525974025974026,0.7765614938828074,0.6347368421052632,0.9567307692307693,0.4335511982570806,0.5967016491754122,0.4252136752136752,0.6367088607594936,0.9950544015825915,0.7765341566962561,0.6347003154574132,0.6509433962264151,1.0,0.7885714285714286,0.6509433962264151,0.9117647058823529,0.6458333333333334,0.7560975609756098,0.6078431372549019,1.0,0.9,0.9473684210526316,0.9
CRF18,CRF23,video77,2502,0.9228617106314948,0.8808866296959993,0.8856148822977241,0.8564385849836438,0.7694816341803501,1.0,0.4659090909090909,0.6356589147286822,0.4659090909090909,0.8685208596713021,0.9913419913419913,0.9258760107816711,0.8619824341279799,0.9555555555555556,0.9280575539568345,0.9416058394160584,0.8896551724137931,0.9890710382513661,0.984766050054407,0.9869138495092694,0.9741657696447793,0.8390804597701149,1.0,0.9125,0.8390804597701149,0.9973118279569892,0.8451025056947609,0.9149198520345253,0.8431818181818181,0.5166666666666667,0.9841269841269841,0.6775956284153006,0.512396694214876
CRF18,CRF23,video78,739,0.8416779431664412,0.8157794692796164,0.7331798722556224,0.7370245087293873,0.6396318266401545,1.0,0.8863636363636364,0.9397590361445783,0.8863636363636364,0.96,1.0,0.9795918367346939,0.96,0.8769230769230769,0.890625,0.883720930232558,0.7916666666666666,0.7162790697674418,0.9506172839506173,0.8169761273209548,0.6905829596412556,0.7341772151898734,0.9206349206349206,0.8169014084507041,0.6904761904761905,0.4230769230769231,0.1506849315068493,0.2222222222222222,0.125,1.0,0.3333333333333333,0.5,0.3333333333333333
CRF18,CRF23,video79,3414,0.8561804335090802,0.8265107794726038,0.7455988769659586,0.7233004898561255,0.5926299757729352,1.0,0.42592592592592593,0.5974025974025974,0.42592592592592593,0.9773722627737226,0.8561381074168798,0.912747102931152,0.8394984326018808,0.5606694560669456,1.0,0.7184986595174263,0.5606694560669456,0.848559670781893,0.9502304147465438,0.8965217391304349,0.8124507486209613,0.743801652892562,0.8823529411764706,0.8071748878923767,0.6766917293233082,0.6551724137931034,0.8664495114006515,0.7461430575035063,0.5950782997762863,1.0,0.23809523809523808,0.3846153846153846,0.23809523809523808
CRF18,CRF23,video80,1724,0.8428074245939675,0.7733738268273342,0.7778668642941496,0.7325510612211907,0.6109721488397665,1.0,0.6140350877192983,0.7608695652173912,0.6140350877192983,0.9746568109820486,0.8554216867469879,0.9111549851924976,0.8368087035358114,0.9014084507042254,0.9696969696969697,0.9343065693430657,0.8767123287671232,0.6058394160583942,0.9467680608365019,0.7388724035608308,0.5858823529411765,0.7288135593220338,0.9347826086956522,0.819047619047619,0.6935483870967742,0.2028985507246377,0.6363636363636364,0.3076923076923077,0.18181818181818182,1.0,0.488,0.6559139784946236,0.488
CRF18,CRF28,video49,1671,0.9192100538599641,0.8758877053830469,0.9195502140094928,0.8860906515022331,0.8050976494290522,1.0,0.7777777777777778,0.8750000000000001,0.7777777777777778,0.93993993993994,0.8258575197889182,0.8792134831460674,0.7844611528822055,0.5454545454545454,0.9523809523809523,0.6936416184971098,0.5309734513274337,0.9530434782608695,0.9464594127806563,0.9497400346620449,0.9042904290429042,0.8333333333333334,0.9770114942528736,0.8994708994708996,0.8173076923076923,0.974025974025974,0.9689922480620154,0.9715025906735751,0.9445843828715366,0.8854166666666666,0.9883720930232558,0.9340659340659341,0.8762886597938144
CRF18,CRF28,video50,1094,0.8318098720292505,0.7351306729003896,0.5923274908592367,0.6112183948957685,0.4995974709431346,1.0,0.22388059701492538,0.36585365853658536,0.22388059701492538,0.8819188191881919,0.8371278458844134,0.8589398023360288,0.752755905511811,0.696969696969697,0.6571428571428571,0.676470588235294,0.5111111111111111,0.774818401937046,0.963855421686747,0.8590604026845637,0.7529411764705882,0.7922077922077922,1.0,0.8840579710144928,0.7922077922077922,0.0,0.0,0.0,0.0,1.0,0.4642857142857143,0.6341463414634146,0.4642857142857143
CRF18,CRF28,video51,2944,0.7116168478260869,0.8867714421530942,0.7689103377572257,0.7856158442954307,0.6726301569020477,1.0,0.8487394957983193,0.9181818181818181,0.8487394957983193,0.9536266349583828,0.7103631532329495,0.8142131979695432,0.6866438356164384,0.930327868852459,0.35917721518987344,0.5182648401826485,0.349768875192604,0.43292240754169686,0.9916943521594684,0.602725896012115,0.4313583815028902,0.9484536082474226,0.989247311827957,0.968421052631579,0.9387755102040817,0.9609375,0.6577540106951871,0.780952380952381,0.640625,0.9811320754716981,0.8253968253968254,0.8965517241379309,0.8125
CRF18,CRF28,video52,1966,0.9440488301119023,0.9275834677522804,0.9265304092852027,0.9213816821030826,0.8592421724152616,0.9565217391304348,1.0,0.9777777777777777,0.9565217391304348,0.9267326732673268,0.9873417721518988,0.9560776302349338,0.9158512720156555,0.9924528301886792,0.8042813455657493,0.8885135135135135,0.7993920972644377,0.9263657957244655,0.9948979591836735,0.959409594095941,0.9219858156028369,0.7078651685393258,0.9402985074626866,0.8076923076923077,0.6774193548387096,0.9831460674157303,0.9545454545454546,0.9686346863468634,0.9391771019677997,1.0,0.8043478260869565,0.891566265060241,0.8043478260869565
CRF18,CRF28,video53,3283,0.8946085897045385,0.8064392540391461,0.823577655360293,0.7483660342833023,0.6346748703079611,1.0,0.746268656716418,0.8547008547008548,0.746268656716418,0.9829488465396189,0.8941605839416058,0.9364548494983277,0.8805031446540881,0.49707602339181284,1.0,0.6640625,0.49707602339181284,0.9795454545454545,0.9699924981245311,0.9747455710516397,0.950735294117647,0.25203252032520324,1.0,0.4025974025974026,0.25203252032520324,0.9334719334719335,0.7546218487394958,0.8345724907063198,0.7161084529505582,1.0,0.4,0.5714285714285715,0.4
CRF18,CRF28,video54,3100,0.9661290322580646,0.9288971462131491,0.9505386323129306,0.9373935484452549,0.8852536242085838,0.9833333333333333,0.944,0.9632653061224489,0.9291338582677166,0.9634146341463414,0.9983150800336984,0.9805544062887878,0.9618506493506493,0.953125,0.9384615384615385,0.9457364341085271,0.8970588235294118,1.0,0.9725576289791438,0.9860879243183083,0.9725576289791438,0.7741935483870968,0.9863013698630136,0.8674698795180723,0.7659574468085106,0.9782135076252724,0.903420523138833,0.9393305439330544,0.8856015779092702,0.85,0.9107142857142857,0.8793103448275861,0.7846153846153846
CRF18,CRF28,video55,1037,0.9180327868852459,0.8787530780368751,0.8182776691528267,0.8245820654043184,0.7293848499694129,1.0,1.0,1.0,1.0,0.9524793388429752,1.0,0.9756613756613756,0.9524793388429752,0.8888888888888888,0.7088607594936709,0.7887323943661971,0.6511627906976745,1.0,0.9541284403669725,0.9765258215962441,0.9541284403669725,0.8604651162790697,0.6851851851851852,0.7628865979381443,0.6166666666666667,0.449438202247191,0.8695652173913043,0.5925925925925926,0.42105263157894735,1.0,0.5102040816326531,0.6756756756756758,0.5102040816326531
CRF18,CRF28,video56,1834,0.8533260632497274,0.836705226188989,0.8267996783847507,0.801713803177223,0.6763761508154159,1.0,0.4857142857142857,0.6538461538461539,0.4857142857142857,0.934052757793765,0.8752808988764045,0.9037122969837587,0.8243386243386244,0.6527777777777778,0.9791666666666666,0.7833333333333333,0.6438356164383562,0.8273921200750469,0.8480769230769231,0.8376068376068376,0.7205882352941176,0.5918367346938775,1.0,0.7435897435897436,0.5918367346938775,0.8508771929824561,0.9326923076923077,0.889908256880734,0.8016528925619835,1.0,0.6666666666666666,0.8,0.6666666666666666
CRF18,CRF28,video57,2632,0.918693009118541,0.904680971413459,0.8708692513472734,0.8856315499943327,0.8095197326746806,0.9931506849315068,1.0,0.9965635738831615,0.9931506849315068,0.9879385964912281,0.9193877551020408,0.9524312896405919,0.9091826437941474,0.7309941520467836,0.6345177664974619,0.6793478260869564,0.51440329218107,0.879277566539924,1.0,0.9357612544258979,0.879277566539924,0.9146341463414634,0.9259259259259259,0.9202453987730062,0.8522727272727273,0.8267716535433071,0.7342657342657343,0.7777777777777778,0.6363636363636364,1.0,0.8819875776397516,0.9372937293729372,0.8819875776397516
CRF18,CRF28,video58,5993,0.7246787919239113,0.6785539273504059,0.7606758774371112,0.6846309091846592,0.5314946276999237,0.5,0.925,0.6491228070175439,0.4805194805194805,0.9563443492452061,0.6920578683200472,0.8030147310722849,0.6708643388666286,0.508,0.3768545994065282,0.43270868824531517,0.27608695652173915,0.5355805243445693,0.9705882352941176,0.6902654867256637,0.527027027027027,0.5619047619047619,1.0,0.7195121951219512,0.5619047619047619,0.8373015873015873,0.7785977859778598,0.8068833652007649,0.6762820512820513,0.8507462686567164,0.5816326530612245,0.6909090909090908,0.5277777777777778
CRF18,CRF28,video59,1046,0.9244741873804971,0.9320969241501377,0.8414321789321789,0.8640505355102116,0.7764506127179297,1.0,1.0,1.0,1.0,0.9399585921325052,1.0,0.9690501600853789,0.9399585921325052,1.0,0.5125,0.6776859504132231,0.5125,0.926984126984127,1.0,0.9621087314662273,0.926984126984127,0.9787234042553191,0.696969696969697,0.8141592920353982,0.6865671641791045,0.6790123456790124,0.9821428571428571,0.8029197080291971,0.6707317073170732,1.0,0.6984126984126984,0.822429906542056,0.6984126984126984
CRF18,CRF28,video60,2532,0.6777251184834123,0.7001277288026652,0.7036521895038427,0.6345309214080769,0.5465710673967588,0.9528023598820059,1.0,0.9758308157099698,0.9528023598820059,0.9856115107913669,0.6164229471316085,0.7584775086505191,0.6109253065774805,0.8717948717948718,0.8095238095238095,0.8395061728395062,0.723404255319149,0.11778563015312132,0.9433962264150944,0.20942408376963353,0.11695906432748537,0.8617886178861789,0.9814814814814815,0.9177489177489178,0.848,0.1111111111111111,0.010638297872340425,0.01941747572815534,0.00980392156862745,1.0,0.5641025641025641,0.7213114754098361,0.5641025641025641
CRF18,CRF28,video61,4409,0.8759355863007484,0.7674252816179395,0.7104642781327897,0.673762718669142,0.5407376288208592,0.9903536977491961,0.6875,0.8115942028985508,0.6829268292682927,0.7496,0.9709844559585492,0.8460496613995485,0.7331768388106417,0.875,0.4031413612565445,0.5519713261648745,0.3811881188118812,0.9850374064837906,0.9265050820953871,0.9548751007252216,0.9136468774094063,0.4175257731958763,1.0,0.5890909090909091,0.4175257731958763,0.8333333333333334,0.21428571428571427,0.3409090909090909,0.2054794520547945,0.5211267605633803,0.7708333333333334,0.6218487394957983,0.45121951219512196
CRF18,CRF28,video62,2032,0.8065944881889764,0.9019739399476201,0.8875620469467936,0.8827142623158204,0.7959320434624414,0.9090909090909091,1.0,0.9523809523809523,0.9090909090909091,1.0,0.6551401869158878,0.7916431394692264,0.6551401869158878,1.0,0.8857142857142857,0.9393939393939393,0.8857142857142857,0.6498599439775911,0.9942857142857143,0.7859966120835686,0.6474418604651163,0.9056603773584906,0.8888888888888888,0.897196261682243,0.8135593220338984,0.9047619047619048,0.979381443298969,0.9405940594059405,0.8878504672897196,0.9444444444444444,0.8095238095238095,0.8717948717948718,0.7727272727272727
CRF18,CRF28,video63,3433,0.8791144771337023,0.7526678294742293,0.8477898397083271,0.765644031543897,0.6629350636791818,1.0,0.8833333333333333,0.9380530973451328,0.8833333333333333,0.9794392523364486,0.8896434634974533,0.9323843416370106,0.8733333333333333,0.8076923076923077,0.9333333333333333,0.8659793814432989,0.7636363636363637,0.9675417661097852,0.887089715536105,0.9255707762557077,0.8614534636634085,0.8878504672897196,0.7661290322580645,0.8225108225108225,0.6985294117647058,0.292817679558011,1.0,0.45299145299145294,0.292817679558011,0.3333333333333333,0.575,0.42201834862385323,0.26744186046511625
CRF18,CRF28,video64,2398,0.9132610508757297,0.8891697030818607,0.8984571123862521,0.8830753566947313,0.7959648951836312,0.6039603960396039,1.0,0.7530864197530863,0.6039603960396039,1.0,0.8854166666666666,0.9392265193370166,0.8854166666666666,1.0,0.8349514563106796,0.91005291005291,0.8349514563106796,0.8442714126807565,0.993455497382199,0.9128081779915815,0.8396017699115044,0.92,0.9019607843137255,0.9108910891089109,0.8363636363636363,0.9241379310344827,0.7486033519553073,0.8271604938271605,0.7052631578947368,0.9318181818181818,0.924812030075188,0.9283018867924527,0.8661971830985915
CRF18,CRF28,video65,1873,0.9631607047517352,0.7976227326468732,0.7828266257348142,0.7868037979271053,0.7342980716015173,1.0,0.9236947791164659,0.9603340292275575,0.9236947791164659,0.9743875278396437,0.9776536312849162,0.9760178471834914,0.9531590413943355,0.8125,0.9629629629629629,0.8813559322033898,0.7878787878787878,1.0,0.9782608695652174,0.989010989010989,0.9782608695652174,0.9036144578313253,0.9615384615384616,0.9316770186335404,0.872093023255814,0.0,0.0,0.0,0.0,0.8928571428571429,0.6756756756756757,0.7692307692307693,0.625
CRF18,CRF28,video66,1824,0.950109649122807,0.9122271516243147,0.8708914663939066,0.8891021671897583,0.8261073722387369,1.0,1.0,1.0,1.0,0.9863636363636363,1.0,0.9931350114416476,0.9863636363636363,0.9320987654320988,0.94375,0.9378881987577641,0.8830409356725146,0.9521276595744681,0.984869325997249,0.9682217714672076,0.9384010484927916,0.875,0.6746987951807228,0.761904761904762,0.6153846153846154,0.64,0.5581395348837209,0.5962732919254659,0.4247787610619469,1.0,0.9347826086956522,0.9662921348314606,0.9347826086956522
CRF18,CRF28,video67,2353,0.9383765405864853,0.8425166789774824,0.9372484630772815,0.8670196228224941,0.7879437377462618,0.9796954314720813,1.0,0.9897435897435898,0.9796954314720813,1.0,0.9588719153936546,0.979004199160168,0.9588719153936546,0.8771929824561403,0.9174311926605505,0.8968609865470852,0.8130081300813008,0.9721925133689839,0.9181818181818182,0.9444155844155844,0.8946850393700787,0.6666666666666666,0.9367088607594937,0.7789473684210526,0.6379310344827587,0.40186915887850466,1.0,0.5733333333333334,0.40186915887850466,1.0,0.8295454545454546,0.906832298136646,0.8295454545454546
CRF18,CRF28,video68,1972,0.9117647058823529,0.8795884363996758,0.8718566155136512,0.8529576409341066,0.7555872344585427,1.0,0.5196078431372549,0.6838709677419356,0.5196078431372549,0.9413173652694611,0.9504232164449818,0.9458483754512635,0.8972602739726028,0.9523809523809523,0.9876543209876543,0.9696969696969696,0.9411764705882353,0.9234972677595629,0.9512195121951219,0.9371534195933457,0.8817391304347826,0.6836734693877551,0.9710144927536232,0.8023952095808383,0.67,1.0,0.7230769230769231,0.8392857142857142,0.7230769230769231,0.65625,1.0,0.7924528301886793,0.65625
CRF18,CRF28,video69,4575,0.9477595628415301,0.818196870350283,0.7606579775059474,0.7848119729581098,0.7314530391609274,0.9583333333333334,1.0,0.9787234042553191,0.9583333333333334,0.9994079336885732,0.9982259018332348,0.9988165680473373,0.9976359338061466,1.0,0.7109375,0.8310502283105022,0.7109375,0.9298578199052133,0.9884130982367758,0.9582417582417583,0.919831223628692,0.8397790055248618,0.7487684729064039,0.7916666666666665,0.6551724137931034,0.0,0.0,0.0,0.0,1.0,0.8782608695652174,0.9351851851851852,0.8782608695652174
CRF18,CRF28,video70,1194,0.9095477386934674,0.8628589600586286,0.769470206087119,0.7704832556714398,0.6889625864721035,0.7777777777777778,1.0,0.8750000000000001,0.7777777777777778,0.9919191919191919,0.9800399201596807,0.9859437751004017,0.9722772277227723,0.9411764705882353,0.96,0.9504950495049505,0.9056603773584906,0.8380281690140845,0.9780821917808219,0.9026548672566371,0.8225806451612904,0.88,0.967032967032967,0.9214659685863875,0.8543689320388349,0.6111111111111112,0.1375,0.22448979591836737,0.12643678160919541,1.0,0.36363636363636365,0.5333333333333333,0.36363636363636365
CRF18,CRF28,video71,2515,0.8779324055666003,0.8003937088818045,0.7124085608361554,0.7456668045946552,0.6636562483924672,1.0,0.6111111111111112,0.7586206896551725,0.6111111111111112,0.9563953488372093,0.8190871369294606,0.8824318283415289,0.7896,0.9591836734693877,0.7704918032786885,0.8545454545454545,0.746031746031746,0.7972093023255814,0.9448732083792724,0.8647830474268415,0.7617777777777778,0.889967637540453,0.9717314487632509,0.9290540540540541,0.8675078864353313,0.0,0.0,0.0,0.0,1.0,0.8695652173913043,0.9302325581395349,0.8695652173913043
CRF18,CRF28,video72,3106,0.89407598197038,0.874045036430043,0.8861890508813902,0.8631498069684239,0.7676019788322772,1.0,0.635036496350365,0.7767857142857143,0.635036496350365,0.9537815126050421,0.9610499576629975,0.9574019401096584,0.9182847896440129,0.8951612903225806,0.9823008849557522,0.9367088607594938,0.8809523809523809,0.9615014436958614,0.833889816360601,0.8931604827894501,0.8069466882067852,0.7155963302752294,1.0,0.8342245989304813,0.7155963302752294,0.592274678111588,0.9484536082474226,0.7291941875825627,0.5738045738045738,1.0,0.8425925925925926,0.914572864321608,0.8425925925925926
CRF18,CRF28,video73,1356,0.9528023598820059,0.9396157898697975,0.9070058969475363,0.9144395346858961,0.8495185943531277,1.0,0.9896907216494846,0.9948186528497409,0.9896907216494846,0.9767441860465116,1.0,0.988235294117647,0.9767441860465116,1.0,0.6442307692307693,0.7836257309941521,0.6442307692307693,0.9255663430420712,0.9965156794425087,0.959731543624161,0.9225806451612903,0.7833333333333333,1.0,0.8785046728971964,0.7833333333333333,0.8916666666666667,0.8991596638655462,0.895397489539749,0.8106060606060606,1.0,0.8194444444444444,0.9007633587786259,0.8194444444444444
CRF18,CRF28,video74,1634,0.7368421052631579,0.824676023044894,0.6770655489503169,0.7095359564983349,0.5878941877247025,1.0,0.7471264367816092,0.8552631578947367,0.7471264367816092,0.8773234200743495,0.5700483091787439,0.6910688140556369,0.5279642058165548,0.9716981132075472,0.7984496124031008,0.876595744680851,0.7803030303030303,0.7193585337915235,0.8882602545968883,0.7949367088607594,0.6596638655462185,0.96875,0.9117647058823529,0.9393939393939394,0.8857142857142857,0.2356020942408377,0.5,0.3202846975088968,0.1906779661016949,1.0,0.3238095238095238,0.4892086330935252,0.3238095238095238
CRF18,CRF28,video75,1923,0.9386375455018201,0.7006256019020104,0.6983381187659583,0.6942646921615789,0.608415863244003,1.0,0.7950819672131147,0.8858447488584476,0.7950819672131147,0.8967136150234741,1.0,0.9455445544554456,0.8967136150234741,0.609375,0.6964285714285714,0.65,0.48148148148148145,1.0,0.9706375838926175,0.985100042571307,0.9706375838926175,0.9316239316239316,0.7898550724637681,0.8549019607843137,0.7465753424657534,0.0,0.0,0.0,0.0,0.4666666666666667,0.6363636363636364,0.5384615384615385,0.3684210526315789
CRF18,CRF28,video76,2649,0.7421668554171386,0.8714132786313434,0.6829350976520452,0.7044673207130517,0.5682586627849314,1.0,0.26666666666666666,0.4210526315789474,0.26666666666666666,0.9657853810264385,0.672077922077922,0.7925973197192087,0.6564482029598309,0.9868421052631579,0.32679738562091504,0.4909983633387888,0.32537960954446854,0.6210526315789474,0.9920870425321464,0.763899466869764,0.6179913739987677,0.6388888888888888,1.0,0.7796610169491525,0.6388888888888888,0.8873239436619719,0.65625,0.7544910179640718,0.6057692307692307,1.0,0.8666666666666667,0.9285714285714286,0.8666666666666667
CRF18,CRF28,video77,2502,0.9408473221422862,0.8851341629993842,0.9051421458870895,0.8808999896246206,0.8000670000762989,1.0,0.7727272727272727,0.8717948717948718,0.7727272727272727,0.94141689373297,0.9971139971139971,0.9684653118430273,0.938858695652174,0.9824561403508771,0.8057553956834532,0.8853754940711464,0.7943262411347518,0.9743589743589743,0.9923830250272034,0.9832884097035041,0.9671261930010604,0.8021978021978022,1.0,0.8902439024390244,0.8021978021978022,0.986737400530504,0.8473804100227791,0.9117647058823528,0.8378378378378378,0.5087719298245614,0.9206349206349206,0.655367231638418,0.48739495798319327
CRF18,CRF28,video78,739,0.8755074424898511,0.8858601365006492,0.7842693163815962,0.8146152885350533,0.6980103666963704,1.0,0.7727272727272727,0.8717948717948718,0.7727272727272727,0.9201277955271565,1.0,0.9584026622296172,0.9201277955271565,0.8448275862068966,0.765625,0.8032786885245901,0.6712328767123288,0.8360655737704918,0.9444444444444444,0.8869565217391304,0.796875,0.725,0.9206349206349206,0.8111888111888111,0.6823529411764706,0.875,0.5753424657534246,0.6942148760330579,0.5316455696202531,1.0,0.5111111111111111,0.676470588235294,0.5111111111111111
CRF18,CRF28,video79,3414,0.8678968951376684,0.8695519667034807,0.7526980701259259,0.7672615317040185,0.6520434994317253,1.0,0.5,0.6666666666666666,0.5,0.9791216702663786,0.8695652173913043,0.921097189299018,0.8537350910232266,0.9027777777777778,0.9701492537313433,0.9352517985611511,0.8783783783783784,0.8111025443330764,0.9695852534562212,0.8832913518052057,0.7909774436090226,0.8037383177570093,0.8431372549019608,0.8229665071770335,0.6991869918699187,0.6567901234567901,0.8664495114006515,0.7471910112359551,0.5964125560538116,0.9333333333333333,0.25,0.39436619718309857,0.24561403508771928
CRF18,CRF28,video80,1724,0.8578886310904872,0.798081953903991,0.7722325358139334,0.7469334697020839,0.6332071586579853,1.0,0.5614035087719298,0.7191011235955056,0.5614035087719298,0.9700413223140496,0.8702502316960148,0.9174401563263312,0.8474729241877257,0.9689922480620154,0.946969696969697,0.9578544061302682,0.9191176470588235,0.6363636363636364,0.9847908745247148,0.7731343283582089,0.6301703163017032,0.82,0.8913043478260869,0.8541666666666666,0.7454545454545455,0.19117647058823528,0.5909090909090909,0.28888888888888886,0.16883116883116883,1.0,0.56,0.717948717948718,0.56
CRF18,CRF35,video49,1671,0.940754039497307,0.9293231070522435,0.9188249203288185,0.9183172878100485,0.8529648257863934,1.0,0.6888888888888889,0.8157894736842105,0.6888888888888889,0.9240837696335078,0.9313984168865436,0.9277266754270697,0.8651960784313726,0.8,0.9523809523809523,0.8695652173913043,0.7692307692307693,0.94,0.9740932642487047,0.9567430025445293,0.9170731707317074,0.8787878787878788,1.0,0.9354838709677419,0.8787878787878788,0.9864864864864865,0.9431524547803618,0.9643328929986791,0.9311224489795918,0.9759036144578314,0.9418604651162791,0.9585798816568047,0.9204545454545454
CRF18,CRF35,video50,1094,0.7806215722120659,0.7434037176565711,0.5657523064479306,0.5974075505188577,0.4746821379911477,1.0,0.2537313432835821,0.40476190476190477,0.2537313432835821,0.8931623931623932,0.7320490367775832,0.8046198267564967,0.6731078904991948,0.8695652173913043,0.5714285714285714,0.689655172413793,0.5263157894736842,0.657314629258517,0.9879518072289156,0.7894103489771359,0.6520874751491054,0.7837837837837838,0.9508196721311475,0.8592592592592593,0.7532467532467533,0.0,0.0,0.0,0.0,1.0,0.4642857142857143,0.6341463414634146,0.4642857142857143
CRF18,CRF35,video51,2944,0.7370923913043478,0.8086942504103727,0.7886477509883109,0.7581557856612322,0.6291655717556587,1.0,0.6722689075630253,0.8040201005025126,0.6722689075630253,0.981549815498155,0.7068201948627104,0.8218331616889805,0.6975524475524476,0.9523809523809523,0.47468354430379744,0.6335797254487856,0.46367851622874806,0.4807692307692308,0.9966777408637874,0.6486486486486487,0.48,0.9247311827956989,0.9247311827956989,0.9247311827956989,0.86,0.8928571428571429,0.9358288770053476,0.9138381201044385,0.8413461538461539,0.42857142857142855,0.8095238095238095,0.5604395604395604,0.3893129770992366
CRF18,CRF35,video52,1966,0.9389623601220752,0.9160010428737352,0.9341865826119599,0.9191634418803654,0.8552268835531808,0.9649122807017544,1.0,0.9821428571428572,0.9649122807017544,0.9791666666666666,0.9915611814345991,0.9853249475890985,0.9710743801652892,0.9959514170040485,0.7522935779816514,0.8571428571428572,0.75,0.8459869848156182,0.9948979591836735,0.914419695193435,0.8423326133909287,0.7528089887640449,1.0,0.858974358974359,0.7528089887640449,0.9868173258003766,0.9527272727272728,0.969472710453284,0.940754039497307,0.8863636363636364,0.8478260869565217,0.8666666666666666,0.7647058823529411
CRF18,CRF35,video53,3283,0.8952177886079805,0.8180535553935252,0.8318434995039347,0.7715785982864182,0.6642512243979724,1.0,0.746268656716418,0.8547008547008548,0.746268656716418,0.9831683168316832,0.906021897810219,0.9430199430199431,0.8921832884097035,0.7024793388429752,1.0,0.8252427184466019,0.7024793388429752,0.9668386145910096,0.9842460615153789,0.9754646840148699,0.9521044992743106,0.2246376811594203,1.0,0.3668639053254438,0.2246376811594203,0.9325842696629213,0.6974789915966386,0.798076923076923,0.664,0.9166666666666666,0.4888888888888889,0.6376811594202899,0.46808510638297873
CRF18,CRF35,video54,3100,0.9409677419354838,0.9259803533699936,0.928943503115491,0.9223432173248197,0.858241953951644,1.0,0.864,0.9270386266094421,0.864,0.9019756838905775,1.0,0.9484618457850579,0.9019756838905775,0.9777777777777777,0.9025641025641026,0.9386666666666666,0.8844221105527639,1.0,0.8704720087815587,0.9307511737089201,0.8704720087815587,0.7227722772277227,1.0,0.8390804597701149,0.7227722772277227,0.9775510204081632,0.9637826961770624,0.9706180344478216,0.9429133858267716,0.9017857142857143,0.9017857142857143,0.9017857142857143,0.8211382113821138
CRF18,CRF35,video55,1037,0.9170684667309547,0.8627085162153122,0.8181006382851344,0.8171360772027725,0.7162519274636037,1.0,0.9047619047619048,0.9500000000000001,0.9047619047619048,0.9505154639175257,1.0,0.974630021141649,0.9505154639175257,0.8382352941176471,0.7215189873417721,0.7755102040816326,0.6333333333333333,1.0,0.9327217125382263,0.9651898734177216,0.9327217125382263,0.7105263157894737,1.0,0.8307692307692308,0.7105263157894737,0.5396825396825397,0.7391304347826086,0.6238532110091742,0.4533333333333333,1.0,0.42857142857142855,0.6,0.42857142857142855
CRF18,CRF35,video56,1834,0.871319520174482,0.8736269433118719,0.8349640169005343,0.8303570765061972,0.7199166410532378,1.0,0.42857142857142855,0.6,0.42857142857142855,0.9285714285714286,0.8764044943820225,0.9017341040462428,0.8210526315789474,0.7741935483870968,1.0,0.8727272727272727,0.7741935483870968,0.8211243611584327,0.926923076923077,0.8708220415537489,0.7712,0.7261146496815286,0.9827586206896551,0.8351648351648351,0.7169811320754716,0.8653846153846154,0.8653846153846154,0.8653846153846154,0.7627118644067796,1.0,0.7647058823529411,0.8666666666666666,0.7647058823529411
CRF18,CRF35,video57,2632,0.9042553191489362,0.9057051264333713,0.8791034837009001,0.8872822308404402,0.8084410897145521,1.0,0.9724137931034482,0.9860139860139859,0.9724137931034482,0.9882075471698113,0.8551020408163266,0.9168490153172867,0.8464646464646465,0.7889908256880734,0.8730964467005076,0.8289156626506023,0.7078189300411523,0.8470695970695971,1.0,0.9172037679722359,0.8470695970695971,0.9101123595505618,1.0,0.9529411764705883,0.9101123595505618,0.8055555555555556,0.6083916083916084,0.6932270916334661,0.5304878048780488,1.0,0.84472049689441,0.9158249158249159,0.84472049689441
CRF18,CRF35,video58,5993,0.6218922075755048,0.7702957721476389,0.6794544140072449,0.6682371922769318,0.5417755009932546,1.0,0.3,0.4615384615384615,0.3,0.9858996051889453,0.5160909359315028,0.6775193798449611,0.5123094958968347,0.32695984703632885,0.25370919881305637,0.28571428571428564,0.16666666666666666,0.4201840685496668,0.9984917043740573,0.5914675005584097,0.4199175388518871,0.9016393442622951,0.9322033898305084,0.9166666666666666,0.8461538461538461,0.9565217391304348,0.8118081180811808,0.878243512974052,0.7829181494661922,0.8008658008658008,0.9438775510204082,0.8665105386416863,0.7644628099173554
CRF18,CRF35,video59,1046,0.9388145315487572,0.914497336920422,0.8628089194561819,0.8816814961165242,0.8015237317635547,0.9722222222222222,1.0,0.9859154929577464,0.9722222222222222,0.9805194805194806,0.9977973568281938,0.9890829694323144,0.978401727861771,0.9852941176470589,0.8375,0.9054054054054055,0.8271604938271605,0.9211356466876972,1.0,0.9589490968801314,0.9211356466876972,0.8301886792452831,0.6666666666666666,0.7394957983193277,0.5866666666666667,0.7121212121212122,0.8392857142857143,0.7704918032786886,0.6266666666666667,1.0,0.6984126984126984,0.822429906542056,0.6984126984126984
CRF18,CRF35,video60,2532,0.8005529225908373,0.6587863000944904,0.7280762871475038,0.6574082733516409,0.573162282259308,1.0,0.8328173374613003,0.9087837837837838,0.8328173374613003,0.957811470006592,0.8172103487064117,0.8819423368740515,0.7888165038002172,0.9024390243902439,0.8809523809523809,0.8915662650602411,0.8043478260869565,0.1952191235059761,0.9245283018867925,0.3223684210526315,0.19215686274509805,0.9310344827586207,1.0,0.9642857142857143,0.9310344827586207,0.0,0.0,0.0,0.0,0.625,0.6410256410256411,0.6329113924050633,0.46296296296296297
CRF18,CRF35,video61,4409,0.9197096847357678,0.7903233329735742,0.7682834386707817,0.7331464530157235,0.6228572148771688,1.0,0.7276785714285714,0.8423772609819121,0.7276785714285714,0.8755760368663594,0.9844559585492227,0.926829268292683,0.8636363636363636,0.9415584415584416,0.7591623036649214,0.8405797101449276,0.725,0.9813046937151949,0.9644253322908523,0.9727917981072555,0.9470249520153551,0.4263157894736842,1.0,0.5977859778597786,0.4263157894736842,0.7058823529411765,0.17142857142857143,0.2758620689655173,0.16,0.6016260162601627,0.7708333333333334,0.6757990867579909,0.5103448275862069
CRF18,CRF35,video62,2032,0.8612204724409449,0.870800633994394,0.9220037429494712,0.8870687552626965,0.8032015075157105,1.0,1.0,1.0,1.0,1.0,0.7570093457943925,0.8617021276595744,0.7570093457943925,0.6796116504854369,1.0,0.8092485549132947,0.6796116504854369,0.7472885032537961,0.9842857142857143,0.8495684340320592,0.7384780278670954,0.8793103448275862,0.9444444444444444,0.9107142857142858,0.8360655737704918,0.9393939393939394,0.9587628865979382,0.9489795918367346,0.9029126213592233,0.85,0.8095238095238095,0.8292682926829269,0.7083333333333334
CRF18,CRF35,video63,3433,0.8587241479755316,0.6714662145170041,0.8318999968687157,0.6895054521239817,0.5630252996231625,1.0,0.6,0.7499999999999999,0.6,0.9737335834896811,0.8811544991511036,0.9251336898395722,0.8606965174129353,0.36885245901639346,1.0,0.5389221556886228,0.36885245901639346,0.9703410776075136,0.8590809628008753,0.9113277623026927,0.8371002132196163,0.7906137184115524,0.8830645161290323,0.8342857142857144,0.7156862745098039,0.33865814696485624,1.0,0.5059665871121719,0.33865814696485624,0.25806451612903225,0.6,0.3609022556390977,0.22018348623853212
CRF18,CRF35,video64,2398,0.8857381150959133,0.8742068514689907,0.8801662479785246,0.8705477912586147,0.7738900491857704,0.8591549295774648,1.0,0.9242424242424242,0.8591549295774648,1.0,0.8409090909090909,0.9135802469135803,0.8409090909090909,0.8584905660377359,0.883495145631068,0.8708133971291866,0.7711864406779662,0.7905759162303665,0.9882198952879581,0.8784176847004072,0.783195020746888,0.7622950819672131,0.9117647058823529,0.8303571428571428,0.7099236641221374,0.8913043478260869,0.6871508379888268,0.77602523659306,0.634020618556701,0.9576271186440678,0.849624060150376,0.9003984063745021,0.8188405797101449
CRF18,CRF35,video65,1873,0.9311265349706354,0.6964186879327461,0.7264330626509485,0.7052517993049745,0.6345204413667599,1.0,0.7710843373493976,0.870748299319728,0.7710843373493976,0.9706877113866967,0.9620111731843576,0.9663299663299663,0.9348534201954397,0.7342657342657343,0.9722222222222222,0.8366533864541832,0.7191780821917808,1.0,0.974308300395257,0.9869869869869871,0.974308300395257,0.8041237113402062,1.0,0.8914285714285715,0.8041237113402062,0.0,0.0,0.0,0.0,0.36585365853658536,0.40540540540540543,0.3846153846153847,0.23809523809523808
CRF18,CRF35,video66,1824,0.9331140350877193,0.8751019928760793,0.8210196513857878,0.8437559705781963,0.7736870532276681,1.0,1.0,1.0,1.0,0.9863636363636363,1.0,0.9931350114416476,0.9863636363636363,0.9316770186335404,0.9375,0.9345794392523364,0.8771929824561403,0.9250645994832042,0.984869325997249,0.9540306462358428,0.9121019108280255,0.782608695652174,0.6506024096385542,0.7105263157894737,0.5510204081632653,0.5,0.3372093023255814,0.4027777777777778,0.25217391304347825,1.0,0.8369565217391305,0.911242603550296,0.8369565217391305
CRF18,CRF35,video67,2353,0.8542286442838929,0.8045573635338573,0.8999889340444599,0.8266897442227832,0.7238684309150815,1.0,0.9689119170984456,0.9842105263157895,0.9689119170984456,0.9905808477237049,0.7414806110458284,0.8481182795698925,0.7362893815635939,0.8145161290322581,0.926605504587156,0.8669527896995709,0.7651515151515151,0.8144796380090498,0.9090909090909091,0.8591885441527447,0.7531380753138075,0.6218487394957983,0.9367088607594937,0.7474747474747474,0.5967741935483871,0.3904761904761905,0.9534883720930233,0.5540540540540541,0.38317757009345793,1.0,0.8636363636363636,0.9268292682926829,0.8636363636363636
CRF18,CRF35,video68,1972,0.9239350912778904,0.8974588813138062,0.8557016754079448,0.8493588371576587,0.7570523856219589,1.0,0.45098039215686275,0.6216216216216216,0.45098039215686275,0.9347826086956522,0.9879081015719468,0.9606114050558495,0.9242081447963801,0.8994413407821229,0.9938271604938271,0.9442815249266863,0.8944444444444445,0.9848771266540642,0.9774859287054409,0.9811676082862524,0.9630314232902033,0.875,0.9130434782608695,0.8936170212765957,0.8076923076923077,0.9923664122137404,0.6666666666666666,0.7975460122699386,0.6632653061224489,0.5957446808510638,1.0,0.7466666666666666,0.5957446808510638
CRF18,CRF35,video69,4575,0.9578142076502733,0.8167864387670967,0.756640674786083,0.7823720899581378,0.7273976309159351,0.9583333333333334,1.0,0.9787234042553191,0.9583333333333334,0.9994075829383886,0.9976345357776464,0.9985202722699024,0.9970449172576832,1.0,0.806640625,0.892972972972973,0.806640625,0.9522431259044862,0.9944584382871536,0.9728930507639231,0.9472168905950096,0.8191489361702128,0.7586206896551724,0.7877237851662403,0.6497890295358649,0.0,0.0,0.0,0.0,0.9883720930232558,0.7391304347826086,0.8457711442786069,0.7327586206896551
CRF18,CRF35,video70,1194,0.9036850921273032,0.7728910480412303,0.7556478800933141,0.7397670628792297,0.6733470468554879,0.7954545454545454,1.0,0.8860759493670886,0.7954545454545454,1.0,0.9780439121756487,0.9889001009081735,0.9780439121756487,0.9174311926605505,1.0,0.9569377990430622,0.9174311926605505,0.817351598173516,0.9808219178082191,0.8916562889165628,0.8044943820224719,0.88,0.967032967032967,0.9214659685863875,0.8543689320388349,0.0,0.0,0.0,0.0,1.0,0.36363636363636365,0.5333333333333333,0.36363636363636365
CRF18,CRF35,video71,2515,0.8652087475149105,0.7440962584272514,0.7004590045606298,0.7102393973480753,0.6151099404113084,0.8372093023255814,1.0,0.9113924050632911,0.8372093023255814,1.0,0.783402489626556,0.8785481619357841,0.783402489626556,0.78,0.639344262295082,0.7027027027027027,0.5416666666666666,0.7602085143353605,0.9647188533627343,0.8503401360544218,0.7396449704142012,0.9026845637583892,0.950530035335689,0.9259896729776248,0.8621794871794872,0.0,0.0,0.0,0.0,0.9285714285714286,0.5652173913043478,0.7027027027027025,0.5416666666666666
CRF18,CRF35,video72,3106,0.8518995492594977,0.8589959981675962,0.8519447846889199,0.8296093539315554,0.7206701543499238,1.0,0.49635036496350365,0.6634146341463415,0.49635036496350365,0.8857142857142857,0.9712108382726503,0.9264943457189015,0.8630549285176825,0.8473282442748091,0.9823008849557522,0.9098360655737705,0.8345864661654135,0.9720044792833147,0.7245409015025042,0.8302247728359636,0.7097301717089125,0.8222222222222222,0.9487179487179487,0.8809523809523809,0.7872340425531915,0.536723163841808,0.979381443298969,0.6934306569343065,0.5307262569832403,0.9489795918367347,0.8611111111111112,0.9029126213592233,0.8230088495575221
CRF18,CRF35,video73,1356,0.9564896755162242,0.9310387147038723,0.9181183645718424,0.9177716150586023,0.8542254508858307,1.0,0.9690721649484536,0.9842931937172774,0.9690721649484536,0.9936908517350158,1.0,0.9968354430379747,0.9936908517350158,1.0,0.7692307692307693,0.8695652173913044,0.7692307692307693,0.9188311688311688,0.9860627177700348,0.9512605042016807,0.907051282051282,0.6865671641791045,0.9787234042553191,0.807017543859649,0.6764705882352942,0.9181818181818182,0.8487394957983193,0.8820960698689957,0.7890625,1.0,0.875,0.9333333333333333,0.875
CRF18,CRF35,video74,1634,0.7509179926560587,0.8029491358855007,0.653945771910789,0.6978939951077746,0.6075320148239785,1.0,0.7701149425287356,0.8701298701298702,0.7701149425287356,0.9290540540540541,0.6642512077294686,0.7746478873239436,0.632183908045977,1.0,0.9457364341085271,0.9721115537848606,0.9457364341085271,0.7305458768873403,0.8896746817538896,0.8022959183673468,0.6698615548455804,0.9411764705882353,0.9411764705882353,0.9411764705882353,0.8888888888888888,0.019867549668874173,0.03333333333333333,0.024896265560165977,0.012605042016806723,1.0,0.3333333333333333,0.5,0.3333333333333333
CRF18,CRF35,video75,1923,0.9375975039001561,0.7037673486932877,0.6952928049673041,0.6885001993394537,0.5996951733417556,1.0,0.7049180327868853,0.8269230769230769,0.7049180327868853,0.8842592592592593,1.0,0.9385749385749386,0.8842592592592593,0.6363636363636364,0.75,0.6885245901639345,0.525,1.0,0.9773489932885906,0.9885447602885024,0.9773489932885906,0.9906542056074766,0.7681159420289855,0.8653061224489795,0.762589928057554,0.0,0.0,0.0,0.0,0.41509433962264153,0.6666666666666666,0.5116279069767442,0.34375
CRF18,CRF35,video76,2649,0.7146092865232163,0.8499469845545751,0.6219850774137549,0.6283964987734943,0.4949942681878456,1.0,0.1,0.18181818181818182,0.1,0.9549248747913188,0.6190476190476191,0.7511490479317137,0.601472134595163,0.9870967741935484,0.3333333333333333,0.49837133550488594,0.3318872017353579,0.6014405762304922,0.9910979228486647,0.748599178184535,0.5982089552238806,0.552,1.0,0.711340206185567,0.552,0.8541666666666666,0.4270833333333333,0.5694444444444444,0.39805825242718446,1.0,0.8833333333333333,0.9380530973451328,0.8833333333333333
CRF18,CRF35,video77,2502,0.9356514788169464,0.8730785676015458,0.9088508616990001,0.871196228293628,0.7832703098737014,1.0,0.7613636363636364,0.8645161290322582,0.7613636363636364,0.9338731443994602,0.9985569985569985,0.9651324965132496,0.9326145552560647,0.9739130434782609,0.8057553956834532,0.8818897637795277,0.7887323943661971,0.9786324786324786,0.9967355821545157,0.987601078167116,0.9755058572949947,0.7087378640776699,1.0,0.8295454545454545,0.7087378640776699,1.0,0.7995444191343963,0.8886075949367088,0.7995444191343963,0.5163934426229508,1.0,0.6810810810810811,0.5163934426229508
CRF18,CRF35,video78,739,0.8376184032476319,0.8465763427173203,0.742787570553797,0.7454217091294926,0.6332280391430306,1.0,0.7272727272727273,0.8421052631578948,0.7272727272727273,0.9504950495049505,1.0,0.9746192893401014,0.9504950495049505,0.7625,0.953125,0.8472222222222222,0.7349397590361446,0.7044334975369458,0.8827160493827161,0.7835616438356164,0.6441441441441441,0.7228915662650602,0.9523809523809523,0.8219178082191781,0.6976744186046512,0.7857142857142857,0.1506849315068493,0.2528735632183908,0.14473684210526316,1.0,0.5333333333333333,0.6956521739130436,0.5333333333333333
CRF18,CRF35,video79,3414,0.8107791446983011,0.8293184652061598,0.723109926585234,0.716307228229222,0.5791344826022264,1.0,0.46296296296296297,0.6329113924050632,0.46296296296296297,0.9753610875106202,0.7340153452685422,0.8376504925209777,0.7206528562460766,0.5770925110132159,0.9776119402985075,0.7257617728531857,0.5695652173913044,0.7470383275261324,0.9880184331797235,0.8507936507936509,0.7403314917127072,0.9294117647058824,0.7745098039215687,0.8449197860962567,0.7314814814814815,0.6477541371158393,0.8925081433224755,0.7506849315068493,0.6008771929824561,0.9285714285714286,0.23214285714285715,0.3714285714285714,0.22807017543859648
CRF18,CRF35,video80,1724,0.8335266821345708,0.7852775764374771,0.7882639094439481,0.7472684621438817,0.6262153695727513,1.0,0.631578947368421,0.7741935483870968,0.631578947368421,0.9749455337690632,0.8294717330861909,0.8963445167751627,0.8121597096188747,0.9014084507042254,0.9696969696969697,0.9343065693430657,0.8767123287671232,0.5698198198198198,0.9619771863117871,0.7157001414427157,0.5572687224669604,0.82,0.8913043478260869,0.8541666666666666,0.7454545454545455,0.23076923076923078,0.6818181818181818,0.3448275862068966,0.20833333333333334,1.0,0.552,0.711340206185567,0.552
CRF18,CRF51,video49,1671,0.8892878515858768,0.8617241109293389,0.8400241271306071,0.8319650776489028,0.7212585836139491,1.0,0.5222222222222223,0.6861313868613139,0.5222222222222223,0.884020618556701,0.9050131926121372,0.894393741851369,0.8089622641509434,0.86,0.6825396825396826,0.7610619469026547,0.6142857142857143,0.9052453468697124,0.924006908462867,0.9145299145299145,0.84251968503937,0.6991869918699187,0.9885057471264368,0.8190476190476191,0.6935483870967742,0.9887005649717514,0.9043927648578811,0.9446693657219973,0.8951406649616368,0.6949152542372882,0.9534883720930233,0.803921568627451,0.6721311475409836
CRF18,CRF51,video50,1094,0.5447897623400365,0.5756965059274419,0.43190349174198456,0.42979704621389814,0.3257088529896666,1.0,0.22388059701492538,0.36585365853658536,0.22388059701492538,0.7729257641921398,0.30998248686514884,0.4425,0.2841091492776886,0.0,0.0,0.0,0.0,0.43342036553524804,1.0,0.6047358834244081,0.43342036553524804,0.8235294117647058,0.9180327868852459,0.868217054263566,0.7671232876712328,0.0,0.0,0.0,0.0,1.0,0.5714285714285714,0.7272727272727273,0.5714285714285714
CRF18,CRF51,video51,2944,0.609375,0.8454336208258748,0.7298939981204475,0.7115031557193564,0.6042677613520366,1.0,0.9621848739495799,0.9807280513918629,0.9621848739495799,0.9425981873111783,0.5527015057573074,0.696817420435511,0.5347043701799485,0.96,0.11392405063291139,0.2036775106082037,0.11338582677165354,0.3551912568306011,0.9717607973421927,0.5202312138728324,0.3515625,0.975,0.8387096774193549,0.9017341040462428,0.8210526315789474,0.8,0.8128342245989305,0.8063660477453582,0.6755555555555556,0.8852459016393442,0.8571428571428571,0.8709677419354839,0.7714285714285715
CRF18,CRF51,video52,1966,0.8743641912512716,0.8860635571375896,0.8435200003671693,0.8442073490751791,0.7499660501679136,0.9401709401709402,1.0,0.9691629955947136,0.9401709401709402,0.8221830985915493,0.9852320675105485,0.8963531669865643,0.8121739130434783,0.9788732394366197,0.42507645259938837,0.5927505330490405,0.4212121212121212,0.790650406504065,0.9923469387755102,0.8800904977375567,0.7858585858585858,0.6891891891891891,0.7611940298507462,0.7234042553191488,0.5666666666666667,0.9813780260707635,0.9581818181818181,0.9696412143514259,0.9410714285714286,1.0,0.782608695652174,0.878048780487805,0.782608695652174
CRF18,CRF51,video53,3283,0.906487968321657,0.8530167456893457,0.7576790053627942,0.7617241744980987,0.6443378852780582,1.0,0.7164179104477612,0.8347826086956522,0.7164179104477612,0.9669669669669669,0.8813868613138686,0.9221957040572792,0.8556244464127547,0.7272727272727273,0.47058823529411764,0.5714285714285714,0.4,0.8977505112474438,0.9879969992498124,0.9407142857142857,0.8880647336480108,0.4295774647887324,0.9838709677419355,0.5980392156862744,0.42657342657342656,0.9495495495495495,0.8857142857142857,0.9165217391304348,0.8459069020866774,1.0,0.37777777777777777,0.5483870967741935,0.37777777777777777
CRF18,CRF51,video54,3100,0.8538709677419355,0.8351549518126954,0.760726894815211,0.7460493130700184,0.630982391957513,1.0,0.168,0.28767123287671237,0.168,0.8079834824501032,0.9890480202190396,0.8893939393939394,0.800818553888131,0.7377049180327869,0.6923076923076923,0.7142857142857143,0.5555555555555556,0.9792746113989638,0.8298572996706916,0.8983957219251337,0.8155339805825242,0.8021978021978022,1.0,0.8902439024390244,0.8021978021978022,0.9607843137254902,0.7887323943661971,0.8662983425414365,0.7641325536062378,0.5581395348837209,0.8571428571428571,0.676056338028169,0.5106382978723404
CRF18,CRF51,video55,1037,0.8736740597878495,0.8643290748270068,0.7112826600206021,0.6957919348205154,0.60775598177554,1.0,0.9047619047619048,0.9500000000000001,0.9047619047619048,0.9504132231404959,0.9978308026030369,0.9735449735449736,0.9484536082474226,1.0,0.012658227848101266,0.024999999999999998,0.012658227848101266,0.8447368421052631,0.981651376146789,0.908062234794908,0.8316062176165803,0.7297297297297297,1.0,0.8437499999999999,0.7297297297297297,0.5254237288135594,0.6739130434782609,0.5904761904761905,0.4189189189189189,1.0,0.40816326530612246,0.5797101449275363,0.40816326530612246
CRF18,CRF51,video56,1834,0.8953107960741549,0.883753053552297,0.7618201304006835,0.7827577350026598,0.6683016573830548,1.0,0.3047619047619048,0.4671532846715329,0.3047619047619048,0.9191709844559586,0.996629213483146,0.9563342318059299,0.9163223140495868,0.8958333333333334,0.8958333333333334,0.8958333333333334,0.8113207547169812,0.9511201629327902,0.8980769230769231,0.9238377843719091,0.8584558823529411,0.5904255319148937,0.9568965517241379,0.7302631578947368,0.5751295336787565,0.9473684210526315,0.6923076923076923,0.7999999999999999,0.6666666666666666,0.8823529411764706,0.5882352941176471,0.7058823529411764,0.5454545454545454
CRF18,CRF51,video57,2632,0.6504559270516718,0.7170172067341029,0.6418947214823305,0.5939767467065994,0.44558572010725833,1.0,0.11724137931034483,0.20987654320987653,0.11724137931034483,0.6966292134831461,0.5061224489795918,0.5862884160756502,0.41471571906354515,0.580441640378549,0.934010152284264,0.7159533073929962,0.5575757575757576,0.637123745819398,0.8237837837837838,0.7185289957567185,0.5607064017660044,0.421875,1.0,0.5934065934065934,0.421875,0.7,0.3916083916083916,0.5022421524663677,0.33532934131736525,0.9830508474576272,0.7204968944099379,0.8315412186379929,0.7116564417177914
CRF18,CRF51,video58,5993,0.514767228433172,0.6471495519519485,0.5012763475096554,0.46839429311950703,0.33756013873933205,1.0,0.1,0.18181818181818182,0.1,0.8300849575212393,0.49040448774726897,0.6165553080920564,0.44566675610410517,0.35714285714285715,0.00741839762611276,0.014534883720930232,0.007320644216691069,0.30815623205054565,0.8092006033182504,0.44633943427620637,0.28728246318607764,0.5652173913043478,0.8813559322033898,0.6887417218543046,0.5252525252525253,0.6842105263157895,0.6236162361623616,0.6525096525096524,0.48424068767908307,0.785234899328859,0.5969387755102041,0.6782608695652175,0.5131578947368421
CRF18,CRF51,video59,1046,0.8709369024856597,0.8729911958733887,0.6921617630032503,0.7442713479312586,0.6170253419158171,1.0,0.5428571428571428,0.7037037037037037,0.5428571428571428,0.8697318007662835,1.0,0.930327868852459,0.8697318007662835,0.9285714285714286,0.325,0.48148148148148157,0.3170731707317073,0.9009287925696594,0.9965753424657534,0.9463414634146342,0.8981481481481481,0.7291666666666666,0.5303030303030303,0.6140350877192983,0.4430379746835443,0.6825396825396826,0.7678571428571429,0.7226890756302521,0.5657894736842105,1.0,0.6825396825396826,0.8113207547169812,0.6825396825396826
CRF18,CRF51,video60,2532,0.7180094786729858,0.6394344070709784,0.5534049136927163,0.5353927791486651,0.4046131024520586,1.0,0.4055727554179567,0.5770925110132159,0.4055727554179567,0.867699642431466,0.8188976377952756,0.8425925925925926,0.728,0.6329113924050633,0.5952380952380952,0.6134969325153375,0.4424778761061947,0.1891348088531187,0.8867924528301887,0.3117744610281924,0.18467583497053044,0.7619047619047619,0.5925925925925926,0.6666666666666666,0.5,0.024390243902439025,0.010638297872340425,0.014814814814814814,0.007462686567164179,1.0,0.5641025641025641,0.7213114754098361,0.5641025641025641
CRF18,CRF51,video61,4409,0.837604899070084,0.5229831626077508,0.5975993532300118,0.5247259105060713,0.4274655313373482,1.0,0.4888392857142857,0.6566716641679161,0.4888392857142857,0.7512,0.9730569948186528,0.8478555304740406,0.7358934169278997,0.0,0.0,0.0,0.0,0.9170844581565754,0.9296325254104769,0.9233158609978644,0.857554994590696,0.3894230769230769,1.0,0.5605536332179931,0.3894230769230769,0.0,0.0,0.0,0.0,0.6031746031746031,0.7916666666666666,0.6846846846846846,0.5205479452054794
CRF18,CRF51,video62,2032,0.8070866141732284,0.8916409745807234,0.833316308870381,0.8442535692598453,0.7493128054026428,1.0,1.0,1.0,1.0,0.8727655099894848,0.7757009345794392,0.8213755566551213,0.6968933669185559,0.9295774647887324,0.9428571428571428,0.9361702127659575,0.88,0.7014742014742015,0.8157142857142857,0.7542932628797886,0.6055143160127253,0.8867924528301887,0.8703703703703703,0.8785046728971964,0.7833333333333333,0.8508771929824561,1.0,0.919431279620853,0.8508771929824561,1.0,0.42857142857142855,0.6,0.42857142857142855
CRF18,CRF51,video63,3433,0.6973492572094379,0.6428658026258691,0.6279548324353152,0.5470645179901823,0.4364928719906502,1.0,0.5416666666666666,0.7027027027027027,0.5416666666666666,0.9713701431492843,0.8064516129032258,0.8812615955473098,0.7877280265339967,0.7454545454545455,0.9111111111111111,0.8200000000000001,0.6949152542372882,0.9335211267605634,0.725164113785558,0.816256157635468,0.6895547232625884,0.6349206349206349,0.16129032258064516,0.2572347266881029,0.14760147601476015,0.12045454545454545,1.0,0.21501014198782964,0.12045454545454545,0.09433962264150944,0.25,0.13698630136986303,0.07352941176470588
CRF18,CRF51,video64,2398,0.8323603002502085,0.6963828306305422,0.7475170284238499,0.7071075694305703,0.6062610141501324,0.648936170212766,1.0,0.7870967741935483,0.648936170212766,0.9789590254706534,0.8371212121212122,0.9025012761613068,0.8223255813953488,0.0,0.0,0.0,0.0,0.7191235059760956,0.9450261780104712,0.8167420814479638,0.6902485659655831,0.6326530612244898,0.9117647058823529,0.746987951807229,0.5961538461538461,0.9037037037037037,0.6815642458100558,0.7770700636942675,0.6354166666666666,0.991304347826087,0.8571428571428571,0.9193548387096774,0.8507462686567164
CRF18,CRF51,video65,1873,0.9620928990923652,0.774152485561517,0.818881385647454,0.7918394190688864,0.7399608538444838,1.0,0.9437751004016064,0.9710743801652892,0.9437751004016064,0.9818799546998868,0.9687150837988827,0.9752530933633297,0.9517014270032931,0.7310344827586207,0.9814814814814815,0.8379446640316206,0.7210884353741497,1.0,0.9664031620553359,0.9829145728643216,0.9664031620553359,0.918918918918919,0.8717948717948718,0.8947368421052632,0.8095238095238095,0.0,0.0,0.0,0.0,0.7872340425531915,1.0,0.880952380952381,0.7872340425531915
CRF18,CRF51,video66,1824,0.8541666666666666,0.765692119845282,0.6783283622935962,0.6819335908681365,0.5955814725825466,1.0,0.8,0.888888888888889,0.8,0.7900485436893204,1.0,0.8827118644067797,0.7900485436893204,0.5,0.0125,0.02439024390243903,0.012345679012345678,0.9767441860465116,0.9821182943603851,0.9794238683127571,0.9596774193548387,0.5769230769230769,0.7228915662650602,0.6417112299465241,0.47244094488188976,0.5161290322580645,0.37209302325581395,0.4324324324324324,0.27586206896551724,1.0,0.8586956521739131,0.9239766081871346,0.8586956521739131
CRF18,CRF51,video67,2353,0.8703782405439864,0.80710530578631,0.8240570517061705,0.7983322876541302,0.6758934879124612,1.0,0.5854922279792746,0.738562091503268,0.5854922279792746,0.9058823529411765,0.9048178613396005,0.9053497942386832,0.8270676691729323,0.819047619047619,0.7889908256880734,0.8037383177570094,0.671875,0.906060606060606,0.906060606060606,0.906060606060606,0.8282548476454293,0.44666666666666666,0.8481012658227848,0.5851528384279475,0.41358024691358025,0.7659574468085106,0.8372093023255814,0.8,0.6666666666666666,0.8061224489795918,0.8977272727272727,0.849462365591398,0.7383177570093458
CRF18,CRF51,video68,1972,0.9056795131845842,0.8703784560002806,0.8369471203332262,0.816244754935434,0.7107401904571126,1.0,0.43137254901960786,0.6027397260273972,0.43137254901960786,0.926052332195677,0.9842805320435308,0.9542790152403283,0.9125560538116592,0.9615384615384616,0.9259259259259259,0.9433962264150944,0.8928571428571429,0.9663551401869159,0.9699812382739212,0.9681647940074907,0.9382940108892922,0.6831683168316832,1.0,0.8117647058823529,0.6831683168316832,0.990909090909091,0.558974358974359,0.7147540983606557,0.5561224489795918,0.564625850340136,0.9880952380952381,0.7186147186147187,0.5608108108108109
CRF18,CRF51,video69,4575,0.8030601092896175,0.7875329101888752,0.59465334060546,0.6246237324064859,0.5378840205168522,1.0,0.6521739130434783,0.7894736842105263,0.6521739130434783,0.9829059829059829,0.8160851567120048,0.8917609046849758,0.8046647230320699,1.0,0.078125,0.14492753623188406,0.078125,0.713608172199927,0.985390428211587,0.8277613203554804,0.7061371841155235,0.8162162162162162,0.7438423645320197,0.7783505154639175,0.6371308016877637,0.0,0.0,0.0,0.0,1.0,0.8869565217391304,0.9400921658986175,0.8869565217391304
CRF18,CRF51,video70,1194,0.8015075376884422,0.7312982888721263,0.5921737283520274,0.5527581902668114,0.455647765965432,0.6481481481481481,1.0,0.7865168539325843,0.6481481481481481,0.9359223300970874,0.9620758483033932,0.9488188976377954,0.9026217228464419,0.6666666666666666,0.04,0.07547169811320754,0.0392156862745098,0.7136842105263158,0.9287671232876712,0.807142857142857,0.6766467065868264,0.688,0.945054945054945,0.7962962962962962,0.6615384615384615,0.4666666666666667,0.0875,0.14736842105263157,0.07954545454545454,1.0,0.18181818181818182,0.3076923076923077,0.18181818181818182
CRF18,CRF51,video71,2515,0.8544731610337972,0.7058085669598075,0.5920243258861928,0.6053592146524214,0.49725112439907654,1.0,0.5,0.6666666666666666,0.5,0.930835734870317,0.804149377593361,0.8628673196794302,0.7588097102584181,0.8,0.19672131147540983,0.31578947368421056,0.1875,0.7836153161175423,0.9702315325248071,0.8669950738916256,0.7652173913043478,0.896797153024911,0.8904593639575972,0.8936170212765958,0.8076923076923077,0.0,0.0,0.0,0.0,0.5294117647058824,0.782608695652174,0.631578947368421,0.46153846153846156
CRF18,CRF51,video72,3106,0.8725048293625242,0.8324380480506246,0.8498828797690914,0.8294586616361194,0.7132868438223205,0.9150943396226415,0.708029197080292,0.7983539094650205,0.6643835616438356,0.9512195121951219,0.8585944115156647,0.9025367156208278,0.8223844282238443,0.7456140350877193,0.7522123893805309,0.7488986784140969,0.5985915492957746,0.8773662551440329,0.8898163606010017,0.8835474513054289,0.791388270230141,0.6166666666666667,0.9487179487179487,0.7474747474747475,0.5967741935483871,0.7211055276381909,0.9862542955326461,0.8330914368650217,0.7139303482587065,1.0,0.8055555555555556,0.8923076923076924,0.8055555555555556
CRF18,CRF51,video73,1356,0.9498525073746312,0.927128072097906,0.9032723328018168,0.9094431433474464,0.838673081833727,1.0,0.8556701030927835,0.9222222222222222,0.8556701030927835,0.9545454545454546,1.0,0.9767441860465117,0.9545454545454546,0.946236559139785,0.8461538461538461,0.8934010152284263,0.8073394495412844,0.9964664310954063,0.9825783972125436,0.9894736842105264,0.9791666666666666,0.7076923076923077,0.9787234042553191,0.8214285714285715,0.696969696969697,0.8849557522123894,0.8403361344537815,0.8620689655172413,0.7575757575757576,1.0,0.8194444444444444,0.9007633587786259,0.8194444444444444
CRF18,CRF51,video74,1634,0.602203182374541,0.6341011772312325,0.5970670372503225,0.5890124511784405,0.44546917675077374,1.0,0.7471264367816092,0.8552631578947367,0.7471264367816092,0.6256281407035176,0.6014492753623188,0.6133004926108374,0.4422735346358792,0.449438202247191,0.9302325581395349,0.606060606060606,0.43478260869565216,0.6391437308868502,0.5912305516265912,0.6142542248346804,0.4432661717921527,0.8061224489795918,0.7745098039215687,0.79,0.6528925619834711,0.1792452830188679,0.2111111111111111,0.19387755102040816,0.10734463276836158,0.7391304347826086,0.3238095238095238,0.4503311258278146,0.2905982905982906
CRF18,CRF51,video75,1923,0.9360374414976599,0.7142314839410789,0.6864904610595259,0.6955505420260588,0.6065441257570136,1.0,0.6967213114754098,0.821256038647343,0.6967213114754098,0.8642533936651584,1.0,0.9271844660194175,0.8642533936651584,0.6166666666666667,0.6607142857142857,0.6379310344827587,0.46835443037974683,1.0,0.9664429530201343,0.9829351535836178,0.9664429530201343,0.9057971014492754,0.9057971014492754,0.9057971014492753,0.8278145695364238,0.0,0.0,0.0,0.0,0.6129032258064516,0.5757575757575758,0.59375,0.4222222222222222
CRF18,CRF51,video76,2649,0.6715741789354474,0.8459061563494507,0.6306729926032099,0.6345449379618124,0.5112471337663193,1.0,0.3,0.4615384615384615,0.3,0.9657534246575342,0.6103896103896104,0.7480106100795755,0.597457627118644,0.8571428571428571,0.026143790849673203,0.0507399577167019,0.026030368763557483,0.5561674008810573,0.9990108803165183,0.7145383799080298,0.5558613098514034,0.71875,1.0,0.8363636363636363,0.71875,0.8235294117647058,0.7291666666666666,0.7734806629834253,0.6306306306306306,1.0,0.75,0.8571428571428571,0.75
CRF18,CRF51,video77,2502,0.9244604316546763,0.8848301286257195,0.8791262236700117,0.8532823803024759,0.7639603358613576,1.0,0.4602272727272727,0.6303501945525292,0.4602272727272727,0.8706030150753769,1.0,0.9308260577568838,0.8706030150753769,1.0,0.8633093525179856,0.9266409266409266,0.8633093525179856,0.9870967741935484,0.998911860718172,0.9929691725256895,0.9860365198711063,0.8111111111111111,1.0,0.8957055214723927,0.8111111111111111,1.0,0.8314350797266514,0.907960199004975,0.8314350797266514,0.525,1.0,0.6885245901639345,0.525
CRF18,CRF51,video78,739,0.5764546684709067,0.7100508307760308,0.5435818645640075,0.558300624701377,0.4199473376223653,1.0,0.6590909090909091,0.7945205479452054,0.6590909090909091,0.9078947368421053,0.4791666666666667,0.6272727272727273,0.45695364238410596,1.0,0.390625,0.5617977528089888,0.390625,0.37327188940092165,1.0,0.5436241610738255,0.37327188940092165,0.6891891891891891,0.8095238095238095,0.7445255474452555,0.5930232558139535,0.0,0.0,0.0,0.0,1.0,0.4666666666666667,0.6363636363636364,0.4666666666666667
CRF18,CRF51,video79,3414,0.6086701816051553,0.7583783172987376,0.600636677796987,0.5776922576295868,0.4219051530031957,1.0,0.25925925925925924,0.4117647058823529,0.25925925925925924,0.9676375404530745,0.38235294117647056,0.5481209899175068,0.37752525252525254,0.6146788990825688,1.0,0.7613636363636362,0.6146788990825688,0.4997624703087886,0.9695852534562212,0.6595611285266458,0.4920486435921422,0.7096774193548387,0.8627450980392157,0.7787610619469026,0.6376811594202898,0.5168918918918919,0.498371335504886,0.5074626865671642,0.34,1.0,0.23214285714285715,0.37681159420289856,0.23214285714285715
CRF18,CRF51,video80,1724,0.5893271461716937,0.6697203791431675,0.5008925976694261,0.5147467940639638,0.3741564719318732,1.0,0.47368421052631576,0.6428571428571429,0.47368421052631576,0.9510603588907015,0.5403151065801668,0.6891252955082743,0.5256988277727682,0.8585858585858586,0.6439393939393939,0.7359307359307359,0.5821917808219178,0.27839643652561247,0.9505703422053232,0.4306632213608958,0.27442371020856204,0.6,0.5217391304347826,0.5581395348837209,0.3870967741935484,0.0,0.0,0.0,0.0,1.0,0.376,0.5465116279069768,0.376
CRF23,Original,video49,1671,0.9275882704967086,0.9196849435399169,0.9045301130347732,0.9082187455632582,0.8335066773211197,1.0,0.7222222222222222,0.8387096774193548,0.7222222222222222,0.9335106382978723,0.9261213720316622,0.9298013245033112,0.8688118811881188,0.9032258064516129,0.8888888888888888,0.8959999999999999,0.8115942028985508,0.9392361111111112,0.9343696027633851,0.9367965367965367,0.8811074918566775,0.8791208791208791,0.9195402298850575,0.898876404494382,0.8163265306122449,0.9255583126550868,0.9638242894056848,0.9443037974683545,0.894484412470024,0.8571428571428571,0.9767441860465116,0.9130434782608695,0.84
CRF23,Original,video50,1094,0.7632541133455211,0.746909801659279,0.532327352638701,0.563862799250168,0.4433070814871868,1.0,0.22388059701492538,0.36585365853658536,0.22388059701492538,0.8614072494669509,0.7075306479859895,0.7769230769230769,0.6352201257861635,0.9166666666666666,0.3142857142857143,0.4680851063829787,0.3055555555555556,0.650294695481336,0.9969879518072289,0.7871581450653984,0.6490196078431373,0.8,0.9836065573770492,0.8823529411764706,0.7894736842105263,0.0,0.0,0.0,0.0,1.0,0.5,0.6666666666666666,0.5
CRF23,Original,video51,2944,0.6983695652173914,0.842815538334314,0.8045552305530791,0.7914152244701651,0.6803683376491619,1.0,0.9663865546218487,0.9829059829059829,0.9663865546218487,0.9638205499276411,0.5899025686448184,0.7318681318681318,0.5771230502599654,0.842948717948718,0.4161392405063291,0.5572033898305085,0.38619676945668135,0.4328136599851522,0.96843853820598,0.5982555156490507,0.4267935578330893,0.9230769230769231,0.9032258064516129,0.9130434782608696,0.84,0.8232558139534883,0.946524064171123,0.8805970149253731,0.7866666666666666,0.9137931034482759,0.8412698412698413,0.8760330578512397,0.7794117647058824
CRF23,Original,video52,1966,0.9303153611393693,0.9422986646967761,0.9289396179328513,0.928306042080626,0.8735580364924255,0.9565217391304348,1.0,0.9777777777777777,0.9565217391304348,0.8072289156626506,0.989451476793249,0.8890995260663508,0.8003412969283277,0.995260663507109,0.6422018348623854,0.7806691449814126,0.6402439024390244,0.9873096446700508,0.9923469387755102,0.9898218829516539,0.9798488664987406,0.9054054054054054,1.0,0.950354609929078,0.9054054054054054,0.9908759124087592,0.9872727272727273,0.9890710382513662,0.9783783783783784,0.9534883720930233,0.8913043478260869,0.9213483146067417,0.8541666666666666
CRF23,Original,video53,3283,0.9055741699664941,0.7901298784455669,0.8846665212140152,0.8006586850714166,0.694871603571155,1.0,0.8059701492537313,0.8925619834710743,0.8059701492537313,0.9858585858585859,0.8905109489051095,0.9357622243528283,0.8792792792792793,0.5874125874125874,0.9882352941176471,0.7368421052631577,0.5833333333333334,0.99921875,0.959489872468117,0.9789513968618446,0.9587706146926537,0.2966507177033493,1.0,0.4575645756457565,0.2966507177033493,0.8568904593639576,0.8151260504201681,0.8354866494401377,0.7174556213017751,0.8048780487804879,0.7333333333333333,0.7674418604651163,0.6226415094339622
CRF23,Original,video54,3100,0.9348387096774193,0.9334881724913437,0.8948576822456061,0.9056856704003768,0.8314647182393434,1.0,0.72,0.8372093023255813,0.72,0.8825278810408922,1.0,0.9375987361769351,0.8825278810408922,0.9868421052631579,0.7692307692307693,0.8645533141210374,0.7614213197969543,0.9987639060568603,0.8869374313940724,0.9395348837209303,0.8859649122807017,0.75,0.9863013698630136,0.8520710059171598,0.7422680412371134,0.9799196787148594,0.9818913480885312,0.9809045226130654,0.9625246548323472,0.9363636363636364,0.9196428571428571,0.9279279279279279,0.865546218487395
CRF23,Original,video55,1037,0.9132111861137898,0.877250395107538,0.8342311236405138,0.8360756171328954,0.7420599216939285,1.0,1.0,1.0,1.0,0.9313131313131313,1.0,0.9644351464435147,0.9313131313131313,0.8571428571428571,0.5316455696202531,0.65625,0.4883720930232558,0.9902597402597403,0.9327217125382263,0.9606299212598425,0.9242424242424242,0.8703703703703703,0.8703703703703703,0.8703703703703703,0.7704918032786885,0.525,0.9130434782608695,0.6666666666666667,0.5,0.9666666666666667,0.5918367346938775,0.7341772151898733,0.58
CRF23,Original,video56,1834,0.7955288985823337,0.8069263461327659,0.8228639813747451,0.7907417408058609,0.6579120191198294,1.0,0.5142857142857142,0.6792452830188679,0.5142857142857142,0.9284712482468443,0.7438202247191011,0.8259513412351841,0.7035069075451648,0.7014925373134329,0.9791666666666666,0.8173913043478261,0.6911764705882353,0.6792738275340393,0.8634615384615385,0.7603725656223539,0.6133879781420765,0.6137566137566137,1.0,0.760655737704918,0.6137566137566137,0.8921568627450981,0.875,0.883495145631068,0.7913043478260869,0.8333333333333334,0.7843137254901961,0.8080808080808081,0.6779661016949152
CRF23,Original,video57,2632,0.8761398176291794,0.8751650069566957,0.9151623495690456,0.884836562273601,0.8050185747909288,0.9727891156462585,0.9862068965517241,0.9794520547945206,0.959731543624161,0.9971988795518207,0.726530612244898,0.8406139315230224,0.725050916496945,0.5552147239263804,0.9187817258883249,0.6921606118546846,0.5292397660818714,0.8609271523178808,0.9837837837837838,0.9182643794147325,0.8488805970149254,0.8314606741573034,0.9135802469135802,0.8705882352941177,0.7708333333333334,0.9148936170212766,0.9020979020979021,0.9084507042253521,0.832258064516129,0.9936708860759493,0.9751552795031055,0.9843260188087773,0.9691358024691358
CRF23,Original,video58,5993,0.6873018521608544,0.7580911692668107,0.7466003991084752,0.7202787224361058,0.5776181934798832,1.0,0.5125,0.6776859504132231,0.5125,0.9537487828627069,0.5783879539415412,0.7200882190773754,0.5626076967260195,0.3644400785854617,0.5504451038575667,0.43853427895981084,0.2808478425435276,0.5591627509611278,0.9871794871794872,0.713935096809381,0.5551314673452078,0.7857142857142857,0.9322033898305084,0.8527131782945736,0.7432432432432432,0.9162995594713657,0.7675276752767528,0.8353413654618473,0.7172413793103448,0.7272727272727273,0.8979591836734694,0.8036529680365297,0.6717557251908397
CRF23,Original,video59,1046,0.9359464627151052,0.9079594253360692,0.8699631848467594,0.882202273451823,0.7961302568491273,0.8536585365853658,1.0,0.9210526315789475,0.8536585365853658,0.9696969696969697,0.986784140969163,0.9781659388646288,0.9572649572649573,1.0,0.7,0.8235294117647058,0.7,0.926984126984127,1.0,0.9621087314662273,0.926984126984127,0.8387096774193549,0.7878787878787878,0.8125,0.6842105263157895,0.7666666666666667,0.8214285714285714,0.793103448275862,0.6571428571428571,1.0,0.7936507936507936,0.8849557522123894,0.7936507936507936
CRF23,Original,video60,2532,0.6172985781990521,0.6631243995653021,0.7068094508610011,0.5974455178436034,0.48502180865415007,1.0,0.7863777089783281,0.8804159445407279,0.7863777089783281,0.983201581027668,0.5596175478065242,0.7132616487455197,0.5543175487465181,0.8170731707317073,0.7976190476190477,0.8072289156626505,0.6767676767676768,0.10606060606060606,0.9245283018867925,0.19029126213592235,0.10515021459227468,0.9272727272727272,0.9444444444444444,0.9357798165137615,0.8793103448275862,0.5625,0.19148936170212766,0.2857142857142857,0.16666666666666666,0.2457627118644068,0.7435897435897436,0.3694267515923567,0.2265625
CRF23,Original,video61,4409,0.9072352007257881,0.8214938487231687,0.7890116490921301,0.759637745292827,0.6500706423657546,1.0,0.8348214285714286,0.9099756690997567,0.8348214285714286,0.9124877089478859,0.9616580310880829,0.9364278506559031,0.8804554079696395,0.9285714285714286,0.20418848167539266,0.33476394849785407,0.20103092783505155,0.9293581466008356,0.9566067240031274,0.942785590445001,0.8917638483965015,0.487012987012987,0.9259259259259259,0.6382978723404255,0.46875,0.8208955223880597,0.7857142857142857,0.8029197080291971,0.6707317073170732,0.6721311475409836,0.8541666666666666,0.7522935779816513,0.6029411764705882
CRF23,Original,video62,2032,0.8956692913385826,0.9046102044266452,0.9220192905073089,0.9080405705573239,0.8344733812589549,1.0,1.0,1.0,1.0,0.9944196428571429,0.8327102803738318,0.9064089521871822,0.8288372093023256,0.9672131147540983,0.8428571428571429,0.9007633587786259,0.8194444444444444,0.7890535917901939,0.9885714285714285,0.8776157260621432,0.7819209039548023,0.8846153846153846,0.8518518518518519,0.8679245283018868,0.7666666666666667,0.9191919191919192,0.9381443298969072,0.9285714285714285,0.8666666666666667,0.7777777777777778,1.0,0.8750000000000001,0.7777777777777778
CRF23,Original,video63,3433,0.8150305854937373,0.7163799119170914,0.7917644390191996,0.6843898771273528,0.5622754043609018,1.0,0.4583333333333333,0.6285714285714286,0.4583333333333333,0.9956521739130435,0.7775891341256367,0.8732125834127741,0.7749576988155669,0.8181818181818182,1.0,0.9,0.8181818181818182,0.9359413202933985,0.837636761487965,0.8840646651270206,0.7922185430463576,0.8143459915611815,0.7782258064516129,0.7958762886597938,0.660958904109589,0.23178807947019867,0.9905660377358491,0.3756708407871198,0.23127753303964757,0.21875,0.7,0.3333333333333333,0.2
CRF23,Original,video64,2398,0.8390325271059216,0.8692056127831206,0.8509038572544195,0.8482632487386942,0.7396779760229574,0.7530864197530864,1.0,0.8591549295774648,0.7530864197530864,1.0,0.740530303030303,0.8509249183895539,0.740530303030303,0.8734177215189873,0.6699029126213593,0.7582417582417582,0.6106194690265486,0.6999068033550793,0.9829842931937173,0.8176374523679912,0.6915285451197053,0.9047619047619048,0.9313725490196079,0.9178743961352657,0.8482142857142857,0.8622754491017964,0.8044692737430168,0.8323699421965317,0.7128712871287128,0.990990990990991,0.8270676691729323,0.901639344262295,0.8208955223880597
CRF23,Original,video65,1873,0.9391350774159103,0.7308796821034936,0.7345259360712477,0.7154022921980416,0.6551662767093294,1.0,0.6947791164658634,0.8199052132701422,0.6947791164658634,0.9749455337690632,1.0,0.9873138444567017,0.9749455337690632,0.9903846153846154,0.9537037037037037,0.9716981132075472,0.944954128440367,1.0,0.9841897233201581,0.99203187250996,0.9841897233201581,0.8904109589041096,0.8333333333333334,0.8609271523178808,0.7558139534883721,0.0,0.0,0.0,0.0,0.2604166666666667,0.6756756756756757,0.3759398496240602,0.23148148148148148
CRF23,Original,video66,1824,0.9566885964912281,0.914323640598063,0.8948734590985215,0.902983160119285,0.8368651786930466,0.9259259259259259,1.0,0.9615384615384615,0.9259259259259259,0.9878234398782344,0.9969278033794163,0.9923547400611622,0.9848254931714719,0.9316770186335404,0.9375,0.9345794392523364,0.8771929824561403,0.9662618083670715,0.984869325997249,0.9754768392370573,0.9521276595744681,0.8676470588235294,0.7108433734939759,0.7814569536423841,0.6413043478260869,0.7209302325581395,0.7209302325581395,0.7209302325581395,0.5636363636363636,1.0,0.9130434782608695,0.9545454545454545,0.9130434782608695
CRF23,Original,video67,2353,0.8933276668083298,0.8017427724224068,0.913530924695179,0.8277725480504659,0.7399701489893553,0.9943181818181818,0.9067357512953368,0.9485094850948509,0.9020618556701031,0.9770700636942675,0.9012925969447708,0.9376528117359413,0.8826237054085155,0.8307692307692308,0.9908256880733946,0.9037656903765691,0.8244274809160306,0.9328277356446371,0.8696969696969697,0.9001568217459488,0.8184410646387833,0.5966386554621849,0.8987341772151899,0.7171717171717172,0.5590551181102362,0.2805755395683453,0.9069767441860465,0.42857142857142855,0.2727272727272727,1.0,0.9204545454545454,0.9585798816568047,0.9204545454545454
CRF23,Original,video68,1972,0.8960446247464503,0.859046369759929,0.8589154020362637,0.8322773060969332,0.7263529529237516,1.0,0.5784313725490197,0.732919254658385,0.5784313725490197,0.9494451294697904,0.9310761789600968,0.9401709401709402,0.8870967741935484,0.9523809523809523,0.9876543209876543,0.9696969696969696,0.9411764705882353,0.904424778761062,0.9587242026266416,0.9307832422586522,0.8705281090289608,0.6875,0.9565217391304348,0.8,0.6666666666666666,0.9669421487603306,0.6,0.7405063291139241,0.5879396984924623,0.5526315789473685,1.0,0.711864406779661,0.5526315789473685
CRF23,Original,video69,4575,0.9689617486338797,0.8248458150213372,0.7936245669416702,0.8079117577502768,0.7692759853838345,0.9444444444444444,0.9855072463768116,0.9645390070921985,0.9315068493150684,0.9988158673771462,0.9976345357776464,0.998224852071006,0.9964559952746603,0.9978021978021978,0.88671875,0.9389865563598759,0.884990253411306,0.9722634967805844,0.9889168765743073,0.9805194805194806,0.9617834394904459,0.8786127167630058,0.7487684729064039,0.8085106382978724,0.6785714285714286,0.0,0.0,0.0,0.0,0.9819819819819819,0.9478260869565217,0.9646017699115044,0.9316239316239316
CRF23,Original,video70,1194,0.8969849246231156,0.8423725039628789,0.7713330629785977,0.7760481439350227,0.6947931628670975,0.7954545454545454,1.0,0.8860759493670886,0.7954545454545454,0.9761904761904762,0.9820359281437125,0.9791044776119404,0.9590643274853801,0.9425287356321839,0.82,0.877005347593583,0.780952380952381,0.8146453089244852,0.9753424657534246,0.8877805486284289,0.7982062780269058,0.90625,0.9560439560439561,0.9304812834224598,0.87,0.46153846153846156,0.075,0.12903225806451615,0.06896551724137931,1.0,0.5909090909090909,0.7428571428571429,0.5909090909090909
CRF23,Original,video71,2515,0.8842942345924454,0.7508327777221018,0.7087521336895632,0.7259980451600472,0.6375216124988571,1.0,0.8333333333333334,0.9090909090909091,0.8333333333333334,0.9793713163064833,0.8273858921161825,0.8969860548807916,0.8132137030995106,0.8846153846153846,0.7540983606557377,0.8141592920353982,0.6865671641791045,0.8059149722735675,0.9614112458654906,0.8768225238813474,0.7806624888093107,0.9041095890410958,0.9328621908127208,0.9182608695652174,0.8488745980707395,0.0,0.0,0.0,0.0,0.6818181818181818,0.6521739130434783,0.6666666666666666,0.5
CRF23,Original,video72,3106,0.8444945267224726,0.8612178060237017,0.8547110184212089,0.8329079234074767,0.7328178986505536,1.0,0.5401459854014599,0.7014218009478673,0.5401459854014599,0.9457429048414023,0.9593564775613886,0.9525010508617066,0.9093097913322632,0.9649122807017544,0.9734513274336283,0.9691629955947135,0.9401709401709402,0.9484083424807903,0.7212020033388982,0.8193456614509246,0.6939759036144578,0.8555555555555555,0.9871794871794872,0.9166666666666666,0.8461538461538461,0.44353518821603927,0.9312714776632303,0.6008869179600888,0.4294770206022187,0.8703703703703703,0.8703703703703703,0.8703703703703703,0.7704918032786885
CRF23,Original,video73,1356,0.9771386430678466,0.9644918329316349,0.9612570908584965,0.9609569358228729,0.926734451815799,1.0,0.9896907216494846,0.9948186528497409,0.9896907216494846,0.9858934169278997,0.9984126984126984,0.9921135646687698,0.9843505477308294,0.9887640449438202,0.8461538461538461,0.9119170984455959,0.8380952380952381,0.9692832764505119,0.9895470383275261,0.979310344827586,0.9594594594594594,0.8392857142857143,1.0,0.9126213592233009,0.8392857142857143,0.9823008849557522,0.9327731092436975,0.9568965517241379,0.9173553719008265,0.9859154929577465,0.9722222222222222,0.979020979020979,0.958904109589041
CRF23,Original,video74,1634,0.7172582619339045,0.7552737763032218,0.6258390350566108,0.6401465752685898,0.5269953602784823,1.0,0.22988505747126436,0.37383177570093457,0.22988505747126436,0.9791666666666666,0.5676328502415459,0.7186544342507646,0.5608591885441527,0.9844961240310077,0.9844961240310077,0.9844961240310077,0.9694656488549618,0.7119815668202765,0.8741159830268741,0.7847619047619048,0.64576802507837,0.9215686274509803,0.9215686274509803,0.9215686274509803,0.8545454545454545,0.1958762886597938,0.4222222222222222,0.2676056338028169,0.15447154471544716,0.49382716049382713,0.38095238095238093,0.43010752688172044,0.273972602739726
CRF23,Original,video75,1923,0.9251170046801872,0.711300203477191,0.6803393634284022,0.6719421669400324,0.5755743843522225,1.0,0.4672131147540984,0.6368715083798883,0.4672131147540984,0.834061135371179,1.0,0.9095238095238095,0.834061135371179,0.7213114754098361,0.7857142857142857,0.7521367521367521,0.6027397260273972,1.0,0.9765100671140939,0.9881154499151102,0.9765100671140939,1.0,0.7753623188405797,0.8734693877551021,0.7753623188405797,0.0,0.0,0.0,0.0,0.423728813559322,0.7575757575757576,0.5434782608695652,0.373134328358209
CRF23,Original,video76,2649,0.7644394110985278,0.8873959263034161,0.7140054179061549,0.7339201172135622,0.6120791375086634,1.0,0.2,0.33333333333333337,0.2,0.9624413145539906,0.6655844155844156,0.7869481765834933,0.6487341772151899,0.9592760180995475,0.46187363834422657,0.6235294117647058,0.452991452991453,0.6417525773195877,0.9851632047477745,0.777214202106906,0.635609444798979,0.6764705882352942,1.0,0.8070175438596492,0.6764705882352942,0.971830985915493,0.71875,0.8263473053892216,0.7040816326530612,1.0,0.9666666666666667,0.983050847457627,0.9666666666666667
CRF23,Original,video77,2502,0.9276578737010391,0.8770825574735813,0.8974326443132713,0.8602633001794839,0.7747142594190992,1.0,0.5625,0.72,0.5625,0.8929032258064517,0.9985569985569985,0.9427792915531336,0.8917525773195877,0.9923076923076923,0.9280575539568345,0.9591078066914498,0.9214285714285714,0.9956474428726877,0.9956474428726877,0.9956474428726877,0.991332611050921,0.8021978021978022,1.0,0.8902439024390244,0.8021978021978022,1.0,0.7972665148063781,0.8871989860583017,0.7972665148063781,0.45652173913043476,1.0,0.626865671641791,0.45652173913043476
CRF23,Original,video78,739,0.86468200270636,0.8706156693242388,0.7554081167889876,0.7869546946215776,0.662394960652603,1.0,0.45454545454545453,0.625,0.45454545454545453,0.897196261682243,1.0,0.9458128078817734,0.897196261682243,0.8208955223880597,0.859375,0.8396946564885497,0.7236842105263158,0.8771929824561403,0.9259259259259259,0.9009009009009009,0.819672131147541,0.7605633802816901,0.8571428571428571,0.8059701492537313,0.675,0.7384615384615385,0.6575342465753424,0.6956521739130435,0.5333333333333333,1.0,0.5333333333333333,0.6956521739130436,0.5333333333333333
CRF23,Original,video79,3414,0.8438781487990626,0.832675348893697,0.7508265657884688,0.7403506085125849,0.607281552880756,1.0,0.46296296296296297,0.6329113924050632,0.46296296296296297,0.9786450662739322,0.8497442455242967,0.9096509240246407,0.8342749529190208,0.7037037037037037,0.9925373134328358,0.823529411764706,0.7,0.8185654008438819,0.8940092165898618,0.8546255506607928,0.7461538461538462,0.7614678899082569,0.8137254901960784,0.7867298578199052,0.6484375,0.5863453815261044,0.9511400651465798,0.7254658385093167,0.5692007797270955,0.98,0.2916666666666667,0.4495412844036697,0.28994082840236685
CRF23,Original,video80,1724,0.8694895591647331,0.80588088373839,0.794752379431766,0.7611719863634753,0.6472641446465289,1.0,0.5614035087719298,0.7191011235955056,0.5614035087719298,0.9735503560528993,0.8869323447636701,0.9282250242483027,0.8660633484162896,0.946969696969697,0.946969696969697,0.946969696969697,0.8992805755395683,0.6649350649350649,0.973384030418251,0.7901234567901233,0.6530612244897959,0.8541666666666666,0.8913043478260869,0.8723404255319149,0.7735849056603774,0.22857142857142856,0.7272727272727273,0.34782608695652173,0.21052631578947367,0.972972972972973,0.576,0.7236180904522614,0.5669291338582677
CRF23,CRF18,video49,1671,0.9287851585876721,0.8916982742934495,0.8723061386828819,0.8712921027173719,0.7810464648898938,1.0,0.5666666666666667,0.7234042553191489,0.5666666666666667,0.8834498834498834,1.0,0.9381188118811881,0.8834498834498834,0.8253968253968254,0.8253968253968254,0.8253968253968254,0.7027027027027027,1.0,0.9464594127806563,0.9724933451641526,0.9464594127806563,0.7916666666666666,0.8735632183908046,0.8306010928961748,0.7102803738317757,0.9604221635883905,0.9405684754521964,0.9503916449086162,0.9054726368159204,0.780952380952381,0.9534883720930233,0.8586387434554973,0.7522935779816514
CRF23,CRF18,video50,1094,0.903107861060329,0.8064939311406715,0.546108466763796,0.578871650769593,0.49547516534891606,1.0,0.11940298507462686,0.21333333333333335,0.11940298507462686,0.866464339908953,1.0,0.9284552845528455,0.866464339908953,1.0,0.2571428571428571,0.40909090909090906,0.2571428571428571,0.9969418960244648,0.9819277108433735,0.9893778452200304,0.978978978978979,0.782051282051282,1.0,0.8776978417266188,0.782051282051282,0.0,0.0,0.0,0.0,1.0,0.4642857142857143,0.6341463414634146,0.4642857142857143
CRF23,CRF18,video51,2944,0.772078804347826,0.8386623607275239,0.8169863393380198,0.7978583921504766,0.6989259255531893,1.0,0.8907563025210085,0.9422222222222223,0.8907563025210085,0.9464788732394366,0.8928255093002657,0.9188696444849589,0.8499156829679595,0.75,0.2468354430379747,0.37142857142857144,0.22807017543859648,0.5289855072463768,0.9700996677740864,0.6846424384525205,0.5204991087344029,0.7931034482758621,0.989247311827957,0.8803827751196173,0.7863247863247863,0.9234972677595629,0.9037433155080213,0.9135135135135135,0.8407960199004975,0.9285714285714286,0.8253968253968254,0.8739495798319328,0.7761194029850746
CRF23,CRF18,video52,1966,0.930824008138352,0.9393697450607725,0.9262002060350828,0.9254092523166634,0.8674830410940737,0.956140350877193,0.990909090909091,0.9732142857142858,0.9478260869565217,0.8156521739130435,0.989451476793249,0.894184938036225,0.8086206896551724,0.9953703703703703,0.6574923547400612,0.7918968692449356,0.6554878048780488,0.9848101265822785,0.9923469387755102,0.9885641677255401,0.9773869346733668,0.8589743589743589,1.0,0.9241379310344827,0.8589743589743589,0.9890310786106032,0.9836363636363636,0.9863263445761167,0.9730215827338129,0.975609756097561,0.8695652173913043,0.9195402298850575,0.851063829787234
CRF23,CRF18,video53,3283,0.9122753579043558,0.8534605576440306,0.8577704444240766,0.8168316534936173,0.716993501379925,1.0,0.7164179104477612,0.8347826086956522,0.7164179104477612,0.979381443298969,0.8667883211678832,0.919651500484027,0.8512544802867383,0.8571428571428571,0.9882352941176471,0.9180327868852458,0.8484848484848485,1.0,0.9489872468117029,0.9738260200153964,0.9489872468117029,0.3160621761658031,0.9838709677419355,0.47843137254901963,0.31443298969072164,0.8216374269005848,0.9445378151260504,0.8788115715402659,0.7838214783821479,1.0,0.5555555555555556,0.7142857142857143,0.5555555555555556
CRF23,CRF18,video54,3100,0.8045161290322581,0.868678232113013,0.7410284871879093,0.7508797198101803,0.6209927585457496,1.0,0.352,0.5207100591715976,0.352,0.6957796014067995,1.0,0.8206014517801591,0.6957796014067995,1.0,0.441025641025641,0.6120996441281139,0.441025641025641,0.9980879541108987,0.5729967069154775,0.7280334728033474,0.5723684210526315,0.7156862745098039,1.0,0.8342857142857142,0.7156862745098039,0.9644268774703557,0.9818913480885312,0.9730807577268196,0.9475728155339805,0.706766917293233,0.8392857142857143,0.7673469387755103,0.6225165562913907
CRF23,CRF18,video55,1037,0.9151398264223722,0.893536937611699,0.8326793501893509,0.839973743385664,0.7503273528359625,1.0,1.0,1.0,1.0,0.9110671936758893,1.0,0.953464322647363,0.9110671936758893,0.8292682926829268,0.43037974683544306,0.5666666666666667,0.3953488372093023,1.0,0.9541284403669725,0.9765258215962441,0.9541284403669725,0.9375,0.8333333333333334,0.8823529411764706,0.7894736842105263,0.5769230769230769,0.9782608695652174,0.7258064516129032,0.569620253164557,1.0,0.6326530612244898,0.775,0.6326530612244898
CRF23,CRF18,video56,1834,0.8936750272628136,0.8746104095317468,0.8602993341705292,0.8450372783870265,0.7427500946624289,1.0,0.5047619047619047,0.6708860759493671,0.5047619047619047,0.9398663697104677,0.9483146067415731,0.9440715883668903,0.8940677966101694,0.7666666666666667,0.9583333333333334,0.8518518518518519,0.7419354838709677,0.9242105263157895,0.8442307692307692,0.8824120603015075,0.789568345323741,0.5897435897435898,0.9913793103448276,0.7395498392282959,0.5867346938775511,0.9017857142857143,0.9711538461538461,0.9351851851851851,0.8782608695652174,1.0,0.803921568627451,0.891304347826087,0.803921568627451
CRF23,CRF18,video57,2632,0.9240121580547113,0.8851136020337327,0.8992977388018611,0.8799250496854146,0.7936290698990909,1.0,0.8551724137931035,0.9219330855018588,0.8551724137931035,0.9425511197663097,0.9877551020408163,0.9646238166417539,0.931665062560154,0.9862068965517241,0.7258883248730964,0.8362573099415205,0.7185929648241206,0.9653579676674365,0.9037837837837838,0.9335566722501396,0.875392670157068,0.6111111111111112,0.9506172839506173,0.7439613526570048,0.5923076923076923,0.7040816326530612,0.965034965034965,0.8141592920353983,0.6865671641791045,0.9864864864864865,0.906832298136646,0.9449838187702265,0.8957055214723927
CRF23,CRF18,video58,5993,0.7792424495244452,0.7762855943327291,0.7696548398082952,0.7396584231911273,0.5994481871531104,1.0,0.4,0.5714285714285715,0.4,0.9429223744292238,0.7316209034543845,0.8239401496259352,0.7005937234944869,0.4837662337662338,0.6632047477744807,0.5594493116395495,0.38835794960903564,0.6821873308067136,0.9502262443438914,0.7942010715411282,0.6586513329848406,0.6105263157894737,0.9830508474576272,0.7532467532467533,0.6041666666666666,0.8208469055374593,0.9298892988929889,0.8719723183391004,0.7730061349693251,0.89375,0.7295918367346939,0.8033707865168539,0.6713615023474179
CRF23,CRF18,video59,1046,0.9340344168260039,0.9377335683414963,0.8578540507111935,0.8816356627237717,0.7983213516098416,1.0,0.9714285714285714,0.9855072463768115,0.9714285714285714,0.9557894736842105,1.0,0.9773950484391819,0.9557894736842105,1.0,0.625,0.7692307692307693,0.625,0.9240506329113924,1.0,0.9605263157894737,0.9240506329113924,0.9791666666666666,0.7121212121212122,0.8245614035087719,0.7014925373134329,0.7051282051282052,0.9821428571428571,0.8208955223880596,0.6962025316455697,1.0,0.7142857142857143,0.8333333333333333,0.7142857142857143
CRF23,CRF18,video60,2532,0.6642969984202212,0.6613327089666516,0.727948182448004,0.6358595569069566,0.5093401772095948,1.0,0.8328173374613003,0.9087837837837838,0.8328173374613003,0.956369982547993,0.6164229471316085,0.7496580027359782,0.5995623632385121,0.8227848101265823,0.7738095238095238,0.7975460122699387,0.6632653061224489,0.12579415501905972,0.9339622641509434,0.22172452407614782,0.12468513853904283,0.8737864077669902,0.8333333333333334,0.8530805687203792,0.743801652892562,0.4533333333333333,0.3617021276595745,0.40236686390532544,0.2518518518518518,0.3972602739726027,0.7435897435897436,0.5178571428571428,0.3493975903614458
CRF23,CRF18,video61,4409,0.8605125878884101,0.7933235431152232,0.6963433197730869,0.6710048199279555,0.5481152711615084,1.0,0.6629464285714286,0.7973154362416107,0.6629464285714286,0.7190760059612519,1.0,0.8365843086259211,0.7190760059612519,1.0,0.3507853403141361,0.5193798449612403,0.3507853403141361,0.9782701320835109,0.8975762314308053,0.9361875637104996,0.8800306630893062,0.3176470588235294,1.0,0.4821428571428571,0.3176470588235294,0.6,0.17142857142857143,0.26666666666666666,0.15384615384615385,0.9382716049382716,0.7916666666666666,0.8587570621468925,0.7524752475247525
CRF23,CRF18,video62,2032,0.9616141732283464,0.8977754847437388,0.8974960748770503,0.8924194853803424,0.8116014190095517,1.0,0.75,0.8571428571428571,0.75,0.9923224568138196,0.9663551401869159,0.9791666666666667,0.9591836734693877,0.7441860465116279,0.9142857142857143,0.8205128205128205,0.6956521739130435,0.9648876404494382,0.9814285714285714,0.9730878186968839,0.9475862068965517,0.8723404255319149,0.7592592592592593,0.8118811881188118,0.6833333333333333,0.8773584905660378,0.9587628865979382,0.916256157635468,0.8454545454545455,0.8333333333333334,0.9523809523809523,0.888888888888889,0.8
CRF23,CRF18,video63,3433,0.8517331779784445,0.7482894001162644,0.7316494440142615,0.6690406376463951,0.5639247489762461,1.0,0.5166666666666667,0.6813186813186815,0.5166666666666667,0.9812286689419796,0.9762308998302207,0.9787234042553192,0.9583333333333334,0.975609756097561,0.8888888888888888,0.9302325581395349,0.8695652173913043,0.9907990314769975,0.8954048140043763,0.9406896551724138,0.8880208333333334,0.7934782608695652,0.29435483870967744,0.4294117647058823,0.27340823970037453,0.20743639921722112,1.0,0.34359805510534847,0.20743639921722112,0.2894736842105263,0.55,0.37931034482758624,0.23404255319148937
CRF23,CRF18,video64,2398,0.9241034195162635,0.8897281686108904,0.9068904455662424,0.8957752122589733,0.8135994930875371,0.8472222222222222,1.0,0.9172932330827067,0.8472222222222222,1.0,0.9299242424242424,0.9636898920510304,0.9299242424242424,0.8504672897196262,0.883495145631068,0.8666666666666667,0.7647058823529411,0.8721624850657109,0.9554973821989529,0.9119300437226734,0.8381171067738232,0.831858407079646,0.9215686274509803,0.8744186046511628,0.7768595041322314,0.8439306358381503,0.8156424581005587,0.8295454545454546,0.7087378640776699,0.9824561403508771,0.8421052631578947,0.9068825910931173,0.8296296296296296
CRF23,CRF18,video65,1873,0.9369994660971703,0.7287341368398039,0.747888802367587,0.7214724249802525,0.6587076207855027,1.0,0.6746987951807228,0.8057553956834532,0.6746987951807228,0.9654800431499461,1.0,0.982436882546652,0.9654800431499461,1.0,0.9259259259259259,0.9615384615384615,0.9259259259259259,1.0,0.9703557312252964,0.9849548645937813,0.9703557312252964,0.8333333333333334,0.9615384615384616,0.8928571428571429,0.8064516129032258,0.0,0.0,0.0,0.0,0.3023255813953488,0.7027027027027027,0.4227642276422764,0.26804123711340205
CRF23,CRF18,video66,1824,0.9539473684210527,0.9229304070969536,0.8861053932259129,0.902759977675929,0.8340380607579022,1.0,0.92,0.9583333333333334,0.92,0.9644444444444444,1.0,0.9819004524886877,0.9644444444444444,0.9019607843137255,0.8625,0.8817891373801916,0.7885714285714286,0.9834938101788171,0.9834938101788171,0.9834938101788171,0.9675236806495264,0.8823529411764706,0.7228915662650602,0.7947019867549668,0.6593406593406593,0.7282608695652174,0.7790697674418605,0.7528089887640451,0.6036036036036037,1.0,0.9347826086956522,0.9662921348314606,0.9347826086956522
CRF23,CRF18,video67,2353,0.9009774755631109,0.8341117226036444,0.8738588325069168,0.8158688550790687,0.7210974263257287,1.0,0.6994818652849741,0.8231707317073171,0.6994818652849741,0.9219934994582882,1.0,0.959413754227734,0.9219934994582882,0.9887640449438202,0.8073394495412844,0.8888888888888888,0.8,0.9907514450867052,0.8656565656565657,0.9239892183288411,0.8587174348697395,0.673469387755102,0.8354430379746836,0.7457627118644067,0.5945945945945946,0.26380368098159507,1.0,0.41747572815533973,0.26380368098159507,1.0,0.9090909090909091,0.9523809523809523,0.9090909090909091
CRF23,CRF18,video68,1972,0.9001014198782962,0.8471332770327126,0.8170728560180931,0.797260690226046,0.6918341510088205,1.0,0.3333333333333333,0.5,0.3333333333333333,0.9322617680826636,0.9818621523579202,0.9564193168433451,0.9164785553047404,0.975,0.9629629629629629,0.9689440993788819,0.9397590361445783,0.9637404580152672,0.9474671669793621,0.9555345316934721,0.9148550724637681,0.6285714285714286,0.9565217391304348,0.7586206896551724,0.6111111111111112,0.847682119205298,0.6564102564102564,0.7398843930635838,0.5871559633027523,0.5826771653543307,0.8809523809523809,0.7014218009478673,0.5401459854014599
CRF23,CRF18,video69,4575,0.9385792349726776,0.8072065143618579,0.7175514095112939,0.7528396064812481,0.6811248018238488,1.0,0.6521739130434783,0.7894736842105263,0.6521739130434783,0.9825682742591516,1.0,0.9912075029308324,0.9825682742591516,0.9971590909090909,0.685546875,0.8125000000000001,0.6842105263157895,0.92663172939495,0.9798488664987406,0.9524975514201763,0.9093034128097242,0.7875647668393783,0.7487684729064039,0.7676767676767676,0.6229508196721312,0.0,0.0,0.0,0.0,0.9565217391304348,0.9565217391304348,0.9565217391304348,0.9166666666666666
CRF23,CRF18,video70,1194,0.8768844221105527,0.8223793643529869,0.7305180317083418,0.749238958384665,0.6606968371084577,0.9459459459459459,1.0,0.9722222222222222,0.9459459459459459,0.9596153846153846,0.9960079840319361,0.9774730656219393,0.9559386973180076,0.9466666666666667,0.71,0.8114285714285713,0.6826923076923077,0.8056872037914692,0.9315068493150684,0.8640406607369758,0.7606263982102909,0.794392523364486,0.9340659340659341,0.8585858585858586,0.7522123893805309,0.30434782608695654,0.0875,0.13592233009708735,0.07291666666666667,1.0,0.45454545454545453,0.625,0.45454545454545453
CRF23,CRF18,video71,2515,0.858051689860835,0.7596619695145026,0.6242510078982777,0.6717783727008598,0.5710601377241663,1.0,0.7222222222222222,0.8387096774193548,0.7222222222222222,0.9020122484689413,0.8556016597510373,0.8781942078364566,0.782839787395596,0.7241379310344828,0.3442622950819672,0.4666666666666667,0.30434782608695654,0.810838445807771,0.8743109151047409,0.8413793103448276,0.7261904761904762,0.8806451612903226,0.9646643109540636,0.9207419898819561,0.853125,0.0,0.0,0.0,0.0,1.0,0.6086956521739131,0.7567567567567568,0.6086956521739131
CRF23,CRF18,video72,3106,0.7823567289117836,0.8073104843916818,0.8228413484557795,0.7699536444541787,0.6434709198476863,1.0,0.5182481751824818,0.6826923076923078,0.5182481751824818,0.8527075812274368,1.0,0.9204988308651597,0.8527075812274368,0.5412371134020618,0.9292035398230089,0.6840390879478828,0.5198019801980198,1.0,0.5175292153589316,0.682068206820682,0.5175292153589316,0.8795180722891566,0.9358974358974359,0.9068322981366459,0.8295454545454546,0.4371165644171779,0.979381443298969,0.6044538706256628,0.4331306990881459,0.9405940594059405,0.8796296296296297,0.909090909090909,0.8333333333333334
CRF23,CRF18,video73,1356,0.9476401179941003,0.9521800622853763,0.9006201495446378,0.9162850298938929,0.8553078549295109,1.0,0.8969072164948454,0.9456521739130436,0.8969072164948454,0.9603658536585366,1.0,0.9797822706065318,0.9603658536585366,0.9830508474576272,0.5576923076923077,0.7116564417177914,0.5523809523809524,0.907051282051282,0.9860627177700348,0.9449081803005008,0.8955696202531646,0.8867924528301887,1.0,0.9400000000000001,0.8867924528301887,0.928,0.9747899159663865,0.9508196721311476,0.90625,1.0,0.8888888888888888,0.9411764705882353,0.8888888888888888
CRF23,CRF18,video74,1634,0.7925336597307222,0.8065812029924386,0.7038418438876871,0.7125670706775834,0.6012642008691216,1.0,0.40229885057471265,0.5737704918032787,0.40229885057471265,0.8520971302428256,0.9323671497584541,0.8904267589388697,0.8024948024948025,0.9743589743589743,0.8837209302325582,0.9268292682926831,0.8636363636363636,0.8953125,0.8104667609618105,0.8507795100222716,0.7403100775193798,0.9595959595959596,0.9313725490196079,0.945273631840796,0.8962264150943396,0.23553719008264462,0.6333333333333333,0.3433734939759036,0.20727272727272728,0.7291666666666666,0.3333333333333333,0.457516339869281,0.2966101694915254
CRF23,CRF18,video75,1923,0.8939157566302652,0.7562211838690287,0.6832686812618701,0.7072949197817422,0.6135462879886565,1.0,0.7377049180327869,0.8490566037735848,0.7377049180327869,0.7060998151571165,1.0,0.8277356446370532,0.7060998151571165,0.72,0.6428571428571429,0.6792452830188679,0.5142857142857142,1.0,0.8917785234899329,0.9427937915742794,0.8917785234899329,0.9626865671641791,0.9347826086956522,0.948529411764706,0.9020979020979021,0.0,0.0,0.0,0.0,0.9047619047619048,0.5757575757575758,0.7037037037037038,0.5428571428571428
CRF23,CRF18,video76,2649,0.7852019630049075,0.8571378663078619,0.7229769981007419,0.732727635277674,0.6029597119411758,1.0,0.2,0.33333333333333337,0.2,0.9033613445378151,0.698051948051948,0.7875457875457876,0.649546827794562,0.9230769230769231,0.5751633986928104,0.7087248322147651,0.5488565488565489,0.6971223021582734,0.9584569732937686,0.8071636817992504,0.6766759776536313,0.6,1.0,0.7499999999999999,0.6,0.8764044943820225,0.8125,0.8432432432432433,0.7289719626168224,1.0,0.8166666666666667,0.8990825688073394,0.8166666666666667
CRF23,CRF18,video77,2502,0.9036770583533174,0.878135193406558,0.8449823250309715,0.8179397188695631,0.7250293632694492,1.0,0.30113636363636365,0.46288209606986896,0.30113636363636365,0.8201183431952662,1.0,0.9011703511053315,0.8201183431952662,1.0,0.8201438848920863,0.9011857707509882,0.8201438848920863,0.9901315789473685,0.9825897714907508,0.9863462588749317,0.9730603448275862,0.8588235294117647,1.0,0.9240506329113923,0.8588235294117647,0.9972527472527473,0.826879271070615,0.904109589041096,0.825,0.4806201550387597,0.9841269841269841,0.6458333333333334,0.47692307692307695
CRF23,CRF18,video78,739,0.8660351826792964,0.8772902329874371,0.7548372601312099,0.7827648256066809,0.6606660323963397,1.0,0.4318181818181818,0.6031746031746031,0.4318181818181818,0.9113924050632911,1.0,0.9536423841059603,0.9113924050632911,0.8472222222222222,0.953125,0.8970588235294118,0.8133333333333334,0.8342541436464088,0.9320987654320988,0.8804664723032071,0.7864583333333334,0.7368421052631579,0.8888888888888888,0.8057553956834532,0.6746987951807228,0.8113207547169812,0.589041095890411,0.6825396825396826,0.5180722891566265,1.0,0.4888888888888889,0.6567164179104478,0.4888888888888889
CRF23,CRF18,video79,3414,0.8939660222612771,0.8763534046217761,0.7392868011452401,0.7524114094034843,0.6375830282220194,1.0,0.3888888888888889,0.56,0.3888888888888889,0.9746328437917223,0.9335038363171355,0.9536250816459829,0.9113607990012484,0.8421052631578947,0.9552238805970149,0.895104895104895,0.810126582278481,0.8910806174957119,0.9576036866359448,0.9231452687694358,0.8572607260726073,0.7722772277227723,0.7647058823529411,0.7684729064039408,0.624,0.6543778801843319,0.9250814332247557,0.7665317139001351,0.6214442013129103,1.0,0.25,0.4,0.25
CRF23,CRF18,video80,1724,0.8758700696055685,0.8055812897830295,0.7370546535308,0.7239217115754073,0.6077636475120277,1.0,0.3684210526315789,0.5384615384615384,0.3684210526315789,0.9540229885057471,0.9230769230769231,0.9382948657560056,0.8837622005323869,0.9256198347107438,0.8484848484848485,0.8853754940711461,0.7943262411347518,0.7342857142857143,0.9771863117870723,0.8384991843393149,0.7219101123595506,0.8367346938775511,0.8913043478260869,0.8631578947368421,0.7592592592592593,0.18840579710144928,0.5909090909090909,0.2857142857142857,0.16666666666666666,1.0,0.56,0.717948717948718,0.56
CRF23,CRF23,video49,1671,0.9467384799521245,0.9189874959213993,0.9247442575630188,0.9175875457631523,0.8512981204113913,1.0,0.7333333333333333,0.846153846153846,0.7333333333333333,0.9346733668341709,0.9815303430079155,0.9575289575289576,0.9185185185185185,0.8695652173913043,0.9523809523809523,0.909090909090909,0.8333333333333334,0.9855595667870036,0.9430051813471503,0.9638128861429833,0.9301533219761499,0.8041237113402062,0.896551724137931,0.8478260869565218,0.7358490566037735,0.961439588688946,0.9664082687338501,0.9639175257731958,0.9303482587064676,0.8775510204081632,1.0,0.9347826086956522,0.8775510204081632
CRF23,CRF23,video50,1094,0.9250457038391224,0.8007557662629293,0.6434986074252581,0.6828404739903966,0.5912506048942328,1.0,0.373134328358209,0.5434782608695653,0.373134328358209,0.9168026101141925,0.9842381786339754,0.9493243243243243,0.9035369774919614,0.9615384615384616,0.7142857142857143,0.819672131147541,0.6944444444444444,0.9674556213017751,0.9849397590361446,0.9761194029850746,0.9533527696793003,0.759493670886076,0.9836065573770492,0.8571428571428572,0.75,0.0,0.0,0.0,0.0,1.0,0.4642857142857143,0.6341463414634146,0.4642857142857143
CRF23,CRF23,video51,2944,0.7894021739130435,0.8308889781378477,0.8363284379598512,0.8111748922293867,0.6979884471616203,1.0,0.8529411764705882,0.9206349206349206,0.8529411764705882,0.9945414847161572,0.8069087688219664,0.8909535452322738,0.8033509700176367,0.8559322033898306,0.47943037974683544,0.6146044624746451,0.44363103953147875,0.5431985294117647,0.9817275747508306,0.6994082840236687,0.5377616014558689,0.9333333333333333,0.9032258064516129,0.9180327868852459,0.8484848484848485,0.8669950738916257,0.9411764705882353,0.9025641025641026,0.822429906542056,0.6222222222222222,0.8888888888888888,0.7320261437908496,0.5773195876288659
CRF23,CRF23,video52,1966,0.9455747711088505,0.9334961611867483,0.9409012352733318,0.9317341046522426,0.8761130005385404,0.9732142857142857,0.990909090909091,0.9819819819819819,0.9646017699115044,0.8803738317757009,0.9936708860759493,0.933597621407334,0.8754646840148699,0.9922178988326849,0.7798165137614679,0.8732876712328768,0.7750759878419453,0.9798488664987406,0.9923469387755102,0.9860583016476552,0.9725,0.7444444444444445,1.0,0.8535031847133758,0.7444444444444445,0.9887640449438202,0.96,0.974169741697417,0.9496402877697842,0.975609756097561,0.8695652173913043,0.9195402298850575,0.851063829787234
CRF23,CRF23,video53,3283,0.9131891562595187,0.8314600416498047,0.8659365246533641,0.815522527561823,0.7077453854605215,1.0,0.7313432835820896,0.8448275862068965,0.7313432835820896,0.9809926082365364,0.8476277372262774,0.9094468918257465,0.8339317773788151,0.7142857142857143,1.0,0.8333333333333333,0.7142857142857143,0.9930662557781201,0.9669917479369843,0.9798555682250095,0.9605067064083458,0.38271604938271603,1.0,0.5535714285714286,0.38271604938271603,0.8205882352941176,0.9378151260504202,0.8752941176470588,0.7782426778242678,0.9285714285714286,0.5777777777777777,0.7123287671232876,0.5531914893617021
CRF23,CRF23,video54,3100,0.8738709677419355,0.911165952603022,0.8833537236480399,0.8840852609333372,0.7976962379348578,1.0,0.744,0.8532110091743119,0.744,0.7804076265614727,1.0,0.8766617429837518,0.7804076265614727,0.9533678756476683,0.9435897435897436,0.9484536082474226,0.9019607843137255,0.9983164983164983,0.6509330406147091,0.7880398671096346,0.6502192982456141,0.7128712871287128,0.9863013698630136,0.8275862068965517,0.7058823529411765,0.97165991902834,0.96579476861167,0.9687184661957619,0.9393346379647749,0.9615384615384616,0.8928571428571429,0.9259259259259259,0.8620689655172413
CRF23,CRF23,video55,1037,0.9296046287367405,0.8952212891225145,0.8656741437498845,0.8645911976883635,0.7750639535375808,1.0,0.9523809523809523,0.975609756097561,0.9523809523809523,0.9564315352697096,1.0,0.9777306468716861,0.9564315352697096,0.8428571428571429,0.7468354430379747,0.7919463087248322,0.6555555555555556,1.0,0.9296636085626911,0.9635499207606973,0.9296636085626911,0.9130434782608695,0.7777777777777778,0.84,0.7241379310344828,0.5542168674698795,1.0,0.7131782945736435,0.5542168674698795,1.0,0.6530612244897959,0.7901234567901235,0.6530612244897959
CRF23,CRF23,video56,1834,0.8751363140676118,0.8799424543693616,0.8627263637550511,0.8500623314828765,0.7512189365976937,1.0,0.4857142857142857,0.6538461538461539,0.4857142857142857,0.9368421052631579,0.9,0.918051575931232,0.8485169491525424,0.8571428571428571,1.0,0.923076923076923,0.8571428571428571,0.839924670433145,0.8576923076923076,0.8487155090390104,0.7371900826446282,0.6149732620320856,0.9913793103448276,0.759075907590759,0.6117021276595744,0.9107142857142857,0.9807692307692307,0.9444444444444444,0.8947368421052632,1.0,0.8235294117647058,0.9032258064516129,0.8235294117647058
CRF23,CRF23,video57,2632,0.9183130699088146,0.8849432275640515,0.9207350591663646,0.8954189545032418,0.8201985395351039,1.0,1.0,1.0,1.0,1.0,0.863265306122449,0.9266155531215773,0.863265306122449,0.6631578947368421,0.9593908629441624,0.7842323651452281,0.6450511945392492,0.9219712525667351,0.9708108108108108,0.9457609268035808,0.8971028971028971,0.7142857142857143,0.9259259259259259,0.8064516129032259,0.6756756756756757,0.9016393442622951,0.7692307692307693,0.8301886792452831,0.7096774193548387,0.9935483870967742,0.9565217391304348,0.9746835443037976,0.9506172839506173
CRF23,CRF23,video58,5993,0.7495411313198732,0.7943211144535285,0.7622328205555909,0.749064746308526,0.6149625770912251,1.0,0.5625,0.72,0.5625,0.9853862212943633,0.6967818128136994,0.8163265306122449,0.6896551724137931,0.42528735632183906,0.4940652818991098,0.4571036376115305,0.29626334519572955,0.5857271095152603,0.9841628959276018,0.7343837929093978,0.5802578923966207,0.7945205479452054,0.9830508474576272,0.8787878787878787,0.7837837837837838,0.7774566473988439,0.992619926199262,0.8719611021069692,0.7729885057471264,0.991869918699187,0.6224489795918368,0.7648902821316614,0.6192893401015228
CRF23,CRF23,video59,1046,0.9244741873804971,0.9363928377871892,0.8244408369408368,0.8606313877565592,0.7640074598491952,1.0,0.7714285714285715,0.870967741935484,0.7714285714285715,0.9360824742268041,1.0,0.966986155484558,0.9360824742268041,1.0,0.5875,0.7401574803149606,0.5875,0.9182389937106918,1.0,0.9573770491803278,0.9182389937106918,0.9767441860465116,0.6363636363636364,0.7706422018348624,0.6268656716417911,0.7236842105263158,0.9821428571428571,0.8333333333333334,0.7142857142857143,1.0,0.7936507936507936,0.8849557522123894,0.7936507936507936
CRF23,CRF23,video60,2532,0.7302527646129542,0.7367851954493122,0.7179830857420708,0.6760240715595351,0.5556245656131792,1.0,0.8173374613003096,0.8994889267461669,0.8173374613003096,0.9467061435973353,0.7193475815523059,0.8175135826142538,0.6913513513513514,0.8192771084337349,0.8095238095238095,0.8143712574850299,0.6868686868686869,0.14946070878274267,0.9150943396226415,0.2569536423841059,0.1474164133738602,0.8348623853211009,0.8425925925925926,0.8387096774193548,0.7222222222222222,0.5106382978723404,0.2553191489361702,0.34042553191489355,0.20512820512820512,0.896551724137931,0.6666666666666666,0.7647058823529411,0.6190476190476191
CRF23,CRF23,video61,4409,0.9163075527330461,0.8363649832332686,0.8604338112370268,0.8228861674815924,0.7181913342178765,0.9971098265895953,0.7700892857142857,0.8690176322418135,0.7683741648106904,0.8670886075949367,0.9937823834196892,0.9261226460647031,0.862410071942446,0.8827160493827161,0.7486910994764397,0.8101983002832861,0.680952380952381,0.980634528224145,0.9304143862392494,0.954864593781344,0.9136276391554703,0.3698630136986301,1.0,0.54,0.3698630136986301,0.7571428571428571,0.7571428571428571,0.7571428571428571,0.6091954022988506,1.0,0.8229166666666666,0.9028571428571429,0.8229166666666666
CRF23,CRF23,video62,2032,0.9089566929133859,0.8852843088605054,0.8924830350720542,0.8855742386421346,0.7989031181255347,1.0,0.9,0.9473684210526316,0.9,0.916287534121929,0.9411214953271028,0.9285384970032272,0.8666092943201377,0.7078651685393258,0.9,0.7924528301886792,0.65625,0.9320987654320988,0.8628571428571429,0.8961424332344213,0.8118279569892473,0.8723404255319149,0.7592592592592593,0.8118811881188118,0.6833333333333333,0.8636363636363636,0.979381443298969,0.9178743961352657,0.8482142857142857,0.9047619047619048,0.9047619047619048,0.9047619047619048,0.8260869565217391
CRF23,CRF23,video63,3433,0.8135741334110108,0.6672341853426017,0.7604565960677085,0.624294404851297,0.5054575514256653,1.0,0.6333333333333333,0.7755102040816326,0.6333333333333333,0.9877622377622378,0.9592529711375212,0.9732988802756245,0.947986577181208,0.46875,1.0,0.6382978723404256,0.46875,0.9937532535137948,0.8354485776805252,0.9077508321445554,0.8310840226382238,0.7790697674418605,0.2701612903225806,0.40119760479041916,0.250936329588015,0.18088737201365188,1.0,0.3063583815028902,0.18088737201365188,0.2604166666666667,0.625,0.36764705882352944,0.22522522522522523
CRF23,CRF23,video64,2398,0.9065888240200167,0.8769219472888652,0.8827743770352132,0.8731169866400846,0.7804852701460907,0.7349397590361446,1.0,0.8472222222222222,0.7349397590361446,1.0,0.9015151515151515,0.9482071713147411,0.9015151515151515,0.897196261682243,0.9320388349514563,0.9142857142857143,0.8421052631578947,0.8374439461883408,0.9777486910994765,0.9021739130434783,0.8217821782178217,0.8952380952380953,0.9215686274509803,0.9082125603864734,0.831858407079646,0.7834394904458599,0.6871508379888268,0.7321428571428572,0.5774647887323944,0.9901960784313726,0.7593984962406015,0.8595744680851064,0.753731343283582
CRF23,CRF23,video65,1873,0.9348638547784304,0.7119596186925519,0.7451214935271638,0.7204275772830205,0.6532341204086581,1.0,0.751004016064257,0.8577981651376146,0.751004016064257,0.9730639730639731,0.9687150837988827,0.9708846584546473,0.9434167573449401,0.7925925925925926,0.9907407407407407,0.8806584362139918,0.7867647058823529,0.9959677419354839,0.9762845849802372,0.9860279441117764,0.9724409448818898,0.872093023255814,0.9615384615384616,0.9146341463414634,0.8426966292134831,0.0,0.0,0.0,0.0,0.35,0.5675675675675675,0.43298969072164945,0.27631578947368424
CRF23,CRF23,video66,1824,0.9577850877192983,0.927127176632974,0.89269427056161,0.908099228280531,0.8511558444881328,1.0,1.0,1.0,1.0,0.9893617021276596,1.0,0.9946524064171123,0.9893617021276596,0.9329268292682927,0.95625,0.9444444444444445,0.8947368421052632,0.9597855227882037,0.984869325997249,0.9721656483367278,0.9458388375165125,0.9104477611940298,0.7349397590361446,0.8133333333333332,0.6853932584269663,0.6973684210526315,0.6162790697674418,0.6543209876543209,0.48623853211009177,1.0,0.9565217391304348,0.9777777777777777,0.9565217391304348
CRF23,CRF23,video67,2353,0.9273268168295793,0.8174954165216803,0.94929840540546,0.8532764703722089,0.7762280490886388,0.979381443298969,0.9844559585492227,0.9819121447028423,0.9644670050761421,0.9963008631319359,0.9494712103407755,0.9723225030084236,0.9461358313817331,0.7328767123287672,0.981651376146789,0.8392156862745097,0.722972972972973,0.9977324263038548,0.8888888888888888,0.94017094017094,0.8870967741935484,0.7,0.8860759493670886,0.7821229050279329,0.6422018348623854,0.3161764705882353,1.0,0.48044692737430167,0.3161764705882353,1.0,0.9545454545454546,0.9767441860465117,0.9545454545454546
CRF23,CRF23,video68,1972,0.8930020283975659,0.8482321138188302,0.858178186903217,0.8266599425117078,0.7146538579120917,1.0,0.49019607843137253,0.6578947368421052,0.49019607843137253,0.935881627620222,0.9177750906892382,0.9267399267399267,0.863481228668942,0.75,1.0,0.8571428571428571,0.75,0.9561904761904761,0.9418386491557224,0.948960302457467,0.9028776978417267,0.6947368421052632,0.9565217391304348,0.8048780487804877,0.673469387755102,0.972027972027972,0.7128205128205128,0.8224852071005917,0.6984924623115578,0.6287878787878788,0.9880952380952381,0.7685185185185185,0.6240601503759399
CRF23,CRF23,video69,4575,0.979672131147541,0.8219380251787868,0.8057015438260174,0.8133648152755625,0.7810004066215157,0.9565217391304348,0.9565217391304348,0.9565217391304348,0.9166666666666666,0.9994075829383886,0.9976345357776464,0.9985202722699024,0.9970449172576832,0.9980506822612085,1.0,0.9990243902439024,0.9980506822612085,0.9994890137966275,0.985390428211587,0.9923896499238966,0.9848942598187311,0.8435754189944135,0.7438423645320197,0.7905759162303665,0.6536796536796536,0.0,0.0,0.0,0.0,0.9565217391304348,0.9565217391304348,0.9565217391304348,0.9166666666666666
CRF23,CRF23,video70,1194,0.8961474036850922,0.8264208253641162,0.8012029833406845,0.7862102198030255,0.7086767521715709,0.7954545454545454,1.0,0.8860759493670886,0.7954545454545454,0.9979550102249489,0.9740518962075848,0.9858585858585859,0.9721115537848606,0.8319327731092437,0.99,0.904109589041096,0.825,0.8192771084337349,0.9315068493150684,0.8717948717948718,0.7727272727272727,0.8787878787878788,0.9560439560439561,0.9157894736842106,0.8446601941747572,0.46153846153846156,0.075,0.12903225806451615,0.06896551724137931,1.0,0.6818181818181818,0.8108108108108109,0.6818181818181818
CRF23,CRF23,video71,2515,0.8763419483101391,0.7564118226712211,0.6868425635253808,0.7106085637973606,0.6145814610963402,1.0,0.5833333333333334,0.7368421052631579,0.5833333333333334,0.9575289575289575,0.8232365145228215,0.8853190539937528,0.7942353883106485,0.873015873015873,0.9016393442622951,0.8870967741935485,0.7971014492753623,0.8016917293233082,0.9404630650496141,0.8655504819888381,0.7629695885509838,0.8848684210526315,0.950530035335689,0.9165247018739352,0.8459119496855346,0.0,0.0,0.0,0.0,0.7777777777777778,0.6086956521739131,0.6829268292682927,0.5185185185185185
CRF23,CRF23,video72,3106,0.7887958789439794,0.787293559767301,0.8386362292896035,0.7620800050453719,0.6345221304422056,1.0,0.5255474452554745,0.6889952153110048,0.5255474452554745,0.8935361216730038,0.9949195596951735,0.9415064102564101,0.8894776684330054,0.4497991967871486,0.9911504424778761,0.6187845303867403,0.448,1.0,0.5333889816360601,0.6956995100707676,0.5333889816360601,0.7835051546391752,0.9743589743589743,0.8685714285714285,0.7676767676767676,0.4430379746835443,0.9621993127147767,0.6067172264355363,0.4354587869362364,0.9411764705882353,0.8888888888888888,0.9142857142857143,0.8421052631578947
CRF23,CRF23,video73,1356,0.9800884955752213,0.9671380869145695,0.9674656092877568,0.966581475287553,0.9364902102456368,1.0,0.9896907216494846,0.9948186528497409,0.9896907216494846,0.9921135646687698,0.9984126984126984,0.9952531645569621,0.9905511811023622,0.9489795918367347,0.8942307692307693,0.9207920792079209,0.8532110091743119,0.9756944444444444,0.9790940766550522,0.9773913043478261,0.95578231292517,0.8867924528301887,1.0,0.9400000000000001,0.8867924528301887,0.9663865546218487,0.9663865546218487,0.9663865546218487,0.9349593495934959,1.0,0.9444444444444444,0.9714285714285714,0.9444444444444444
CRF23,CRF23,video74,1634,0.817625458996328,0.8294970439862253,0.7325054637189391,0.7547057493527086,0.6598895523784835,1.0,0.7586206896551724,0.8627450980392156,0.7586206896551724,0.8826086956521739,0.9806763285024155,0.9290617848970252,0.8675213675213675,0.9826086956521739,0.875968992248062,0.9262295081967213,0.8625954198473282,0.8818181818181818,0.8231966053748232,0.8514996342355523,0.7414012738853503,0.9326923076923077,0.9509803921568627,0.9417475728155339,0.8899082568807339,0.17553191489361702,0.36666666666666664,0.23741007194244604,0.1346938775510204,0.9512195121951219,0.37142857142857144,0.5342465753424658,0.3644859813084112
CRF23,CRF23,video75,1923,0.9256370254810192,0.7087346425056509,0.7069129204355631,0.6954733350716958,0.6047570085009057,1.0,0.6147540983606558,0.7614213197969544,0.6147540983606558,0.8526785714285714,1.0,0.9204819277108434,0.8526785714285714,0.5647058823529412,0.8571428571428571,0.6808510638297872,0.5161290322580645,1.0,0.9488255033557047,0.9737408523461042,0.9488255033557047,0.9761904761904762,0.8913043478260869,0.9318181818181818,0.8723404255319149,0.0,0.0,0.0,0.0,0.5675675675675675,0.6363636363636364,0.6000000000000001,0.42857142857142855
CRF23,CRF23,video76,2649,0.7957719894299736,0.8963463530595677,0.7723996772824168,0.7978033257926239,0.6786916384573043,1.0,0.4,0.5714285714285715,0.4,0.971473851030111,0.6634199134199135,0.7884244372990353,0.6507430997876857,0.9403973509933775,0.6187363834422658,0.7463863337713534,0.5953878406708596,0.6775288526816021,0.9871414441147379,0.8035426731078905,0.6716016150740243,0.711340206185567,1.0,0.8313253012048193,0.711340206185567,0.9736842105263158,0.7708333333333334,0.8604651162790697,0.7551020408163265,1.0,0.9666666666666667,0.983050847457627,0.9666666666666667
CRF23,CRF23,video77,2502,0.919664268585132,0.8763710443147499,0.8967614629330336,0.8683915061658771,0.7807415646482546,0.9464285714285714,0.6022727272727273,0.7361111111111112,0.5824175824175825,0.8646616541353384,0.9956709956709957,0.9255533199195171,0.8614232209737828,0.9763779527559056,0.8920863309352518,0.9323308270676692,0.8732394366197183,0.9852774631936579,0.9466811751904244,0.9655937846836848,0.9334763948497854,0.8390804597701149,1.0,0.9125,0.8390804597701149,0.9973474801061007,0.856492027334852,0.9215686274509804,0.8545454545454545,0.5254237288135594,0.9841269841269841,0.6850828729281769,0.5210084033613446
CRF23,CRF23,video78,739,0.8728010825439784,0.8663805463130415,0.7839906251578627,0.8055753210012633,0.6991118998691795,1.0,0.8181818181818182,0.9,0.8181818181818182,0.9568106312292359,1.0,0.9779286926994907,0.9568106312292359,0.8805970149253731,0.921875,0.9007633587786259,0.8194444444444444,0.7857142857142857,0.9506172839506173,0.8603351955307262,0.7549019607843137,0.7671232876712328,0.8888888888888888,0.8235294117647058,0.7,0.6744186046511628,0.3972602739726027,0.5,0.3333333333333333,1.0,0.5111111111111111,0.676470588235294,0.5111111111111111
CRF23,CRF23,video79,3414,0.8886936145284124,0.8480423430184786,0.7580916047418089,0.745200337654209,0.6230028958273977,1.0,0.42592592592592593,0.5974025974025974,0.42592592592592593,0.9788251366120219,0.9162404092071611,0.9464993394980185,0.8984326018808777,0.5972850678733032,0.9850746268656716,0.7436619718309859,0.5919282511210763,0.9221128021486124,0.9493087557603687,0.935513169845595,0.878839590443686,0.7798165137614679,0.8333333333333334,0.8056872037914692,0.6746031746031746,0.658256880733945,0.9348534201954397,0.7725437415881561,0.6293859649122807,1.0,0.2619047619047619,0.41509433962264153,0.2619047619047619
CRF23,CRF23,video80,1724,0.8816705336426914,0.7904848989198562,0.7874621068538696,0.7452682114859105,0.6264692623357012,1.0,0.5263157894736842,0.6896551724137931,0.5263157894736842,0.9735034347399412,0.9193697868396663,0.9456625357483318,0.8969258589511754,0.8943661971830986,0.9621212121212122,0.927007299270073,0.8639455782312925,0.7296511627906976,0.9543726235741445,0.827018121911038,0.7050561797752809,0.7288135593220338,0.9347826086956522,0.819047619047619,0.6935483870967742,0.23880597014925373,0.7272727272727273,0.3595505617977528,0.2191780821917808,0.9682539682539683,0.488,0.6489361702127658,0.48031496062992124
CRF23,CRF28,video49,1671,0.9353680430879713,0.9125269559666435,0.9063164521941642,0.9017749279048736,0.8256780369622153,1.0,0.6555555555555556,0.7919463087248323,0.6555555555555556,0.9238329238329238,0.9920844327176781,0.9567430025445293,0.9170731707317074,0.9333333333333333,0.8888888888888888,0.9105691056910569,0.835820895522388,0.9817850637522769,0.9309153713298791,0.9556737588652483,0.9151103565365025,0.7941176470588235,0.9310344827586207,0.8571428571428571,0.75,0.9432989690721649,0.9457364341085271,0.944516129032258,0.8948655256723717,0.8113207547169812,1.0,0.8958333333333334,0.8113207547169812
CRF23,CRF28,video50,1094,0.8793418647166362,0.7834130140292166,0.5369637743123432,0.5707334317441081,0.48519218794916713,1.0,0.14925373134328357,0.2597402597402597,0.14925373134328357,0.8418674698795181,0.978984238178634,0.9052631578947369,0.8269230769230769,0.8571428571428571,0.17142857142857143,0.2857142857142857,0.16666666666666666,0.9629629629629629,0.9397590361445783,0.9512195121951219,0.9069767441860465,0.821917808219178,0.9836065573770492,0.8955223880597014,0.8108108108108109,0.0,0.0,0.0,0.0,1.0,0.5357142857142857,0.6976744186046512,0.5357142857142857
CRF23,CRF28,video51,2944,0.7527173913043478,0.8585261403077161,0.8226485366176448,0.8037306992026904,0.7091928122473495,1.0,0.9117647058823529,0.9538461538461539,0.9117647058823529,0.9711340206185567,0.8343666961913198,0.8975702715578847,0.8141745894554884,0.8882978723404256,0.26424050632911394,0.40731707317073174,0.2557427258805513,0.4749582637729549,0.9451827242524917,0.6322222222222221,0.46222583265637696,0.9574468085106383,0.967741935483871,0.9625668449197862,0.9278350515463918,0.8130841121495327,0.93048128342246,0.8678304239401495,0.7665198237885462,0.9047619047619048,0.9047619047619048,0.9047619047619048,0.8260869565217391
CRF23,CRF28,video52,1966,0.9267548321464903,0.9278490286064142,0.920162572653025,0.9159804569660859,0.8511508235793406,0.9649122807017544,1.0,0.9821428571428572,0.9649122807017544,0.8392857142857143,0.9915611814345991,0.9090909090909091,0.8333333333333334,1.0,0.6483180428134556,0.7866419294990723,0.6483180428134556,0.9376498800959233,0.9974489795918368,0.9666254635352287,0.9354066985645934,0.8148148148148148,0.9850746268656716,0.8918918918918919,0.8048780487804879,0.9870609981515711,0.9709090909090909,0.9789184234647114,0.9587073608617595,0.9512195121951219,0.8478260869565217,0.8965517241379309,0.8125
CRF23,CRF28,video53,3283,0.9137983551629607,0.8364610759326048,0.862284104659795,0.812643100081103,0.7092215672013605,1.0,0.746268656716418,0.8547008547008548,0.746268656716418,0.9782608695652174,0.9032846715328468,0.9392789373814041,0.8855098389982111,0.7142857142857143,0.9411764705882353,0.8121827411167514,0.6837606837606838,0.9908256880733946,0.9722430607651913,0.9814464218099205,0.9635687732342008,0.30845771144278605,1.0,0.4714828897338403,0.30845771144278605,0.8633975481611208,0.8285714285714286,0.8456260720411665,0.7325408618127786,1.0,0.6444444444444445,0.7837837837837839,0.6444444444444445
CRF23,CRF28,video54,3100,0.9461290322580646,0.9028603116871536,0.875863318808469,0.8738116585247182,0.7886440484841589,0.9659090909090909,0.68,0.7981220657276995,0.6640625,0.9352290679304898,0.9974726200505476,0.9653485527924991,0.9330181245074862,0.9914529914529915,0.5948717948717949,0.7435897435897435,0.5918367346938775,0.9988751406074241,0.9747530186608123,0.9866666666666667,0.9736842105263158,0.7717391304347826,0.9726027397260274,0.8606060606060606,0.7553191489361702,0.983739837398374,0.9738430583501007,0.9787664307381193,0.9584158415841584,0.6730769230769231,0.9375,0.7835820895522388,0.6441717791411042
CRF23,CRF28,video55,1037,0.9045323047251688,0.8879422155853882,0.7970072908222837,0.810399718981321,0.704831121138783,1.0,0.9047619047619048,0.9500000000000001,0.9047619047619048,0.9110671936758893,1.0,0.953464322647363,0.9110671936758893,0.9473684210526315,0.45569620253164556,0.6153846153846153,0.4444444444444444,1.0,0.9480122324159022,0.9733124018838305,0.9480122324159022,0.9069767441860465,0.7222222222222222,0.8041237113402061,0.6724137931034483,0.4835164835164835,0.9565217391304348,0.6423357664233577,0.4731182795698925,0.9666666666666667,0.5918367346938775,0.7341772151898733,0.58
CRF23,CRF28,video56,1834,0.9089422028353326,0.8873090018421169,0.8440469689201942,0.8419303719220318,0.7425090930892634,1.0,0.4666666666666667,0.6363636363636364,0.4666666666666667,0.9378292939936775,1.0,0.9679173463839043,0.9378292939936775,0.9375,0.9375,0.9375,0.8823529411764706,0.9977011494252873,0.8346153846153846,0.9089005235602095,0.8330134357005758,0.572139303482587,0.9913793103448276,0.725552050473186,0.5693069306930693,0.8796296296296297,0.9134615384615384,0.8962264150943395,0.811965811965812,0.8863636363636364,0.7647058823529411,0.8210526315789474,0.6964285714285714
CRF23,CRF28,video57,2632,0.9129939209726444,0.9008563504844223,0.8687271066973555,0.8618140253687189,0.7802650851558129,0.9931506849315068,1.0,0.9965635738831615,0.9931506849315068,0.9607458292443573,0.9989795918367347,0.9794897448724362,0.9598039215686275,1.0,0.43147208121827413,0.6028368794326241,0.43147208121827413,0.9185918591859186,0.9027027027027027,0.9105779716466739,0.8358358358358359,0.9054054054054054,0.8271604938271605,0.864516129032258,0.7613636363636364,0.5829787234042553,0.958041958041958,0.7248677248677248,0.5684647302904564,0.9451219512195121,0.9627329192546584,0.9538461538461539,0.9117647058823529
CRF23,CRF28,video58,5993,0.7298514934089771,0.6803832294977826,0.7819732589650253,0.7071491921923566,0.5574824238197984,0.5285714285714286,0.925,0.6727272727272726,0.5068493150684932,0.9339362957137239,0.7012105107764984,0.8010118043844857,0.6680731364275668,0.5505154639175258,0.3961424332344214,0.46074201898188094,0.29932735426008966,0.5448548812664907,0.9343891402714932,0.6883333333333334,0.5247776365946633,0.651685393258427,0.9830508474576272,0.7837837837837838,0.6444444444444445,0.8044280442804428,0.8044280442804428,0.8044280442804429,0.6728395061728395,0.7486910994764397,0.7295918367346939,0.7390180878552971,0.5860655737704918
CRF23,CRF28,video59,1046,0.9149139579349904,0.9241039981009779,0.8288640175871096,0.8478551412078302,0.7564216303763837,1.0,1.0,1.0,1.0,0.9322381930184805,1.0,0.9649309245483528,0.9322381930184805,1.0,0.4375,0.6086956521739131,0.4375,0.9260450160771704,0.9863013698630136,0.9552238805970148,0.9142857142857143,0.9782608695652174,0.6818181818181818,0.8035714285714285,0.6716417910447762,0.632183908045977,0.9821428571428571,0.7692307692307692,0.625,1.0,0.7142857142857143,0.8333333333333333,0.7142857142857143
CRF23,CRF28,video60,2532,0.7476303317535545,0.7195212860774308,0.7460578409311822,0.6745830207793853,0.5637905774413206,0.949685534591195,0.934984520123839,0.9422776911076444,0.8908554572271387,0.9689629068887207,0.7199100112485939,0.8260729267505647,0.7036833424958768,0.8888888888888888,0.7619047619047619,0.8205128205128205,0.6956521739130435,0.15764331210191082,0.9339622641509434,0.26975476839237056,0.15590551181102363,0.9090909090909091,0.9259259259259259,0.9174311926605504,0.847457627118644,0.59375,0.20212765957446807,0.30158730158730157,0.17757009345794392,0.5686274509803921,0.7435897435897436,0.6444444444444445,0.47540983606557374
CRF23,CRF28,video61,4409,0.8636879110909503,0.7720213254311615,0.7045874605075972,0.6562828883872581,0.5313276593529025,0.9968454258675079,0.7053571428571429,0.8261437908496733,0.7037861915367484,0.7031363967906638,0.9989637305699481,0.8253424657534246,0.7026239067055393,0.9444444444444444,0.08900523560209424,0.16267942583732056,0.08854166666666667,0.9893526405451448,0.9081313526192337,0.9470036689767631,0.8993418505613627,0.45,1.0,0.6206896551724138,0.45,0.75,0.42857142857142855,0.5454545454545454,0.375,0.5703703703703704,0.8020833333333334,0.6666666666666667,0.5
CRF23,CRF28,video62,2032,0.953248031496063,0.9250148913291953,0.9187675088448629,0.918153299008502,0.8542353503562425,1.0,1.0,1.0,1.0,0.9902534113060428,0.9495327102803738,0.9694656488549618,0.9407407407407408,0.9622641509433962,0.7285714285714285,0.8292682926829268,0.7083333333333334,0.9178807947019868,0.99,0.9525773195876288,0.9094488188976378,0.8627450980392157,0.8148148148148148,0.838095238095238,0.7213114754098361,0.9019607843137255,0.9484536082474226,0.9246231155778893,0.8598130841121495,0.84,1.0,0.9130434782608696,0.84
CRF23,CRF28,video63,3433,0.8249344596562773,0.733260745615918,0.7871876575652289,0.6887892674681808,0.5821260588048504,1.0,0.6083333333333333,0.7564766839378237,0.6083333333333333,0.9763113367174281,0.9796264855687606,0.9779661016949153,0.956882255389718,0.9302325581395349,0.8888888888888888,0.9090909090909092,0.8333333333333334,0.9931216931216931,0.8214442013129103,0.8991616766467067,0.8167972149695387,0.8535031847133758,0.5403225806451613,0.6617283950617284,0.4944649446494465,0.1954459203036053,0.9716981132075472,0.325434439178515,0.19433962264150945,0.18421052631578946,0.7,0.29166666666666663,0.17073170731707318
CRF23,CRF28,video64,2398,0.9286905754795663,0.8950303403335756,0.9033242467293976,0.8910141318948118,0.8077881397507706,0.6354166666666666,1.0,0.7770700636942676,0.6354166666666666,1.0,0.9166666666666666,0.9565217391304348,0.9166666666666666,0.9761904761904762,0.7961165048543689,0.8770053475935828,0.780952380952381,0.8812572759022119,0.9908376963350786,0.9328404189772028,0.874133949191686,0.9387755102040817,0.9019607843137255,0.92,0.8518518518518519,0.8823529411764706,0.8379888268156425,0.8595988538681949,0.7537688442211056,0.9512195121951219,0.8796992481203008,0.9140625,0.841726618705036
CRF23,CRF28,video65,1873,0.9620928990923652,0.765642288685181,0.7667654110818072,0.7625037705700913,0.7087773512294904,1.0,0.8514056224899599,0.9197396963123645,0.8514056224899599,0.9728260869565217,1.0,0.9862258953168044,0.9728260869565217,1.0,0.9444444444444444,0.9714285714285714,0.9444444444444444,1.0,0.9841897233201581,0.99203187250996,0.9841897233201581,0.8961038961038961,0.8846153846153846,0.8903225806451613,0.8023255813953488,0.0,0.0,0.0,0.0,0.49056603773584906,0.7027027027027027,0.5777777777777777,0.40625
CRF23,CRF28,video66,1824,0.9550438596491229,0.9319767814880006,0.8932948945232522,0.9095524132502945,0.8491405139031112,1.0,1.0,1.0,1.0,0.9774774774774775,1.0,0.9886104783599089,0.9774774774774775,0.9383561643835616,0.85625,0.8954248366013072,0.8106508875739645,0.9624664879356568,0.9876203576341128,0.9748811948404618,0.9509933774834437,0.9344262295081968,0.6867469879518072,0.7916666666666666,0.6551724137931034,0.7111111111111111,0.7441860465116279,0.7272727272727273,0.5714285714285714,1.0,0.9782608695652174,0.989010989010989,0.9782608695652174
CRF23,CRF28,video67,2353,0.9281767955801105,0.8484356895253287,0.9208995368289851,0.8511470709462448,0.7774309596623427,0.9698492462311558,1.0,0.9846938775510203,0.9698492462311558,0.9941176470588236,0.9929494712103408,0.9935332157554381,0.9871495327102804,1.0,0.8165137614678899,0.898989898989899,0.8165137614678899,0.9829931972789115,0.8757575757575757,0.9262820512820511,0.8626865671641791,0.7216494845360825,0.8860759493670886,0.7954545454545454,0.660377358490566,0.27044025157232704,1.0,0.42574257425742573,0.27044025157232704,1.0,0.875,0.9333333333333333,0.875
CRF23,CRF28,video68,1972,0.9016227180527383,0.8687006976424584,0.8453895145054136,0.8250530342900598,0.7204648912148809,1.0,0.46078431372549017,0.6308724832214765,0.46078431372549017,0.9341176470588235,0.9600967351874244,0.9469290399522958,0.89920724801812,0.9811320754716981,0.9629629629629629,0.9719626168224299,0.9454545454545454,0.9306569343065694,0.9568480300187617,0.9435707678075856,0.8931698774080561,0.6875,0.9565217391304348,0.8,0.6666666666666666,0.983739837398374,0.6205128205128205,0.761006289308176,0.6142131979695431,0.5637583892617449,1.0,0.7210300429184548,0.5637583892617449
CRF23,CRF28,video69,4575,0.9460109289617487,0.8155407085346578,0.7665350661726323,0.7862078438364193,0.7345097080309463,0.9583333333333334,1.0,0.9787234042553191,0.9583333333333334,0.9970466627288836,0.9982259018332348,0.9976359338061467,0.9952830188679245,1.0,0.689453125,0.8161849710982659,0.689453125,0.9270833333333334,0.9863979848866499,0.9558213326824506,0.9153810191678354,0.8531073446327684,0.7438423645320197,0.7947368421052632,0.6593886462882096,0.0,0.0,0.0,0.0,0.9732142857142857,0.9478260869565217,0.960352422907489,0.923728813559322
CRF23,CRF28,video70,1194,0.9087102177554439,0.878593726238238,0.8218136454266445,0.8351091453406954,0.7329706621579323,0.7777777777777778,1.0,0.8750000000000001,0.7777777777777778,0.9722772277227723,0.9800399201596807,0.9761431411530815,0.9533980582524272,0.9523809523809523,0.8,0.8695652173913043,0.7692307692307693,0.875,0.9397260273972603,0.9062087186261559,0.8285024154589372,0.8018867924528302,0.9340659340659341,0.8629441624365483,0.7589285714285714,0.7708333333333334,0.4625,0.5781250000000001,0.4065934065934066,1.0,0.6363636363636364,0.7777777777777778,0.6363636363636364
CRF23,CRF28,video71,2515,0.858051689860835,0.7830949934487712,0.6877461000901123,0.7185720205872989,0.6309423941554316,1.0,0.5,0.6666666666666666,0.5,0.8942222222222223,0.8348547717842324,0.8635193133047211,0.7598187311178247,0.926829268292683,0.6229508196721312,0.7450980392156863,0.59375,0.8,0.8776185226019846,0.8370136698212408,0.7197106690777577,0.9022801302931596,0.9787985865724381,0.9389830508474576,0.8849840255591054,0.0,0.0,0.0,0.0,0.9583333333333334,1.0,0.9787234042553191,0.9583333333333334
CRF23,CRF28,video72,3106,0.8412749517063748,0.8701905289528884,0.8581242269957661,0.8362571473847558,0.73695091948466,1.0,0.5766423357664233,0.7314814814814815,0.5766423357664233,0.9236276849642004,0.983065198983912,0.9524200164068908,0.9091620986687549,0.972972972972973,0.9557522123893806,0.9642857142857144,0.9310344827586207,0.9772727272727273,0.6819699499165276,0.8033431661750247,0.6713229252259655,0.7777777777777778,0.9871794871794872,0.8700564971751413,0.77,0.4396825396825397,0.9518900343642611,0.6015200868621063,0.4301242236024845,1.0,0.8703703703703703,0.9306930693069307,0.8703703703703703
CRF23,CRF28,video73,1356,0.948377581120944,0.9504098711579628,0.8988471351610346,0.9118304385128845,0.8506243293153845,1.0,0.979381443298969,0.9895833333333333,0.979381443298969,0.9618320610687023,1.0,0.9805447470817121,0.9618320610687023,1.0,0.5192307692307693,0.6835443037974684,0.5192307692307693,0.9166666666666666,0.9965156794425087,0.9549248747913188,0.9137380191693291,0.8703703703703703,1.0,0.9306930693069307,0.8703703703703703,0.904,0.9495798319327731,0.9262295081967212,0.8625954198473282,1.0,0.8472222222222222,0.9172932330827067,0.8472222222222222
CRF23,CRF28,video74,1634,0.7423500611995104,0.8133219727573364,0.6761822372291647,0.6988650074025359,0.5621206499593413,1.0,0.735632183908046,0.847682119205298,0.735632183908046,0.789873417721519,0.7536231884057971,0.7713226205191595,0.6277665995975855,0.9821428571428571,0.4263565891472868,0.5945945945945945,0.4230769230769231,0.7544987146529563,0.8302687411598303,0.7905723905723906,0.6536748329621381,0.9578947368421052,0.8921568627450981,0.9238578680203046,0.8584905660377359,0.3251231527093596,0.7333333333333333,0.45051194539249145,0.2907488986784141,0.8837209302325582,0.3619047619047619,0.5135135135135135,0.34545454545454546
CRF23,CRF28,video75,1923,0.9126365054602185,0.741938922247777,0.6922205711409986,0.7095636148497231,0.6175396464047687,1.0,0.7540983606557377,0.8598130841121495,0.7540983606557377,0.7549407114624506,1.0,0.8603603603603602,0.7549407114624506,0.7804878048780488,0.5714285714285714,0.6597938144329897,0.49230769230769234,1.0,0.924496644295302,0.960767218831735,0.924496644295302,0.9393939393939394,0.8985507246376812,0.9185185185185185,0.8493150684931506,0.0,0.0,0.0,0.0,0.71875,0.696969696969697,0.7076923076923077,0.5476190476190477
CRF23,CRF28,video76,2649,0.7761419403548508,0.8773238424767064,0.7173347858761046,0.7375498557138254,0.6086821556563363,1.0,0.23333333333333334,0.37837837837837834,0.23333333333333334,0.9587155963302753,0.6785714285714286,0.7946768060836501,0.6593059936908517,0.9601593625498008,0.5250544662309368,0.6788732394366197,0.5138592750533049,0.6597869507323568,0.9802176063303659,0.7886987664146438,0.6511169513797634,0.6330275229357798,1.0,0.7752808988764045,0.6330275229357798,0.9295774647887324,0.6875,0.7904191616766466,0.6534653465346535,1.0,0.9166666666666666,0.9565217391304348,0.9166666666666666
CRF23,CRF28,video77,2502,0.9288569144684252,0.884994774737936,0.8969310288244569,0.870621146978947,0.7840116937212905,1.0,0.7613636363636364,0.8645161290322582,0.7613636363636364,0.9130434782608695,1.0,0.9545454545454545,0.9130434782608695,1.0,0.7266187050359713,0.8416666666666668,0.7266187050359713,0.9686486486486486,0.9749727965179543,0.9718004338394794,0.9451476793248945,0.8390804597701149,1.0,0.9125,0.8390804597701149,0.9972677595628415,0.8314350797266514,0.906832298136646,0.8295454545454546,0.47692307692307695,0.9841269841269841,0.6424870466321244,0.4732824427480916
CRF23,CRF28,video78,739,0.8700947225981055,0.8863800636124518,0.7704176418849445,0.8090250495564941,0.6867665532844719,1.0,0.5909090909090909,0.7428571428571429,0.5909090909090909,0.8807339449541285,1.0,0.9365853658536586,0.8807339449541285,0.7962962962962963,0.671875,0.728813559322034,0.5733333333333334,0.8735632183908046,0.9382716049382716,0.9047619047619048,0.8260869565217391,0.7631578947368421,0.9206349206349206,0.8345323741007195,0.7160493827160493,0.8909090909090909,0.6712328767123288,0.7656250000000001,0.620253164556962,1.0,0.6,0.7499999999999999,0.6
CRF23,CRF28,video79,3414,0.9027533684827183,0.8895667714760324,0.7555268259990925,0.7716206505397987,0.6623954052734317,1.0,0.4074074074074074,0.5789473684210525,0.4074074074074074,0.9741379310344828,0.9392583120204604,0.9563802083333333,0.916406737367436,0.9609375,0.917910447761194,0.9389312977099238,0.8848920863309353,0.9008620689655172,0.9631336405529954,0.9309576837416482,0.8708333333333333,0.7142857142857143,0.8333333333333334,0.7692307692307692,0.625,0.6767441860465117,0.9478827361563518,0.7896879240162822,0.6524663677130045,1.0,0.27976190476190477,0.4372093023255814,0.27976190476190477
CRF23,CRF28,video80,1724,0.888631090487239,0.8357566803765059,0.8158204228589229,0.7807689264474144,0.6747212965824481,1.0,0.49122807017543857,0.6588235294117647,0.49122807017543857,0.9675834970530451,0.9128822984244671,0.9394372913686218,0.8857913669064749,0.984,0.9318181818181818,0.9571984435797666,0.917910447761194,0.7229916897506925,0.9923954372623575,0.8365384615384615,0.71900826446281,0.9347826086956522,0.9347826086956522,0.9347826086956522,0.8775510204081632,0.2676056338028169,0.8636363636363636,0.4086021505376344,0.25675675675675674,0.9733333333333334,0.584,0.73,0.5748031496062992
CRF23,CRF35,video49,1671,0.9622980251346499,0.954333139416847,0.9193542485600233,0.9318476910859425,0.8771147179143416,1.0,0.6777777777777778,0.8079470198675497,0.6777777777777778,0.9197080291970803,0.9973614775725593,0.9569620253164557,0.9174757281553398,0.9354838709677419,0.9206349206349206,0.9279999999999999,0.8656716417910447,0.9964788732394366,0.9775474956822107,0.986922406277245,0.9741824440619621,0.8936170212765957,0.9655172413793104,0.9281767955801106,0.865979381443299,0.9720812182741116,0.9896640826873385,0.9807938540332907,0.9623115577889447,0.9629629629629629,0.9069767441860465,0.934131736526946,0.8764044943820225
CRF23,CRF35,video50,1094,0.8409506398537477,0.7687599195110241,0.546691750697041,0.5885574304498906,0.4762162482998363,1.0,0.2537313432835821,0.40476190476190477,0.2537313432835821,0.8571428571428571,0.882661996497373,0.8697152717860224,0.7694656488549618,0.9230769230769231,0.34285714285714286,0.5000000000000001,0.3333333333333333,0.8144329896907216,0.9518072289156626,0.8777777777777778,0.7821782178217822,0.7866666666666666,0.9672131147540983,0.8676470588235293,0.7662337662337663,0.0,0.0,0.0,0.0,1.0,0.42857142857142855,0.6,0.42857142857142855
CRF23,CRF35,video51,2944,0.7666440217391305,0.813072085316695,0.815608513724535,0.7837548838848031,0.6607912461655259,1.0,0.7857142857142857,0.88,0.7857142857142857,0.9845303867403314,0.7891939769707705,0.8761061946902654,0.7795275590551181,0.9383116883116883,0.4572784810126582,0.6148936170212767,0.44393241167434716,0.5066548358473825,0.9485049833887044,0.6604973973395026,0.4930915371329879,0.9247311827956989,0.9247311827956989,0.9247311827956989,0.86,0.7964601769911505,0.9625668449197861,0.8716707021791767,0.7725321888412017,0.5408163265306123,0.8412698412698413,0.6583850931677018,0.49074074074074076
CRF23,CRF35,video52,1966,0.91353001017294,0.8907584156534814,0.9086017769459761,0.8888965547949609,0.8085633649643034,0.9716981132075472,0.9363636363636364,0.9537037037037037,0.911504424778761,0.8120689655172414,0.9936708860759493,0.8937381404174574,0.8078902229845626,0.9950738916256158,0.617737003058104,0.7622641509433963,0.6158536585365854,0.9601990049751243,0.9846938775510204,0.9722921914357683,0.946078431372549,0.7528089887640449,1.0,0.858974358974359,0.7528089887640449,0.9887429643527205,0.9581818181818181,0.9732225300092335,0.947841726618705,0.7547169811320755,0.8695652173913043,0.8080808080808081,0.6779661016949152
CRF23,CRF35,video53,3283,0.9339019189765458,0.8547482977527939,0.876609952747445,0.8310944870880578,0.7339850615975555,1.0,0.746268656716418,0.8547008547008548,0.746268656716418,0.9837164750957854,0.9370437956204379,0.9598130841121496,0.9227313566936208,0.7203389830508474,1.0,0.8374384236453203,0.7203389830508474,0.9827327327327328,0.9819954988747187,0.9823639774859287,0.9653392330383481,0.35428571428571426,1.0,0.5232067510548523,0.35428571428571426,0.9421641791044776,0.8487394957983193,0.8930150309460654,0.8067092651757188,1.0,0.6222222222222222,0.7671232876712328,0.6222222222222222
CRF23,CRF35,video54,3100,0.8987096774193548,0.8955961292326716,0.84947341464257,0.8522736062467758,0.750494136950807,1.0,0.672,0.8038277511961722,0.672,0.8318149964961458,1.0,0.9081866870696251,0.8318149964961458,1.0,0.5692307692307692,0.7254901960784313,0.5692307692307692,1.0,0.814489571899012,0.8977616454930429,0.814489571899012,0.7019230769230769,1.0,0.8248587570621468,0.7019230769230769,0.9798792756539235,0.9798792756539235,0.9798792756539235,0.960552268244576,0.7555555555555555,0.9107142857142857,0.8259109311740891,0.7034482758620689
CRF23,CRF35,video55,1037,0.9161041465766635,0.8808988626592882,0.8276729375653937,0.8339933384934716,0.7355303499529422,1.0,0.9047619047619048,0.9500000000000001,0.9047619047619048,0.9275653923541247,1.0,0.9624217118997912,0.9275653923541247,0.8653846153846154,0.569620253164557,0.6870229007633588,0.5232558139534884,1.0,0.9357798165137615,0.966824644549763,0.9357798165137615,0.8253968253968254,0.9629629629629629,0.8888888888888888,0.8,0.547945205479452,0.8695652173913043,0.6722689075630252,0.5063291139240507,1.0,0.5510204081632653,0.7105263157894737,0.5510204081632653
CRF23,CRF35,video56,1834,0.9100327153762269,0.9067076542114236,0.8517424941543988,0.861723991328467,0.7688770386992434,1.0,0.45714285714285713,0.6274509803921569,0.45714285714285713,0.9334073251942286,0.9449438202247191,0.939140145170296,0.8852631578947369,0.9166666666666666,0.9166666666666666,0.9166666666666666,0.8461538461538461,0.9082397003745318,0.9326923076923077,0.920303605313093,0.8523725834797891,0.7533333333333333,0.9741379310344828,0.849624060150376,0.738562091503268,0.8818181818181818,0.9326923076923077,0.9065420560747663,0.8290598290598291,0.9534883720930233,0.803921568627451,0.8723404255319148,0.7735849056603774
CRF23,CRF35,video57,2632,0.9445288753799392,0.9447385127130213,0.9011172746094936,0.9175544479363281,0.8515151731637419,1.0,0.8620689655172413,0.9259259259259259,0.8620689655172413,0.9473684210526315,0.9734693877551021,0.9602415702063412,0.9235237173281704,0.9530201342281879,0.7208121827411168,0.8208092485549134,0.696078431372549,0.9355828220858896,0.9891891891891892,0.9616395165528114,0.9261133603238867,0.8181818181818182,1.0,0.9,0.8181818181818182,0.9590163934426229,0.8181818181818182,0.8830188679245282,0.7905405405405406,1.0,0.9440993788819876,0.9712460063897763,0.9440993788819876
CRF23,CRF35,video58,5993,0.6896379108960454,0.7799707956142452,0.7078650894579416,0.7037574218406764,0.5694766113010302,1.0,0.3625,0.5321100917431192,0.3625,0.9743230625583567,0.6161795098907588,0.7549285585096762,0.6063335270191749,0.4171974522292994,0.3887240356083086,0.40245775729646693,0.2519230769230769,0.49344814676151255,0.9939668174962293,0.6594946209657243,0.49197461739455023,0.9333333333333333,0.9491525423728814,0.9411764705882353,0.8888888888888888,0.8870292887029289,0.7822878228782287,0.8313725490196078,0.7114093959731543,0.7544642857142857,0.8622448979591837,0.8047619047619047,0.6733067729083665
CRF23,CRF35,video59,1046,0.9378585086042065,0.9390134790433893,0.8664502164502164,0.8919981685487823,0.8145126602334293,1.0,1.0,1.0,1.0,0.961864406779661,1.0,0.980561555075594,0.961864406779661,0.9818181818181818,0.675,0.8,0.6666666666666666,0.9125,1.0,0.9542483660130718,0.9125,0.9375,0.6818181818181818,0.7894736842105263,0.6521739130434783,0.7794117647058824,0.9464285714285714,0.8548387096774193,0.7464788732394366,1.0,0.7619047619047619,0.8648648648648648,0.7619047619047619
CRF23,CRF35,video60,2532,0.7863349131121643,0.710941337106805,0.7282801664360191,0.664476653586859,0.5695367972636208,1.0,0.8421052631578947,0.9142857142857143,0.8421052631578947,0.9560513860716701,0.7952755905511811,0.868283696653362,0.7672273467173087,0.8860759493670886,0.8333333333333334,0.8588957055214723,0.7526881720430108,0.18386491557223264,0.9245283018867925,0.30672926447574334,0.18114602587800369,0.9459459459459459,0.9722222222222222,0.9589041095890412,0.9210526315789473,0.4,0.06382978723404255,0.11009174311926605,0.05825242718446602,0.6046511627906976,0.6666666666666666,0.6341463414634145,0.4642857142857143
CRF23,CRF35,video61,4409,0.8834202767067362,0.8102866143236112,0.7497524357998749,0.7268713419791523,0.6018092820659627,1.0,0.7455357142857143,0.8542199488491048,0.7455357142857143,0.7689243027888446,1.0,0.8693693693693694,0.7689243027888446,0.9135802469135802,0.387434554973822,0.5441176470588236,0.37373737373737376,0.9844079224610198,0.9132134480062549,0.9474751571689313,0.9001926782273603,0.3319672131147541,1.0,0.49846153846153846,0.3319672131147541,0.7777777777777778,0.4,0.5283018867924528,0.358974358974359,0.8953488372093024,0.8020833333333334,0.8461538461538463,0.7333333333333333
CRF23,CRF35,video62,2032,0.9404527559055118,0.8916975756113261,0.9251984795159888,0.9059507951630826,0.832868608947667,1.0,1.0,1.0,1.0,0.9504587155963303,0.9682242990654205,0.9592592592592593,0.9217081850533808,0.7674418604651163,0.9428571428571428,0.8461538461538461,0.7333333333333333,0.9610194902548725,0.9157142857142857,0.9378200438917337,0.8829201101928374,0.8518518518518519,0.8518518518518519,0.8518518518518519,0.7419354838709677,0.9111111111111111,0.845360824742268,0.8770053475935828,0.780952380952381,0.8,0.9523809523809523,0.8695652173913043,0.7692307692307693
CRF23,CRF35,video63,3433,0.8447422079813575,0.6771030197564956,0.8261141798874966,0.6846985154575924,0.5614434646030773,1.0,0.625,0.7692307692307693,0.625,0.9606557377049181,0.9949066213921901,0.9774812343619683,0.9559543230016313,0.4838709677419355,1.0,0.6521739130434783,0.4838709677419355,0.9989473684210526,0.8306345733041576,0.9070489844683393,0.829908176650634,0.7874396135265701,0.657258064516129,0.7164835164835166,0.5582191780821918,0.23608017817371937,1.0,0.38198198198198197,0.23608017817371937,0.2727272727272727,0.675,0.3884892086330935,0.24107142857142858
CRF23,CRF35,video64,2398,0.9282735613010842,0.9198344671201816,0.9064563496651183,0.9110851852031907,0.8403184076066054,0.9384615384615385,1.0,0.9682539682539683,0.9384615384615385,1.0,0.9251893939393939,0.9611411706837186,0.9251893939393939,0.875,0.883495145631068,0.8792270531400966,0.7844827586206896,0.8582857142857143,0.9829842931937173,0.916412446613789,0.8457207207207207,0.9038461538461539,0.9215686274509803,0.9126213592233009,0.8392857142857143,0.8717948717948718,0.7597765363128491,0.8119402985074626,0.6834170854271356,0.9914529914529915,0.8721804511278195,0.9279999999999999,0.8656716417910447
CRF23,CRF35,video65,1873,0.9428723972237053,0.7258706756597989,0.7293766490990169,0.7212819537954006,0.6601676745665526,1.0,0.7429718875502008,0.8525345622119817,0.7429718875502008,0.9654800431499461,1.0,0.982436882546652,0.9654800431499461,0.9801980198019802,0.9166666666666666,0.9473684210526315,0.9,1.0,0.9723320158102767,0.9859719438877755,0.9723320158102767,0.8020833333333334,0.9871794871794872,0.8850574712643677,0.7938144329896907,0.0,0.0,0.0,0.0,0.3333333333333333,0.4864864864864865,0.3956043956043956,0.2465753424657534
CRF23,CRF35,video66,1824,0.9435307017543859,0.9061745203033089,0.8631921756013634,0.8822712922907713,0.8080245073665122,1.0,1.0,1.0,1.0,0.9716417910447761,1.0,0.9856169568508706,0.9716417910447761,0.9305555555555556,0.8375,0.881578947368421,0.788235294117647,0.9572763684913218,0.9862448418156808,0.9715447154471545,0.9446640316205533,0.8059701492537313,0.6506024096385542,0.7200000000000001,0.5625,0.6777777777777778,0.7093023255813954,0.6931818181818181,0.5304347826086957,1.0,0.8586956521739131,0.9239766081871346,0.8586956521739131
CRF23,CRF35,video67,2353,0.9048023799405015,0.8140217854868675,0.9166674767305738,0.8356589878388708,0.7436147594850208,1.0,0.9481865284974094,0.973404255319149,0.9481865284974094,0.9871959026888605,0.9059929494712103,0.9448529411764706,0.8954703832752613,0.7890625,0.926605504587156,0.8523206751054851,0.7426470588235294,0.9355860612460402,0.8949494949494949,0.9148167268972638,0.8430066603235015,0.6605504587155964,0.9113924050632911,0.7659574468085106,0.6206896551724138,0.32575757575757575,1.0,0.49142857142857144,0.32575757575757575,1.0,0.8295454545454546,0.906832298136646,0.8295454545454546
CRF23,CRF35,video68,1972,0.9148073022312373,0.8922751513780117,0.8374753050770545,0.8317274763650481,0.7399852544814041,1.0,0.37254901960784315,0.5428571428571428,0.37254901960784315,0.9268571428571428,0.9806529625151149,0.9529964747356051,0.9102132435465768,0.9470588235294117,0.9938271604938271,0.9698795180722891,0.9415204678362573,0.9686346863468634,0.9849906191369606,0.9767441860465116,0.9545454545454546,0.8904109589041096,0.9420289855072463,0.9154929577464788,0.8441558441558441,0.9612403100775194,0.6358974358974359,0.7654320987654322,0.62,0.5517241379310345,0.9523809523809523,0.6986899563318777,0.5369127516778524
CRF23,CRF35,video69,4575,0.9626229508196721,0.8207871832313433,0.7661477522291537,0.7905955438810033,0.7398805422762166,0.9577464788732394,0.9855072463768116,0.9714285714285714,0.9444444444444444,0.9952830188679245,0.9982259018332348,0.9967522881606142,0.9935256032960565,0.9953703703703703,0.83984375,0.9110169491525424,0.8365758754863813,0.9638671875,0.9944584382871536,0.9789238780064469,0.9587178241864983,0.8547486033519553,0.7536945812807881,0.8010471204188482,0.6681222707423581,0.0,0.0,0.0,0.0,0.978494623655914,0.7913043478260869,0.875,0.7777777777777778
CRF23,CRF35,video70,1194,0.9061976549413735,0.8711248829670218,0.7671306760783189,0.7888967357252152,0.7049336921936175,0.8536585365853658,1.0,0.9210526315789475,0.8536585365853658,0.9686888454011742,0.9880239520958084,0.9782608695652173,0.9574468085106383,0.9418604651162791,0.81,0.8709677419354839,0.7714285714285715,0.8391608391608392,0.9863013698630136,0.906801007556675,0.8294930875576036,0.9560439560439561,0.9560439560439561,0.9560439560439561,0.9157894736842105,0.5384615384615384,0.175,0.2641509433962264,0.15217391304347827,1.0,0.45454545454545453,0.625,0.45454545454545453
CRF23,CRF35,video71,2515,0.863220675944334,0.74466802040968,0.6946924386636987,0.7106078847832128,0.6158330962457158,0.875,0.9722222222222222,0.9210526315789473,0.8536585365853658,0.956989247311828,0.812448132780083,0.8788150807899462,0.7838270616493195,0.782608695652174,0.5901639344262295,0.6728971962616822,0.5070422535211268,0.7791239515377446,0.9217199558985667,0.8444444444444444,0.7307692307692307,0.8856209150326797,0.9575971731448764,0.9202037351443123,0.8522012578616353,0.0,0.0,0.0,0.0,0.9333333333333333,0.6086956521739131,0.7368421052631579,0.5833333333333334
CRF23,CRF35,video72,3106,0.836445589182228,0.8706175618921053,0.8589642807372285,0.8368246244620289,0.7349303411834308,1.0,0.5620437956204379,0.719626168224299,0.5620437956204379,0.8761127596439169,1.0,0.9339659944642151,0.8761127596439169,0.9008264462809917,0.9646017699115044,0.9316239316239316,0.872,1.0,0.6469115191986644,0.7856056766345667,0.6469115191986644,0.8735632183908046,0.9743589743589743,0.9212121212121213,0.8539325842696629,0.4741235392320534,0.9759450171821306,0.6382022471910112,0.46864686468646866,0.9696969696969697,0.8888888888888888,0.927536231884058,0.8648648648648649
CRF23,CRF35,video73,1356,0.9513274336283186,0.9382562627805958,0.9050879637963073,0.9134876575745646,0.8492727579481242,1.0,0.9690721649484536,0.9842931937172774,0.9690721649484536,0.982839313572543,1.0,0.9913453973249411,0.982839313572543,1.0,0.625,0.7692307692307693,0.625,0.8958990536277602,0.9895470383275261,0.9403973509933774,0.8875,0.7586206896551724,0.9361702127659575,0.8380952380952381,0.7213114754098361,0.9304347826086956,0.8991596638655462,0.9145299145299145,0.84251968503937,1.0,0.9166666666666666,0.9565217391304348,0.9166666666666666
CRF23,CRF35,video74,1634,0.8017135862913096,0.8035203266253407,0.687726334927892,0.7247540375072566,0.6340393274872883,1.0,0.6781609195402298,0.8082191780821918,0.6781609195402298,0.9397905759162304,0.8671497584541062,0.9020100502512562,0.8215102974828375,0.9915966386554622,0.9147286821705426,0.9516129032258065,0.9076923076923077,0.8191349934469201,0.884016973125884,0.8503401360544218,0.7396449704142012,0.941747572815534,0.9509803921568627,0.9463414634146341,0.8981481481481481,0.09146341463414634,0.16666666666666666,0.11811023622047244,0.06276150627615062,0.8409090909090909,0.3523809523809524,0.4966442953020135,0.33035714285714285
CRF23,CRF35,video75,1923,0.9037961518460739,0.718282234712996,0.6845834552940235,0.6927098134011266,0.594628527844314,1.0,0.7131147540983607,0.8325358851674641,0.7131147540983607,0.7417475728155339,1.0,0.8517279821627648,0.7417475728155339,0.72,0.6428571428571429,0.6792452830188679,0.5142857142857142,1.0,0.9203020134228188,0.9584971603320227,0.9203020134228188,0.9912280701754386,0.8188405797101449,0.8968253968253969,0.8129496402877698,0.0,0.0,0.0,0.0,0.575,0.696969696969697,0.6301369863013698,0.46
CRF23,CRF35,video76,2649,0.7542468856172141,0.8478800733984855,0.680020128724091,0.675796970817999,0.5471396592721058,1.0,0.1,0.18181818181818182,0.1,0.9580093312597201,0.6666666666666666,0.786215698787492,0.647739221871714,0.963855421686747,0.5228758169934641,0.6779661016949153,0.5128205128205128,0.6442048517520216,0.9455984174085065,0.7663326653306614,0.6211825860948668,0.46,1.0,0.6301369863013699,0.46,0.9090909090909091,0.625,0.7407407407407406,0.5882352941176471,1.0,0.9,0.9473684210526316,0.9
CRF23,CRF35,video77,2502,0.8960831334932055,0.8586129940700665,0.8708922987130185,0.8378748688433529,0.7300822232143231,1.0,0.6590909090909091,0.7945205479452054,0.6590909090909091,0.829940119760479,1.0,0.9070680628272251,0.829940119760479,1.0,0.7194244604316546,0.8368200836820083,0.7194244604316546,0.9724770642201835,0.9227421109902068,0.9469570072585148,0.8992576882290562,0.7156862745098039,1.0,0.8342857142857142,0.7156862745098039,1.0,0.7949886104783599,0.8857868020304568,0.7949886104783599,0.4921875,1.0,0.6596858638743456,0.4921875
CRF23,CRF35,video78,739,0.8281461434370772,0.8395523426625544,0.7326974863096846,0.7516608853725107,0.630973060157486,1.0,0.7954545454545454,0.8860759493670886,0.7954545454545454,0.9085173501577287,1.0,0.9520661157024793,0.9085173501577287,0.6875,0.6875,0.6875,0.5238095238095238,0.7244897959183674,0.8765432098765432,0.793296089385475,0.6574074074074074,0.7468354430379747,0.9365079365079365,0.8309859154929577,0.7108433734939759,0.8095238095238095,0.2328767123287671,0.36170212765957444,0.22077922077922077,1.0,0.6,0.7499999999999999,0.6
CRF23,CRF35,video79,3414,0.8681898066783831,0.8712639522865466,0.7872512401311738,0.7920649968299608,0.6801354466514231,1.0,0.7592592592592593,0.8631578947368421,0.7592592592592593,0.990188679245283,0.8388746803069054,0.9082727587400484,0.8319594166138237,0.7784431137724551,0.9701492537313433,0.8637873754152824,0.7602339181286549,0.8143939393939394,0.9907834101382489,0.893970893970894,0.8082706766917294,0.9176470588235294,0.7647058823529411,0.8342245989304812,0.7155963302752294,0.662004662004662,0.9250814332247557,0.7717391304347825,0.6283185840707964,0.9361702127659575,0.2619047619047619,0.4093023255813954,0.2573099415204678
CRF23,CRF35,video80,1724,0.8718097447795824,0.8119534097983825,0.8062657716543983,0.7694928360367487,0.6514914295616042,1.0,0.5614035087719298,0.7191011235955056,0.5614035087719298,0.9706477732793523,0.8887859128822985,0.9279148524431544,0.8655234657039711,0.9117647058823529,0.9393939393939394,0.9253731343283583,0.8611111111111112,0.6709844559585493,0.9847908745247148,0.7981510015408321,0.6641025641025641,0.8723404255319149,0.8913043478260869,0.8817204301075269,0.7884615384615384,0.2857142857142857,0.8181818181818182,0.4235294117647059,0.26865671641791045,0.9722222222222222,0.56,0.7106598984771574,0.5511811023622047
CRF23,CRF51,video49,1671,0.8904847396768402,0.8859874755848222,0.7898452434072715,0.7932286963009216,0.6832030683951219,1.0,0.4111111111111111,0.5826771653543308,0.4111111111111111,0.8095238095238095,0.941952506596306,0.8707317073170731,0.7710583153347732,1.0,0.36507936507936506,0.5348837209302325,0.36507936507936506,0.9458987783595113,0.9360967184801382,0.9409722222222222,0.8885245901639345,0.696,1.0,0.820754716981132,0.696,0.9863387978142076,0.9328165374677002,0.9588313413014607,0.9209183673469388,0.7641509433962265,0.9418604651162791,0.84375,0.7297297297297297
CRF23,CRF51,video50,1094,0.5895795246800731,0.5796577859342317,0.42141070481808535,0.41704596348324563,0.31203977106562764,1.0,0.16417910447761194,0.28205128205128205,0.16417910447761194,0.8055555555555556,0.4063047285464098,0.540162980209546,0.3700159489633174,0.0,0.0,0.0,0.0,0.4682651622002821,1.0,0.6378482228626321,0.4682651622002821,0.7837837837837838,0.9508196721311475,0.8592592592592593,0.7532467532467533,0.0,0.0,0.0,0.0,1.0,0.42857142857142855,0.6,0.42857142857142855
CRF23,CRF51,video51,2944,0.6049592391304348,0.7756994177981154,0.7110382831361199,0.6633602957245214,0.531664916056705,1.0,0.8025210084033614,0.8904428904428905,0.8025210084033614,0.9749262536873157,0.5854738706820195,0.7315993359158827,0.5767888307155323,0.9864864864864865,0.11550632911392406,0.20679886685552407,0.11532385466034756,0.3531645569620253,0.9269102990033222,0.5114573785517874,0.3435960591133005,0.8229166666666666,0.8494623655913979,0.8359788359788359,0.7181818181818181,0.7041666666666667,0.9037433155080213,0.7915690866510539,0.6550387596899225,0.5882352941176471,0.7936507936507936,0.6756756756756757,0.5102040816326531
CRF23,CRF51,video52,1966,0.8468972533062055,0.8530352040674797,0.8017001087808592,0.7920943722105421,0.6740582234079433,0.9538461538461539,0.5636363636363636,0.7085714285714286,0.5486725663716814,0.7548076923076923,0.9936708860759493,0.8579234972677595,0.7511961722488039,1.0,0.36085626911314983,0.5303370786516853,0.36085626911314983,0.8,1.0,0.888888888888889,0.8,0.6923076923076923,0.9402985074626866,0.7974683544303798,0.6631578947368421,0.9830508474576272,0.9490909090909091,0.96577243293247,0.9338103756708408,0.7872340425531915,0.8043478260869565,0.795698924731183,0.6607142857142857
CRF23,CRF51,video53,3283,0.9043557721596102,0.8560217090237956,0.7497528667372046,0.742774214705654,0.6229717251697247,1.0,0.4925373134328358,0.66,0.4925373134328358,0.940795559666975,0.9279197080291971,0.934313275149288,0.8767241379310344,0.859375,0.6470588235294118,0.7382550335570471,0.5851063829787234,0.950735294117647,0.9699924981245311,0.9602673598217601,0.9235714285714286,0.2932692307692308,0.9838709677419355,0.45185185185185184,0.291866028708134,0.9479768786127167,0.826890756302521,0.8833034111310593,0.7909967845659164,1.0,0.4,0.5714285714285715,0.4
CRF23,CRF51,video54,3100,0.8329032258064516,0.8307775223550644,0.6821656384550412,0.6707181706157941,0.5640018246436228,1.0,0.136,0.23943661971830985,0.136,0.743734335839599,1.0,0.8530362917714696,0.743734335839599,0.75,0.13846153846153847,0.2337662337662338,0.1323529411764706,1.0,0.8155872667398463,0.898428053204353,0.8155872667398463,0.6822429906542056,1.0,0.8111111111111111,0.6822429906542056,0.9410526315789474,0.8993963782696177,0.9197530864197531,0.8514285714285714,0.6984126984126984,0.7857142857142857,0.7394957983193275,0.5866666666666667
CRF23,CRF51,video55,1037,0.8563162970106075,0.718624838692182,0.6316666642977461,0.6247440333546238,0.5234386000893483,1.0,0.42857142857142855,0.6,0.42857142857142855,0.8632958801498127,1.0,0.9266331658291457,0.8632958801498127,0.0,0.0,0.0,0.0,0.9461077844311377,0.9663608562691132,0.9561270801815432,0.9159420289855073,0.7794117647058824,0.9814814814814815,0.8688524590163934,0.7681159420289855,0.44155844155844154,0.7391304347826086,0.5528455284552846,0.38202247191011235,1.0,0.30612244897959184,0.46874999999999994,0.30612244897959184
CRF23,CRF51,video56,1834,0.8800436205016358,0.8656703921920782,0.7201156694311258,0.7259564557115427,0.613489554192392,1.0,0.11428571428571428,0.20512820512820512,0.11428571428571428,0.8883299798792756,0.9921348314606742,0.9373673036093418,0.8821178821178821,0.7317073170731707,0.625,0.6741573033707865,0.5084745762711864,0.9934497816593887,0.875,0.9304703476482618,0.869980879541109,0.5918367346938775,1.0,0.7435897435897436,0.5918367346938775,0.8543689320388349,0.8461538461538461,0.8502415458937198,0.7394957983193278,1.0,0.5882352941176471,0.7407407407407407,0.5882352941176471
CRF23,CRF51,video57,2632,0.6880699088145896,0.7414078271689512,0.6691389245118373,0.6252519042898527,0.4840960109601359,1.0,0.07586206896551724,0.14102564102564102,0.07586206896551724,0.7805255023183926,0.5153061224489796,0.6207744314689613,0.4500891265597148,0.7041666666666667,0.8578680203045685,0.7734553775743709,0.6305970149253731,0.6485647788983708,0.9037837837837838,0.7551942186088528,0.6066763425253991,0.3989071038251366,0.9012345679012346,0.553030303030303,0.38219895287958117,0.7894736842105263,0.7342657342657343,0.7608695652173912,0.6140350877192983,0.8682170542635659,0.6956521739130435,0.7724137931034484,0.6292134831460674
CRF23,CRF51,video58,5993,0.6100450525613216,0.6394063201189757,0.5430515816769456,0.507618349034579,0.3693762981672058,1.0,0.1875,0.3157894736842105,0.1875,0.8344294003868472,0.6368467670504872,0.7223710649698595,0.5653997378768021,0.23333333333333334,0.010385756676557863,0.019886363636363636,0.010043041606886656,0.3972318339100346,0.8657616892911011,0.5445920303605314,0.3741851368970013,0.45,0.9152542372881356,0.6033519553072626,0.432,0.77,0.5682656826568265,0.653927813163482,0.48580441640378547,0.7908496732026143,0.6173469387755102,0.6934097421203439,0.5307017543859649
CRF23,CRF51,video59,1046,0.861376673040153,0.8739043395581223,0.6609774711046726,0.7087574839181501,0.5799735820517612,1.0,0.37142857142857144,0.5416666666666666,0.37142857142857144,0.8549905838041432,1.0,0.9218274111675128,0.8549905838041432,0.9523809523809523,0.25,0.39603960396039606,0.24691358024691357,0.9037267080745341,0.9965753424657534,0.9478827361563519,0.9009287925696594,0.7547169811320755,0.6060606060606061,0.6722689075630252,0.5063291139240507,0.6515151515151515,0.7678571428571429,0.7049180327868853,0.5443037974683544,1.0,0.6349206349206349,0.7766990291262136,0.6349206349206349
CRF23,CRF51,video60,2532,0.6536334913112164,0.48312159045343045,0.47608722007740484,0.4100446663442256,0.2859740414772978,1.0,0.26625386996904027,0.4205378973105135,0.26625386996904027,0.8754838709677419,0.7632170978627671,0.8155048076923076,0.6884830035514967,0.31666666666666665,0.2261904761904762,0.2638888888888889,0.152,0.16494845360824742,0.9056603773584906,0.2790697674418604,0.16216216216216217,0.5793650793650794,0.6759259259259259,0.6239316239316239,0.453416149068323,0.0975609756097561,0.0851063829787234,0.09090909090909091,0.047619047619047616,0.34782608695652173,0.41025641025641024,0.3764705882352941,0.2318840579710145
CRF23,CRF51,video61,4409,0.8237695622590157,0.6024261266275767,0.641391124177859,0.5796037903351052,0.45854283777846927,1.0,0.46875,0.6382978723404256,0.46875,0.7322530864197531,0.983419689119171,0.8394515701017249,0.7233231707317073,0.0,0.0,0.0,0.0,0.924627166465135,0.8967943706020328,0.9104981147052986,0.8357012750455374,0.3151750972762646,1.0,0.47928994082840237,0.3151750972762646,0.5166666666666667,0.44285714285714284,0.47692307692307695,0.31313131313131315,0.7282608695652174,0.6979166666666666,0.7127659574468085,0.5537190082644629
CRF23,CRF51,video62,2032,0.8464566929133859,0.9037074421853813,0.783361769582848,0.819867046148305,0.7044664497269295,1.0,0.7,0.8235294117647058,0.7,0.9124087591240876,0.8177570093457944,0.8624938393297191,0.7582322357019065,0.9821428571428571,0.7857142857142857,0.873015873015873,0.7746478873239436,0.7572815533980582,0.8914285714285715,0.8188976377952756,0.6933333333333334,0.8245614035087719,0.8703703703703703,0.8468468468468469,0.734375,0.8495575221238938,0.9896907216494846,0.9142857142857144,0.8421052631578947,1.0,0.42857142857142855,0.6,0.42857142857142855
CRF23,CRF51,video63,3433,0.7066705505388873,0.7077048928633448,0.6323422155657372,0.5891904526603132,0.46435053742237803,1.0,0.4666666666666667,0.6363636363636364,0.4666666666666667,0.9591836734693877,0.797962648556876,0.871177015755329,0.7717569786535303,1.0,0.6666666666666666,0.8,0.6666666666666666,0.9239068710959683,0.712035010940919,0.8042511122095897,0.6725919801570897,0.8344370860927153,0.5080645161290323,0.631578947368421,0.46153846153846156,0.12529550827423167,1.0,0.22268907563025206,0.12529550827423167,0.1111111111111111,0.275,0.15827338129496404,0.0859375
CRF23,CRF51,video64,2398,0.80442035029191,0.6690648844171824,0.722074064777722,0.6765204301491462,0.5633445614599295,0.7011494252873564,1.0,0.8243243243243243,0.7011494252873564,0.9570484581497798,0.8229166666666666,0.8849287169042771,0.7936073059360731,0.0,0.0,0.0,0.0,0.7085062240663901,0.893979057591623,0.7905092592592592,0.6535885167464115,0.5081081081081081,0.9215686274509803,0.6550522648083624,0.48704663212435234,0.808641975308642,0.7318435754189944,0.7683284457478006,0.6238095238095238,1.0,0.6842105263157895,0.8125000000000001,0.6842105263157895
CRF23,CRF51,video65,1873,0.9530165509877202,0.7564677477484271,0.7783972590153836,0.7595004195301117,0.6954045337731579,1.0,0.8112449799196787,0.8957871396895788,0.8112449799196787,0.9623655913978495,1.0,0.9808219178082191,0.9623655913978495,0.9494949494949495,0.8703703703703703,0.9082125603864735,0.831858407079646,1.0,0.9664031620553359,0.9829145728643216,0.9664031620553359,0.8588235294117647,0.9358974358974359,0.8957055214723926,0.8111111111111111,0.0,0.0,0.0,0.0,0.5245901639344263,0.8648648648648649,0.6530612244897959,0.48484848484848486
CRF23,CRF51,video66,1824,0.8267543859649122,0.6822938518082878,0.5896508844960808,0.5937311654229458,0.4779355355890078,1.0,0.4,0.5714285714285715,0.4,0.7631887456037515,1.0,0.865691489361702,0.7631887456037515,0.0,0.0,0.0,0.0,1.0,0.9546079779917469,0.9767769176636172,0.9546079779917469,0.54,0.6506024096385542,0.5901639344262295,0.4186046511627907,0.4728682170542636,0.7093023255813954,0.5674418604651164,0.3961038961038961,1.0,0.41304347826086957,0.5846153846153846,0.41304347826086957
CRF23,CRF51,video67,2353,0.8223544411389715,0.7927575778809232,0.8246611050217625,0.7583923818734657,0.637261712836245,1.0,0.5233160621761658,0.6870748299319727,0.5233160621761658,0.8888888888888888,0.8648648648648649,0.8767123287671232,0.7804878048780488,1.0,0.7339449541284404,0.8465608465608466,0.7339449541284404,0.8510858324715616,0.8313131313131313,0.8410832907511496,0.7257495590828924,0.6120689655172413,0.8987341772151899,0.7282051282051282,0.5725806451612904,0.24431818181818182,1.0,0.3926940639269406,0.24431818181818182,0.9529411764705882,0.9204545454545454,0.9364161849710982,0.8804347826086957
CRF23,CRF51,video68,1972,0.8473630831643002,0.8331255781758576,0.7357132617676433,0.7194390832951282,0.5877831347725297,1.0,0.27450980392156865,0.43076923076923085,0.27450980392156865,0.8348813209494325,0.9782345828295043,0.9008908685968819,0.8196555217831814,0.9487179487179487,0.4567901234567901,0.6166666666666666,0.4457831325301205,0.9639468690702088,0.9530956848030019,0.9584905660377359,0.9202898550724637,0.6106194690265486,1.0,0.7582417582417582,0.6106194690265486,0.918918918918919,0.5230769230769231,0.6666666666666666,0.5,0.5547945205479452,0.9642857142857143,0.7043478260869566,0.5436241610738255
CRF23,CRF51,video69,4575,0.819016393442623,0.7774007849091834,0.5585095956031664,0.5849883738032295,0.49595418930188123,1.0,0.42028985507246375,0.5918367346938774,0.42028985507246375,0.9598214285714286,0.8900059136605559,0.9235961951518872,0.8580387685290763,1.0,0.044921875,0.08598130841121496,0.044921875,0.748650732459522,0.9783375314861461,0.8482201354007426,0.7364429275692075,0.7333333333333333,0.7586206896551724,0.7457627118644068,0.5945945945945946,0.0,0.0,0.0,0.0,1.0,0.8173913043478261,0.8995215311004785,0.8173913043478261
CRF23,CRF51,video70,1194,0.8132328308207705,0.7027475702110976,0.6236645510432087,0.600632205868011,0.5025239261422897,0.813953488372093,1.0,0.8974358974358974,0.813953488372093,0.8285714285714286,0.9840319361277445,0.8996350364963503,0.8175787728026535,0.0,0.0,0.0,0.0,0.8695652173913043,0.8767123287671232,0.8731241473396998,0.774818401937046,0.6214285714285714,0.9560439560439561,0.7532467532467533,0.6041666666666666,0.7857142857142857,0.4125,0.540983606557377,0.3707865168539326,1.0,0.13636363636363635,0.24000000000000002,0.13636363636363635
CRF23,CRF51,video71,2515,0.863220675944334,0.6576133746012636,0.5012019079411343,0.531788356217488,0.45094306089023684,1.0,0.2222222222222222,0.3636363636363636,0.2222222222222222,0.9134001823154057,0.8315352697095436,0.8705473501303214,0.7707692307692308,0.0,0.0,0.0,0.0,0.8116883116883117,0.9647188533627343,0.8816120906801008,0.7882882882882883,0.8782051282051282,0.9681978798586572,0.9210084033613446,0.8535825545171339,0.0,0.0,0.0,0.0,1.0,0.5217391304347826,0.6857142857142856,0.5217391304347826
CRF23,CRF51,video72,3106,0.8441725692208628,0.8340003093938048,0.7856629086631856,0.7775036754539144,0.6457632945093549,1.0,0.46715328467153283,0.6368159203980099,0.46715328467153283,0.9144568006843456,0.9051651143099069,0.9097872340425532,0.834504293520687,0.8780487804878049,0.6371681415929203,0.7384615384615384,0.5853658536585366,0.8955895589558955,0.830550918196995,0.8618449545257688,0.7572298325722984,0.5864661654135338,1.0,0.7393364928909952,0.5864661654135338,0.5634408602150538,0.9003436426116839,0.6931216931216932,0.5303643724696356,1.0,0.7592592592592593,0.8631578947368421,0.7592592592592593
CRF23,CRF51,video73,1356,0.9277286135693216,0.9242777669704847,0.8565868975076693,0.8774024260157615,0.7882514448716404,1.0,0.7319587628865979,0.8452380952380951,0.7319587628865979,0.9183673469387755,1.0,0.9574468085106383,0.9183673469387755,0.9850746268656716,0.6346153846153846,0.7719298245614035,0.6285714285714286,0.9694915254237289,0.9965156794425087,0.9828178694158076,0.9662162162162162,0.71875,0.9787234042553191,0.8288288288288289,0.7076923076923077,0.8782608695652174,0.8487394957983193,0.8632478632478634,0.7593984962406015,1.0,0.8055555555555556,0.8923076923076924,0.8055555555555556
CRF23,CRF51,video74,1634,0.6401468788249693,0.6908147144535401,0.6336644901940789,0.6268892973895578,0.470141498825386,1.0,0.5402298850574713,0.7014925373134328,0.5402298850574713,0.6265822784810127,0.717391304347826,0.668918918918919,0.5025380710659898,0.423963133640553,0.7131782945736435,0.5317919075144508,0.36220472440944884,0.7217537942664418,0.6053748231966054,0.6584615384615384,0.4908256880733945,0.9318181818181818,0.803921568627451,0.8631578947368421,0.7592592592592593,0.3869047619047619,0.7222222222222222,0.5038759689922481,0.33678756476683935,0.7446808510638298,0.3333333333333333,0.4605263157894736,0.29914529914529914
CRF23,CRF51,video75,1923,0.8845553822152886,0.7892821464250036,0.5474936726508485,0.5612088688579251,0.47963296193299493,1.0,0.32786885245901637,0.49382716049382713,0.32786885245901637,0.6678321678321678,1.0,0.80083857442348,0.6678321678321678,1.0,0.017857142857142856,0.03508771929824561,0.017857142857142856,1.0,0.9412751677852349,0.9697493517718236,0.9412751677852349,0.8571428571428571,1.0,0.923076923076923,0.8571428571428571,0.0,0.0,0.0,0.0,1.0,0.5454545454545454,0.7058823529411764,0.5454545454545454
CRF23,CRF51,video76,2649,0.671196677991695,0.8097275056763722,0.5568410920253364,0.5449911968980644,0.4157512932952145,1.0,0.13333333333333333,0.23529411764705882,0.13333333333333333,0.9587955625990491,0.6547619047619048,0.7781350482315113,0.6368421052631579,0.9230769230769231,0.026143790849673203,0.05084745762711864,0.02608695652173913,0.5677966101694916,0.9940652818991098,0.7227615965480043,0.5658783783783784,0.5564516129032258,1.0,0.7150259067357513,0.5564516129032258,0.6619718309859155,0.4895833333333333,0.562874251497006,0.39166666666666666,1.0,0.6,0.7499999999999999,0.6
CRF23,CRF51,video77,2502,0.898880895283773,0.8670783051843595,0.8238617285487616,0.7985448492869434,0.6909838819968813,1.0,0.3125,0.47619047619047616,0.3125,0.8269689737470167,1.0,0.9052906596995428,0.8269689737470167,1.0,0.6330935251798561,0.7753303964757708,0.6330935251798561,0.971307120085016,0.9945593035908596,0.9827956989247312,0.9661733615221987,0.7373737373737373,1.0,0.8488372093023255,0.7373737373737373,1.0,0.826879271070615,0.9052369077306733,0.826879271070615,0.5338983050847458,1.0,0.696132596685083,0.5338983050847458
CRF23,CRF51,video78,739,0.7889039242219216,0.8110970576007593,0.6417028162217333,0.6830969809769868,0.537839706433638,1.0,0.4318181818181818,0.6031746031746031,0.4318181818181818,0.8132183908045977,0.9826388888888888,0.889937106918239,0.8016997167138811,0.6285714285714286,0.34375,0.4444444444444445,0.2857142857142857,0.7602040816326531,0.9197530864197531,0.8324022346368715,0.7129186602870813,0.7142857142857143,0.873015873015873,0.7857142857142856,0.6470588235294118,0.8048780487804879,0.4520547945205479,0.5789473684210527,0.4074074074074074,0.9565217391304348,0.4888888888888889,0.6470588235294117,0.4782608695652174
CRF23,CRF51,video79,3414,0.7513181019332161,0.7862370375118457,0.6856326357653357,0.6624218915392114,0.5122856704901595,1.0,0.3333333333333333,0.5,0.3333333333333333,0.9715099715099715,0.6540920716112532,0.7818112342376767,0.6417816813048933,0.6536585365853659,1.0,0.7905604719764011,0.6536585365853659,0.6535737282678686,0.9354838709677419,0.7695223654283548,0.625385089340727,0.6412213740458015,0.8235294117647058,0.7210300429184548,0.5637583892617449,0.6086956521739131,0.8208469055374593,0.6990291262135923,0.5373134328358209,0.975,0.23214285714285715,0.375,0.23076923076923078
CRF23,CRF51,video80,1724,0.660092807424594,0.6754905323598496,0.5145502572381199,0.5022608091789698,0.3622458902117826,1.0,0.12280701754385964,0.21875,0.12280701754385964,0.9205729166666666,0.6552363299351252,0.7655657823497563,0.6201754385964913,0.8431372549019608,0.6515151515151515,0.7350427350427351,0.581081081081081,0.3592644978783593,0.9657794676806084,0.5237113402061857,0.3547486033519553,0.45161290322580644,0.6086956521739131,0.5185185185185185,0.35,0.15384615384615385,0.18181818181818182,0.16666666666666669,0.09090909090909091,1.0,0.416,0.5875706214689266,0.416
CRF28,Original,video49,1671,0.9419509275882705,0.9124468994524139,0.9166066677024806,0.904690963713147,0.8325336629589971,1.0,0.6777777777777778,0.8079470198675497,0.6777777777777778,0.9195121951219513,0.9947229551451188,0.9556400506970849,0.9150485436893204,0.9076923076923077,0.9365079365079365,0.9218749999999999,0.855072463768116,0.9964726631393298,0.9758203799654577,0.9860383944153578,0.9724612736660929,0.9111111111111111,0.9425287356321839,0.9265536723163842,0.8631578947368421,0.9856733524355301,0.8888888888888888,0.9347826086956521,0.8775510204081632,0.6666666666666666,1.0,0.8,0.6666666666666666
CRF28,Original,video50,1094,0.9085923217550275,0.8023782140203899,0.6172903552744732,0.6536171929948165,0.5675701771783862,1.0,0.1791044776119403,0.30379746835443033,0.1791044776119403,0.8933764135702746,0.968476357267951,0.9294117647058824,0.8681318681318682,0.9583333333333334,0.6571428571428571,0.7796610169491525,0.6388888888888888,0.9430199430199431,0.9969879518072289,0.9692532942898976,0.9403409090909091,0.821917808219178,0.9836065573770492,0.8955223880597014,0.8108108108108109,0.0,0.0,0.0,0.0,1.0,0.5357142857142857,0.6976744186046512,0.5357142857142857
CRF28,Original,video51,2944,0.7282608695652174,0.8692676364255636,0.8117229250969505,0.8100001668064019,0.7044070896538873,1.0,0.9159663865546218,0.9561403508771931,0.9159663865546218,0.9503722084367245,0.6784765279007972,0.7917312661498708,0.6552609067579127,0.8613861386138614,0.4129746835443038,0.5582887700534759,0.38724035608308605,0.4634334103156274,1.0,0.6333508679642293,0.4634334103156274,0.8653846153846154,0.967741935483871,0.9137055837563453,0.8411214953271028,0.9615384615384616,0.8021390374331551,0.8746355685131195,0.7772020725388601,0.9827586206896551,0.9047619047619048,0.9421487603305785,0.890625
CRF28,Original,video52,1966,0.9064089521871821,0.8709409443510527,0.9258671065667599,0.8811947613286686,0.8005684573734876,0.9734513274336283,1.0,0.9865470852017937,0.9734513274336283,0.7969543147208121,0.9936708860759493,0.8845070422535212,0.7929292929292929,0.9952153110047847,0.636085626911315,0.7761194029850745,0.6341463414634146,0.9847715736040609,0.9897959183673469,0.9872773536895675,0.9748743718592965,0.7857142857142857,0.9850746268656716,0.8741721854304635,0.7764705882352941,0.997979797979798,0.8981818181818182,0.9454545454545454,0.896551724137931,0.5625,0.9782608695652174,0.7142857142857144,0.5555555555555556
CRF28,Original,video53,3283,0.9214133414559854,0.8227595865493479,0.8711110406299094,0.8093999985443172,0.7118451842570518,1.0,0.7761194029850746,0.8739495798319328,0.7761194029850746,0.9778393351800554,0.9662408759124088,0.9720055071133548,0.9455357142857143,0.7321428571428571,0.9647058823529412,0.83248730964467,0.7130434782608696,0.9953703703703703,0.967741935483871,0.9813617344998098,0.9634055265123226,0.2672413793103448,1.0,0.42176870748299317,0.2672413793103448,0.9533898305084746,0.7563025210084033,0.8434864104967199,0.7293354943273906,0.8333333333333334,0.6666666666666666,0.7407407407407408,0.5882352941176471
CRF28,Original,video54,3100,0.8754838709677419,0.8945836898939745,0.8568530131545801,0.8587758241977129,0.7557609871087257,1.0,0.616,0.7623762376237623,0.616,0.787657597876576,1.0,0.8812175204157386,0.787657597876576,0.96875,0.7948717948717948,0.8732394366197183,0.775,1.0,0.7343578485181119,0.8468354430379746,0.7343578485181119,0.73,1.0,0.8439306358381503,0.73,0.9889135254988913,0.89738430583501,0.940928270042194,0.8884462151394422,0.7867647058823529,0.9553571428571429,0.8629032258064515,0.7588652482269503
CRF28,Original,video55,1037,0.9353905496624879,0.9076639658413457,0.884753553109797,0.8891221839869518,0.8141022177022318,1.0,1.0,1.0,1.0,0.9331983805668016,1.0,0.9654450261780104,0.9331983805668016,0.8679245283018868,0.5822784810126582,0.6969696969696969,0.5348837209302325,0.9967741935483871,0.944954128440367,0.9701726844583988,0.9420731707317073,0.7910447761194029,0.9814814814814815,0.8760330578512396,0.7794117647058824,0.7647058823529411,0.8478260869565217,0.8041237113402062,0.6724137931034483,1.0,0.8367346938775511,0.9111111111111111,0.8367346938775511
CRF28,Original,video56,1834,0.8505997818974919,0.8250482253238179,0.818647826459884,0.7931033059211333,0.6664649832753347,1.0,0.45714285714285713,0.6274509803921569,0.45714285714285713,0.9305389221556887,0.8730337078651685,0.9008695652173913,0.819620253164557,0.8392857142857143,0.9791666666666666,0.9038461538461539,0.8245614035087719,0.8084358523725835,0.8846153846153846,0.844811753902663,0.7313195548489666,0.6373626373626373,1.0,0.7785234899328859,0.6373626373626373,0.9295774647887324,0.6346153846153846,0.7542857142857141,0.6055045871559633,0.6301369863013698,0.9019607843137255,0.7419354838709677,0.5897435897435898
CRF28,Original,video57,2632,0.8693009118541033,0.8894365169053875,0.885275561067664,0.8659042870629702,0.7850766754800274,0.9930555555555556,0.9862068965517241,0.9896193771626298,0.9794520547945206,0.997229916897507,0.7346938775510204,0.8460634547591069,0.7331975560081466,0.4649350649350649,0.9086294416243654,0.6151202749140894,0.4441687344913151,0.8807251908396947,0.9978378378378379,0.9356310187531678,0.8790476190476191,0.8901098901098901,1.0,0.9418604651162791,0.8901098901098901,1.0,0.5944055944055944,0.7456140350877193,0.5944055944055944,1.0,0.9751552795031055,0.9874213836477987,0.9751552795031055
CRF28,Original,video58,5993,0.7360253629234107,0.7130036512164625,0.7307698331389563,0.6928824763901061,0.5411589384248582,0.7058823529411765,0.45,0.549618320610687,0.37894736842105264,0.9079531691562374,0.6640094478889873,0.7670532060027284,0.6221300138312587,0.3951612903225806,0.6543026706231454,0.4927374301675978,0.3269088213491475,0.7037037037037037,0.9886877828054299,0.8222013170272813,0.6980830670926518,0.6086956521739131,0.9491525423728814,0.7417218543046357,0.5894736842105263,0.967948717948718,0.5571955719557196,0.7072599531615926,0.5471014492753623,0.7016806722689075,0.8520408163265306,0.7695852534562211,0.6254681647940075
CRF28,Original,video59,1046,0.9483747609942639,0.9379882979006722,0.884291898577613,0.9078555112160996,0.841658277238146,1.0,1.0,1.0,1.0,0.9826839826839827,1.0,0.9912663755458515,0.9826839826839827,1.0,0.775,0.8732394366197184,0.775,0.9153605015673981,1.0,0.9558101472995091,0.9153605015673981,0.7903225806451613,0.7424242424242424,0.7656250000000001,0.620253164556962,0.8775510204081632,0.7678571428571429,0.819047619047619,0.6935483870967742,1.0,0.9047619047619048,0.9500000000000001,0.9047619047619048
CRF28,Original,video60,2532,0.7239336492890995,0.8444825823619663,0.7507751128901816,0.6846998525304853,0.6133035716057081,0.9968354430379747,0.9752321981424149,0.9859154929577464,0.9722222222222222,0.979740680713128,0.6799775028121485,0.802788844621514,0.670549084858569,0.881578947368421,0.7976190476190477,0.8375,0.7204301075268817,0.1301460823373174,0.9245283018867925,0.2281722933643772,0.1287779237844941,0.9230769230769231,1.0,0.9600000000000001,0.9230769230769231,1.0,0.031914893617021274,0.06185567010309278,0.031914893617021274,1.0,0.8461538461538461,0.9166666666666666,0.8461538461538461
CRF28,Original,video61,4409,0.9088228623270583,0.8582319382209903,0.7753208499912793,0.7658178417378931,0.6558828056754091,1.0,0.796875,0.8869565217391304,0.796875,0.8933962264150943,0.9813471502590674,0.9353086419753087,0.87847866419295,0.8714285714285714,0.3193717277486911,0.46743295019157083,0.305,0.9446808510638298,0.9546520719311963,0.9496402877697843,0.9041095890410958,0.38207547169811323,1.0,0.552901023890785,0.38207547169811323,0.9722222222222222,0.5,0.660377358490566,0.49295774647887325,0.9438202247191011,0.875,0.908108108108108,0.8316831683168316
CRF28,Original,video62,2032,0.9094488188976378,0.8788992999227924,0.8956622313633035,0.8825507204347014,0.7936797130829376,1.0,0.95,0.9743589743589743,0.95,0.9781704781704782,0.8794392523364486,0.9261811023622047,0.8625114573785518,0.8243243243243243,0.8714285714285714,0.8472222222222222,0.7349397590361446,0.8441717791411043,0.9828571428571429,0.9082508250825083,0.8319226118500604,0.8653846153846154,0.8333333333333334,0.8490566037735849,0.7377049180327869,0.8902439024390244,0.7525773195876289,0.8156424581005587,0.6886792452830188,0.75,1.0,0.8571428571428571,0.75
CRF28,Original,video63,3433,0.8727060879697058,0.7473047128689173,0.8245124488638288,0.726813884706275,0.6142898194598386,1.0,0.43333333333333335,0.6046511627906976,0.43333333333333335,0.9781746031746031,0.8370118845500849,0.9021043000914913,0.8216666666666667,0.8333333333333334,1.0,0.9090909090909091,0.8333333333333334,0.957169459962756,0.899781181619256,0.9275885404917663,0.864955826672276,0.8902439024390244,0.8830645161290323,0.8866396761133603,0.7963636363636364,0.33557046979865773,0.9433962264150944,0.49504950495049505,0.32894736842105265,0.2366412213740458,0.775,0.3625730994152047,0.22142857142857142
CRF28,Original,video64,2398,0.9003336113427857,0.9096714060657808,0.8949487383970022,0.8931196376508866,0.8092051710591603,0.7625,1.0,0.8652482269503545,0.7625,1.0,0.8551136363636364,0.9218989280245024,0.8551136363636364,0.975609756097561,0.7766990291262136,0.8648648648648648,0.7619047619047619,0.7924921793534933,0.9947643979057592,0.8821822402785839,0.7892004153686397,0.8672566371681416,0.9607843137254902,0.9116279069767442,0.8376068376068376,0.9777777777777777,0.7374301675977654,0.8407643312101911,0.7252747252747253,0.9920634920634921,0.9398496240601504,0.9652509652509653,0.9328358208955224
CRF28,Original,video65,1873,0.9482114255205553,0.7397739691857339,0.7882436172002502,0.7473258685198152,0.6795308436956147,1.0,0.7670682730923695,0.8681818181818182,0.7670682730923695,0.9681318681318681,0.9843575418994414,0.9761772853185595,0.9534632034632035,0.8739495798319328,0.9629629629629629,0.9162995594713657,0.8455284552845529,1.0,0.9841897233201581,0.99203187250996,0.9841897233201581,0.8918918918918919,0.8461538461538461,0.868421052631579,0.7674418604651163,0.0,0.0,0.0,0.0,0.4444444444444444,0.972972972972973,0.6101694915254238,0.43902439024390244
CRF28,Original,video66,1824,0.9566885964912281,0.9358318514281437,0.8918363384982254,0.9054479753471185,0.8445499111881357,0.9615384615384616,1.0,0.9803921568627451,0.9615384615384616,0.989345509893455,0.9984639016897081,0.9938837920489297,0.9878419452887538,0.9382716049382716,0.95,0.9440993788819876,0.8941176470588236,0.9471598414795245,0.9862448418156808,0.9663072776280324,0.9348109517601043,0.8369565217391305,0.927710843373494,0.8800000000000001,0.7857142857142857,0.8775510204081632,0.5,0.6370370370370371,0.4673913043478261,1.0,0.8804347826086957,0.9364161849710982,0.8804347826086957
CRF28,Original,video67,2353,0.9150021249468764,0.8333871412273427,0.8995606165477755,0.8425550640042173,0.7488508542866301,1.0,0.5854922279792746,0.738562091503268,0.5854922279792746,0.9117971334068358,0.9717978848413631,0.9408418657565416,0.8882921589688507,0.8571428571428571,0.9908256880733946,0.9191489361702129,0.8503937007874016,0.9923161361141603,0.9131313131313131,0.9510783798001052,0.9067201604814443,0.5789473684210527,0.9746835443037974,0.7264150943396228,0.5703703703703704,0.4935064935064935,0.8837209302325582,0.6333333333333333,0.4634146341463415,1.0,0.9772727272727273,0.9885057471264368,0.9772727272727273
CRF28,Original,video68,1972,0.9026369168356998,0.8606940435729741,0.8496847453223816,0.8235929791123686,0.7178828325694256,1.0,0.5294117647058824,0.6923076923076924,0.5294117647058824,0.942080378250591,0.9637243047158404,0.9527794381350867,0.9098173515981736,0.9575757575757575,0.9753086419753086,0.9663608562691132,0.9349112426035503,0.9462962962962963,0.9587242026266416,0.9524697110904007,0.9092526690391459,0.66,0.9565217391304348,0.7810650887573966,0.6407766990291263,0.9734513274336283,0.5641025641025641,0.7142857142857142,0.5555555555555556,0.5454545454545454,1.0,0.7058823529411764,0.5454545454545454
CRF28,Original,video69,4575,0.9713661202185793,0.8236163234282882,0.8018332435611363,0.811574806671448,0.7755769608968759,0.9583333333333334,1.0,0.9787234042553191,0.9583333333333334,0.9994079336885732,0.9982259018332348,0.9988165680473373,0.9976359338061466,0.9978021978021978,0.88671875,0.9389865563598759,0.884990253411306,0.9718240237271379,0.9904282115869018,0.9810379241516967,0.9627815866797258,0.8806818181818182,0.7635467980295566,0.8179419525065964,0.6919642857142857,0.0,0.0,0.0,0.0,0.9572649572649573,0.9739130434782609,0.9655172413793104,0.9333333333333333
CRF28,Original,video70,1194,0.9003350083752094,0.7791413052212539,0.775820698630617,0.7682948578016546,0.7009097788020965,0.7954545454545454,1.0,0.8860759493670886,0.7954545454545454,0.9859719438877755,0.9820359281437125,0.9840000000000001,0.968503937007874,0.9666666666666667,0.87,0.9157894736842105,0.8446601941747572,0.8089887640449438,0.9863013698630136,0.8888888888888888,0.8,0.8969072164948454,0.9560439560439561,0.9255319148936171,0.8613861386138614,0.0,0.0,0.0,0.0,1.0,0.6363636363636364,0.7777777777777778,0.6363636363636364
CRF28,Original,video71,2515,0.882703777335984,0.7648539927103731,0.6987990891339565,0.7245041384744869,0.6322164566040727,1.0,0.6944444444444444,0.819672131147541,0.6944444444444444,0.9551954242135366,0.8315352697095436,0.8890860692102928,0.8003194888178914,0.8571428571428571,0.7868852459016393,0.8205128205128205,0.6956521739130435,0.8079847908745247,0.9371554575523704,0.8677896886166411,0.7664562669071235,0.9003215434083601,0.9893992932862191,0.9427609427609428,0.89171974522293,0.0,0.0,0.0,0.0,0.8333333333333334,0.6521739130434783,0.7317073170731708,0.5769230769230769
CRF28,Original,video72,3106,0.8992273019961365,0.8729051958662427,0.8755528911804664,0.8466292421257748,0.7534524533527467,1.0,0.4306569343065693,0.6020408163265306,0.4306569343065693,0.9268867924528302,0.9983065198983911,0.9612719119445576,0.9254317111459969,0.8951612903225806,0.9823008849557522,0.9367088607594938,0.8809523809523809,1.0,0.8247078464106845,0.9039341262580055,0.8247078464106845,0.6666666666666666,1.0,0.8,0.6666666666666666,0.6216216216216216,0.9484536082474226,0.7510204081632653,0.6013071895424836,1.0,0.9444444444444444,0.9714285714285714,0.9444444444444444
CRF28,Original,video73,1356,0.9778761061946902,0.9646700830448957,0.9613916287261765,0.9606928491460481,0.9268181879656332,1.0,0.9896907216494846,0.9948186528497409,0.9896907216494846,0.9921259842519685,1.0,0.9960474308300395,0.9921259842519685,0.9886363636363636,0.8365384615384616,0.90625,0.8285714285714286,0.9563758389261745,0.9930313588850174,0.9743589743589743,0.95,0.8245614035087719,1.0,0.9038461538461539,0.8245614035087719,0.990990990990991,0.9243697478991597,0.9565217391304348,0.9166666666666666,1.0,0.9861111111111112,0.993006993006993,0.9861111111111112
CRF28,Original,video74,1634,0.7380660954712362,0.784498690012947,0.6431102577896873,0.6798254196066361,0.5776972555966775,1.0,0.6436781609195402,0.7832167832167831,0.6436781609195402,0.9689922480620154,0.6038647342995169,0.7440476190476191,0.5924170616113744,0.9692307692307692,0.9767441860465116,0.9729729729729729,0.9473684210526315,0.6968026460859978,0.8939179632248939,0.7831474597273855,0.6435845213849287,0.8403361344537815,0.9803921568627451,0.9049773755656109,0.8264462809917356,0.016129032258064516,0.022222222222222223,0.018691588785046728,0.009433962264150943,1.0,0.38095238095238093,0.5517241379310345,0.38095238095238093
CRF28,Original,video75,1923,0.9344773790951638,0.7454208328699407,0.7194510625403473,0.7098824896040689,0.6244430038080652,1.0,0.4016393442622951,0.5730994152046784,0.4016393442622951,0.8232758620689655,1.0,0.9030732860520094,0.8232758620689655,0.6714285714285714,0.8392857142857143,0.746031746031746,0.5949367088607594,0.9991438356164384,0.9790268456375839,0.9889830508474576,0.9782062028499581,0.968,0.8768115942028986,0.9201520912547528,0.852112676056338,0.0,0.0,0.0,0.0,0.7560975609756098,0.9393939393939394,0.8378378378378378,0.7209302325581395
CRF28,Original,video76,2649,0.7523593808984522,0.8857960503423756,0.6931953198403773,0.7100457619005017,0.5842561971008265,1.0,0.2,0.33333333333333337,0.2,0.9627906976744186,0.672077922077922,0.7915869980879542,0.6550632911392406,0.9942196531791907,0.3747276688453159,0.5443037974683544,0.3739130434782609,0.6303258145363408,0.9950544015825915,0.7717683160721136,0.6283572767020612,0.6296296296296297,0.9855072463768116,0.7683615819209041,0.6238532110091743,1.0,0.625,0.7692307692307693,0.625,0.9836065573770492,1.0,0.9917355371900827,0.9836065573770492
CRF28,Original,video77,2502,0.9188649080735412,0.8677815492316531,0.8822546124002376,0.8437142396772321,0.7502882621979793,1.0,0.4772727272727273,0.6461538461538462,0.4772727272727273,0.871536523929471,0.9985569985569985,0.9307330195023538,0.8704402515723271,0.9921875,0.9136690647482014,0.9513108614232209,0.9071428571428571,0.9923747276688453,0.9912948857453754,0.9918345127925966,0.9838012958963283,0.73,1.0,0.8439306358381503,0.73,1.0,0.7949886104783599,0.8857868020304568,0.7949886104783599,0.4883720930232558,1.0,0.65625,0.4883720930232558
CRF28,Original,video78,739,0.8673883626522327,0.8861868290439718,0.7632494845639007,0.7958896914982387,0.6737975773690058,1.0,0.45454545454545453,0.625,0.45454545454545453,0.9,1.0,0.9473684210526316,0.9,0.8484848484848485,0.875,0.8615384615384615,0.7567567567567568,0.8351648351648352,0.9382716049382716,0.8837209302325583,0.7916666666666666,0.7307692307692307,0.9047619047619048,0.8085106382978723,0.6785714285714286,0.8888888888888888,0.547945205479452,0.6779661016949152,0.5128205128205128,1.0,0.6222222222222222,0.7671232876712328,0.6222222222222222
CRF28,Original,video79,3414,0.8977738722905683,0.8537776331644712,0.7708388967034321,0.7685173335986464,0.6494849131671157,1.0,0.46296296296296297,0.6329113924050632,0.46296296296296297,0.9803788903924222,0.9264705882352942,0.9526627218934911,0.9096045197740112,0.673469387755102,0.9850746268656716,0.8,0.6666666666666666,0.9126637554585153,0.9631336405529954,0.9372197309417042,0.8818565400843882,0.7837837837837838,0.8529411764705882,0.8169014084507041,0.6904761904761905,0.6806930693069307,0.8957654723127035,0.7735583684950774,0.6307339449541285,0.9454545454545454,0.30952380952380953,0.46636771300448426,0.30409356725146197
CRF28,Original,video80,1724,0.8700696055684455,0.7604793179363936,0.7405019163791591,0.7165305014980771,0.598228534154415,1.0,0.5614035087719298,0.7191011235955056,0.5614035087719298,0.9711442786069652,0.9045412418906394,0.9366602687140114,0.8808664259927798,0.9323308270676691,0.9393939393939394,0.9358490566037736,0.8794326241134752,0.6978021978021978,0.9657794676806084,0.8102073365231259,0.6809651474530831,0.5857142857142857,0.8913043478260869,0.7068965517241379,0.5466666666666666,0.16666666666666666,0.4090909090909091,0.23684210526315785,0.13432835820895522,0.9696969696969697,0.512,0.6701570680628273,0.5039370078740157
CRF28,CRF18,video49,1671,0.9126271693596649,0.8790268590315934,0.8673507018750704,0.8534666617957896,0.7566832649465453,1.0,0.5222222222222223,0.6861313868613139,0.5222222222222223,0.8813953488372093,1.0,0.9369592088998764,0.8813953488372093,0.8870967741935484,0.873015873015873,0.88,0.7857142857142857,1.0,0.9602763385146805,0.9797356828193833,0.9602763385146805,0.8351648351648352,0.8735632183908046,0.853932584269663,0.7450980392156863,0.9644970414201184,0.8423772609819121,0.8993103448275862,0.8170426065162907,0.5850340136054422,1.0,0.7381974248927039,0.5850340136054422
CRF28,CRF18,video50,1094,0.9012797074954296,0.7848529029757314,0.5532320570738635,0.5869898159493211,0.49873158983114957,1.0,0.13432835820895522,0.2368421052631579,0.13432835820895522,0.8677811550151976,1.0,0.9292107404393817,0.8677811550151976,0.8571428571428571,0.34285714285714286,0.4897959183673469,0.32432432432432434,0.9968944099378882,0.9668674698795181,0.981651376146789,0.963963963963964,0.7721518987341772,1.0,0.8714285714285713,0.7721518987341772,0.0,0.0,0.0,0.0,1.0,0.42857142857142855,0.6,0.42857142857142855
CRF28,CRF18,video51,2944,0.7805706521739131,0.8652639207939495,0.769386773342462,0.7721215089929373,0.6553286716776962,1.0,0.41596638655462187,0.5875370919881305,0.41596638655462187,0.8578125,0.9725420726306466,0.9115815691158157,0.8375286041189931,0.8729508196721312,0.3370253164556962,0.4863013698630137,0.3212669683257919,0.5958291956305859,0.9966777408637874,0.7458048477315102,0.5946481665014867,0.8425925925925926,0.978494623655914,0.9054726368159204,0.8272727272727273,0.9785714285714285,0.732620320855615,0.8379204892966361,0.7210526315789474,0.9090909090909091,0.9523809523809523,0.9302325581395349,0.8695652173913043
CRF28,CRF18,video52,1966,0.9354018311291964,0.9343840480850237,0.9407166394569624,0.9312730849414079,0.8771986147896981,0.9732142857142857,0.990909090909091,0.9819819819819819,0.9646017699115044,0.8321554770318021,0.9936708860759493,0.9057692307692307,0.827768014059754,0.9913419913419913,0.7003058103975535,0.8207885304659498,0.6960486322188449,0.982367758186398,0.9948979591836735,0.9885931558935362,0.9774436090225563,0.7857142857142857,0.9850746268656716,0.8741721854304635,0.7764705882352941,0.9981167608286252,0.9636363636363636,0.9805735430157262,0.9618874773139746,0.9777777777777777,0.9565217391304348,0.967032967032967,0.9361702127659575
CRF28,CRF18,video53,3283,0.9390801096558026,0.8730040779966596,0.8752219322016538,0.8494306184662365,0.7546895612174237,1.0,0.6567164179104478,0.7927927927927928,0.6567164179104478,0.9760765550239234,0.9306569343065694,0.9528257823446987,0.9099018733273863,0.8469387755102041,0.9764705882352941,0.907103825136612,0.83,1.0,0.9699924981245311,0.9847677075399848,0.9699924981245311,0.45255474452554745,1.0,0.6231155778894472,0.45255474452554745,0.8677165354330708,0.9260504201680673,0.8959349593495936,0.8114874815905744,0.967741935483871,0.6666666666666666,0.7894736842105263,0.6521739130434783
CRF28,CRF18,video54,3100,0.752258064516129,0.8806624495399292,0.709448968516268,0.7238422378174756,0.5943007564945848,1.0,0.296,0.4567901234567901,0.296,0.6257248286768582,1.0,0.7697795071335928,0.6257248286768582,1.0,0.38974358974358975,0.5608856088560886,0.38974358974358975,0.9975247524752475,0.442371020856202,0.6129277566539925,0.4418859649122807,0.7525773195876289,1.0,0.8588235294117647,0.7525773195876289,0.9826086956521739,0.9094567404426559,0.9446185997910136,0.8950495049504951,0.8062015503875969,0.9285714285714286,0.8630705394190872,0.7591240875912408
CRF28,CRF18,video55,1037,0.9238187078109933,0.9101474458459197,0.8675602103091673,0.8711321904037007,0.8074515835157622,1.0,1.0,1.0,1.0,0.8934108527131783,1.0,0.9437052200614126,0.8934108527131783,0.7741935483870968,0.3037974683544304,0.43636363636363634,0.27906976744186046,1.0,0.9541284403669725,0.9765258215962441,0.9541284403669725,0.8852459016393442,1.0,0.9391304347826086,0.8852459016393442,0.8181818181818182,0.9782608695652174,0.8910891089108911,0.8035714285714286,1.0,0.8367346938775511,0.9111111111111111,0.8367346938775511
CRF28,CRF18,video56,1834,0.8996728462377317,0.8603821104940118,0.8478646990343243,0.8319484948850079,0.7237689596466833,1.0,0.45714285714285713,0.6274509803921569,0.45714285714285713,0.9366120218579235,0.9629213483146067,0.949584487534626,0.9040084388185654,0.8245614035087719,0.9791666666666666,0.8952380952380952,0.8103448275862069,0.9362139917695473,0.875,0.9045725646123262,0.8257713248638838,0.6444444444444445,1.0,0.7837837837837839,0.6444444444444445,0.9222222222222223,0.7980769230769231,0.8556701030927835,0.7477477477477478,0.7586206896551724,0.8627450980392157,0.8073394495412843,0.676923076923077
CRF28,CRF18,video57,2632,0.9266717325227963,0.9130415202191492,0.870883694779183,0.8785845275267402,0.791440484446667,1.0,0.6551724137931034,0.7916666666666666,0.6551724137931034,0.9358341559723593,0.9673469387755103,0.951329653788259,0.907177033492823,0.9388888888888889,0.8578680203045685,0.8965517241379309,0.8125,0.9311783107403545,0.9654054054054054,0.9479830148619958,0.9011099899091827,0.648,1.0,0.7864077669902912,0.648,0.9439252336448598,0.7062937062937062,0.8079999999999999,0.6778523489932886,0.9934640522875817,0.9440993788819876,0.9681528662420382,0.9382716049382716
CRF28,CRF18,video58,5993,0.8007675621558485,0.7748537320883842,0.7501536637462165,0.7118016801391616,0.5777945215208943,0.9,0.225,0.36000000000000004,0.21951219512195122,0.9186875891583453,0.7605550634780042,0.8321757389759329,0.7125864453665284,0.4710017574692443,0.7952522255192879,0.5916114790286975,0.4200626959247649,0.8253447143795141,0.9479638009049773,0.8824148824148824,0.789572864321608,0.5087719298245614,0.9830508474576272,0.6705202312138728,0.5043478260869565,0.9792746113989638,0.6974169741697417,0.8146551724137931,0.6872727272727273,0.8208955223880597,0.8418367346938775,0.8312342569269522,0.7112068965517241
CRF28,CRF18,video59,1046,0.9435946462715105,0.9493768055633903,0.8720238095238094,0.8999135696289494,0.8241238605061719,1.0,0.8857142857142857,0.9393939393939393,0.8857142857142857,0.9639065817409767,1.0,0.9816216216216216,0.9639065817409767,1.0,0.7125,0.832116788321168,0.7125,0.9182389937106918,1.0,0.9573770491803278,0.9182389937106918,0.9777777777777777,0.6666666666666666,0.7927927927927928,0.6567164179104478,0.7857142857142857,0.9821428571428571,0.873015873015873,0.7746478873239436,1.0,0.8571428571428571,0.923076923076923,0.8571428571428571
CRF28,CRF18,video60,2532,0.7389415481832543,0.8396073570907315,0.7621632928810309,0.7211454222311259,0.6240228309688645,1.0,0.8328173374613003,0.9087837837837838,0.8328173374613003,0.9452257586972613,0.71822272215973,0.8162352189197827,0.6895248380129589,0.8783783783783784,0.7738095238095238,0.8227848101265823,0.6989247311827957,0.1460843373493976,0.9150943396226415,0.251948051948052,0.14413075780089152,0.907563025210084,1.0,0.9515418502202644,0.907563025210084,1.0,0.22340425531914893,0.3652173913043478,0.22340425531914893,1.0,0.8717948717948718,0.9315068493150686,0.8717948717948718
CRF28,CRF18,video61,4409,0.8559764118847811,0.8208397714897478,0.6900526905332908,0.6575274846047946,0.5469385324237565,1.0,0.6339285714285714,0.7759562841530054,0.6339285714285714,0.693745506829619,1.0,0.8191850594227504,0.693745506829619,1.0,0.4293193717277487,0.6007326007326008,0.4293193717277487,0.985726643598616,0.8909304143862392,0.9359342915811089,0.8795831725202624,0.31640625,1.0,0.4807121661721068,0.31640625,0.75,0.04285714285714286,0.08108108108108107,0.04225352112676056,1.0,0.8333333333333334,0.9090909090909091,0.8333333333333334
CRF28,CRF18,video62,2032,0.9414370078740157,0.8671820543768074,0.8905567539023832,0.8705862949797655,0.7795032676415391,1.0,0.75,0.8571428571428571,0.75,0.9609665427509294,0.9663551401869159,0.9636533084808946,0.9298561151079137,0.6037735849056604,0.9142857142857143,0.7272727272727272,0.5714285714285714,0.9878419452887538,0.9285714285714286,0.9572901325478645,0.9180790960451978,0.8076923076923077,0.7777777777777778,0.7924528301886792,0.65625,0.87,0.8969072164948454,0.883248730964467,0.7909090909090909,0.84,1.0,0.9130434782608696,0.84
CRF28,CRF18,video63,3433,0.8511505971453539,0.7171466411021487,0.7312187879146166,0.6381516142220401,0.5203077998600251,1.0,0.36666666666666664,0.5365853658536585,0.36666666666666664,0.9522184300341296,0.9473684210526315,0.949787234042553,0.9043760129659644,0.7333333333333333,0.9777777777777777,0.838095238095238,0.7213114754098361,0.9889741131351869,0.9028446389496718,0.9439487531457332,0.8938474870017331,0.8854166666666666,0.34274193548387094,0.49418604651162784,0.3281853281853282,0.22707423580786026,0.9811320754716981,0.36879432624113473,0.22608695652173913,0.23300970873786409,0.6,0.3356643356643357,0.20168067226890757
CRF28,CRF18,video64,2398,0.9495412844036697,0.9350590174069079,0.9448819347453776,0.9369556093845535,0.8835634749584651,0.8970588235294118,1.0,0.9457364341085273,0.8970588235294118,0.999003984063745,0.9498106060606061,0.9737864077669902,0.9489120151371807,0.9259259259259259,0.970873786407767,0.9478672985781991,0.9009009009009009,0.8987951807228916,0.9764397905759162,0.9360100376411543,0.8797169811320755,0.853448275862069,0.9705882352941176,0.9082568807339448,0.8319327731092437,0.9788732394366197,0.776536312849162,0.8660436137071651,0.7637362637362637,0.9923076923076923,0.9699248120300752,0.9809885931558935,0.9626865671641791
CRF28,CRF18,video65,1873,0.9423384943940203,0.7375290357661177,0.7925264967259518,0.7409170226300862,0.6750355680080691,1.0,0.6746987951807228,0.8057553956834532,0.6746987951807228,0.9643243243243244,0.9966480446927374,0.9802197802197802,0.9612068965517241,0.9714285714285714,0.9444444444444444,0.9577464788732395,0.918918918918919,1.0,0.9703557312252964,0.9849548645937813,0.9703557312252964,0.8333333333333334,0.9615384615384616,0.8928571428571429,0.8064516129032258,0.0,0.0,0.0,0.0,0.39361702127659576,1.0,0.5648854961832062,0.39361702127659576
CRF28,CRF18,video66,1824,0.9528508771929824,0.9297109028327195,0.8772050506155681,0.9015891424677295,0.8333877643558748,1.0,0.88,0.9361702127659575,0.88,0.96875,1.0,0.9841269841269841,0.96875,0.9161290322580645,0.8875,0.9015873015873015,0.8208092485549133,0.9635627530364372,0.9821182943603851,0.9727520435967302,0.946949602122016,0.9027777777777778,0.7831325301204819,0.838709677419355,0.7222222222222222,0.7567567567567568,0.6511627906976745,0.7000000000000001,0.5384615384615384,1.0,0.9565217391304348,0.9777777777777777,0.9565217391304348
CRF28,CRF18,video67,2353,0.9150021249468764,0.8439811562837302,0.8931371474251921,0.8386526613556604,0.7436417300380976,1.0,0.6632124352331606,0.7975077881619937,0.6632124352331606,0.911134903640257,1.0,0.953501400560224,0.911134903640257,0.9883720930232558,0.7798165137614679,0.8717948717948718,0.7727272727272727,0.9932735426008968,0.8949494949494949,0.9415515409139213,0.8895582329317269,0.6016260162601627,0.9367088607594937,0.7326732673267328,0.578125,0.41346153846153844,1.0,0.5850340136054422,0.41346153846153844,1.0,0.9772727272727273,0.9885057471264368,0.9772727272727273
CRF28,CRF18,video68,1972,0.9066937119675457,0.8601919546711699,0.8379289537717317,0.8077838470831413,0.7029458132486527,1.0,0.43137254901960786,0.6027397260273972,0.43137254901960786,0.9332579185520362,0.9975816203143894,0.9643483343074226,0.9311512415349887,0.9636363636363636,0.9814814814814815,0.9724770642201834,0.9464285714285714,0.9940828402366864,0.9455909943714822,0.9692307692307692,0.9402985074626866,0.6036036036036037,0.9710144927536232,0.7444444444444446,0.5929203539823009,0.9813084112149533,0.5384615384615384,0.6953642384105959,0.5329949238578681,0.5454545454545454,1.0,0.7058823529411764,0.5454545454545454
CRF28,CRF18,video69,4575,0.9473224043715847,0.8133333514267644,0.7121460671006835,0.748957435889496,0.6779538084675804,1.0,0.5217391304347826,0.6857142857142856,0.5217391304347826,0.9797219003476245,1.0,0.9897570968685981,0.9797219003476245,0.9947643979057592,0.7421875,0.8501118568232662,0.7392996108949417,0.9382479655337482,0.9874055415617129,0.9621993127147765,0.9271523178807947,0.8478260869565217,0.7684729064039408,0.8062015503875969,0.6753246753246753,0.0,0.0,0.0,0.0,0.9327731092436975,0.9652173913043478,0.9487179487179487,0.9024390243902439
CRF28,CRF18,video70,1194,0.8911222780569514,0.8031344955018851,0.7630366697881374,0.774694824013622,0.7129078550555723,1.0,1.0,1.0,1.0,0.9709302325581395,1.0,0.9852507374631269,0.9709302325581395,1.0,0.75,0.8571428571428571,0.75,0.7910112359550562,0.9643835616438357,0.8691358024691359,0.7685589519650655,0.86,0.945054945054945,0.9005235602094239,0.819047619047619,0.0,0.0,0.0,0.0,1.0,0.6818181818181818,0.8108108108108109,0.6818181818181818
CRF28,CRF18,video71,2515,0.8687872763419483,0.764049936204029,0.6671932238923982,0.7041030860134061,0.6040398672414414,1.0,0.6666666666666666,0.8,0.6666666666666666,0.9043478260869565,0.8630705394190872,0.8832271762208067,0.7908745247148289,0.7450980392156863,0.6229508196721312,0.6785714285714286,0.5135135135135135,0.825446898002103,0.8654906284454245,0.8449946178686759,0.7315936626281454,0.8734567901234568,1.0,0.9324546952224052,0.8734567901234568,0.0,0.0,0.0,0.0,1.0,0.6521739130434783,0.7894736842105263,0.6521739130434783
CRF28,CRF18,video72,3106,0.7949130714745654,0.7876017541730125,0.8283366123625787,0.758213677662836,0.6273416172443771,1.0,0.40875912408759124,0.5803108808290156,0.40875912408759124,0.7990527740189445,1.0,0.8883038736367055,0.7990527740189445,0.451063829787234,0.9380530973451328,0.6091954022988505,0.4380165289256198,1.0,0.5575959933222037,0.7159699892818864,0.5575959933222037,0.6902654867256637,1.0,0.8167539267015707,0.6902654867256637,0.62,0.9587628865979382,0.7530364372469636,0.6038961038961039,0.9528301886792453,0.9351851851851852,0.9439252336448598,0.8938053097345132
CRF28,CRF18,video73,1356,0.9424778761061947,0.9424624008585146,0.8956677201611837,0.909290305265066,0.844101106143751,1.0,0.8556701030927835,0.9222222222222222,0.8556701030927835,0.9531013615733737,1.0,0.975987606506584,0.9531013615733737,0.9508196721311475,0.5576923076923077,0.703030303030303,0.5420560747663551,0.9035369774919614,0.9790940766550522,0.939799331103679,0.886435331230284,0.8245614035087719,1.0,0.9038461538461539,0.8245614035087719,0.9652173913043478,0.9327731092436975,0.9487179487179487,0.9024390243902439,1.0,0.9444444444444444,0.9714285714285714,0.9444444444444444
CRF28,CRF18,video74,1634,0.7962056303549572,0.8135484916652607,0.6760298518707949,0.7089818931731484,0.6033345412181014,1.0,0.47126436781609193,0.640625,0.47126436781609193,0.7901960784313725,0.9734299516908212,0.8722943722943723,0.7735124760076776,0.9666666666666667,0.8992248062015504,0.9317269076305221,0.8721804511278195,0.8701492537313433,0.8246110325318247,0.8467683369644154,0.7342569269521411,0.9326923076923077,0.9509803921568627,0.9417475728155339,0.8899082568807339,0.13513513513513514,0.2222222222222222,0.16806722689075632,0.09174311926605505,1.0,0.3904761904761905,0.5616438356164384,0.3904761904761905
CRF28,CRF18,video75,1923,0.87467498699948,0.7511270703677159,0.7281270419198561,0.729237416975838,0.6461181807960881,1.0,0.7131147540983607,0.8325358851674641,0.7131147540983607,0.6452702702702703,1.0,0.7843942505133471,0.6452702702702703,0.6551724137931034,0.6785714285714286,0.6666666666666666,0.5,1.0,0.8481543624161074,0.9178393100317749,0.8481543624161074,0.9574468085106383,0.9782608695652174,0.967741935483871,0.9375,0.0,0.0,0.0,0.0,1.0,0.8787878787878788,0.9354838709677419,0.8787878787878788
CRF28,CRF18,video76,2649,0.7844469611174028,0.884092407327991,0.7295607740443539,0.7501586822610264,0.6332345662974387,1.0,0.2,0.33333333333333337,0.2,0.8775510204081632,0.698051948051948,0.7775768535262206,0.636094674556213,0.9306122448979591,0.49673202614379086,0.6477272727272727,0.4789915966386555,0.6964410327983251,0.9871414441147379,0.8166939443535187,0.690179806362379,0.7340425531914894,1.0,0.8466257668711656,0.7340425531914894,0.95,0.7916666666666666,0.8636363636363635,0.76,1.0,0.9333333333333333,0.9655172413793104,0.9333333333333333
CRF28,CRF18,video77,2502,0.8968824940047961,0.8624557333594493,0.8387422568989444,0.8033885819954235,0.7021176098782054,1.0,0.29545454545454547,0.456140350877193,0.29545454545454547,0.8230403800475059,1.0,0.9029315960912052,0.8230403800475059,1.0,0.8129496402877698,0.8968253968253969,0.8129496402877698,0.9825708061002179,0.9815016322089227,0.9820359281437127,0.9647058823529412,0.7578947368421053,0.9863013698630136,0.8571428571428571,0.75,1.0,0.7949886104783599,0.8857868020304568,0.7949886104783599,0.47368421052631576,1.0,0.6428571428571429,0.47368421052631576
CRF28,CRF18,video78,739,0.8633288227334236,0.899477581954527,0.745032150238445,0.7778005973679443,0.6573368563483326,1.0,0.4318181818181818,0.6031746031746031,0.4318181818181818,0.9028213166144201,1.0,0.9489291598023064,0.9028213166144201,0.9354838709677419,0.90625,0.9206349206349206,0.8529411764705882,0.7939698492462312,0.9753086419753086,0.8753462603878116,0.7783251231527094,0.7228915662650602,0.9523809523809523,0.8219178082191781,0.6976744186046512,0.9411764705882353,0.4383561643835616,0.5981308411214953,0.4266666666666667,1.0,0.5111111111111111,0.676470588235294,0.5111111111111111
CRF28,CRF18,video79,3414,0.9097832454598711,0.8974713580284275,0.7476035501195738,0.7715102531946257,0.662331696081309,1.0,0.37037037037037035,0.5405405405405406,0.37037037037037035,0.9753726506804925,0.9622762148337596,0.9687801738010943,0.9394506866416978,0.8343949044585988,0.9776119402985075,0.9003436426116839,0.81875,0.9171029668411868,0.9686635944700461,0.9421783953384133,0.8906779661016949,0.8977272727272727,0.7745098039215687,0.831578947368421,0.7117117117117117,0.6577017114914425,0.8762214983713354,0.7513966480446927,0.6017897091722595,1.0,0.30357142857142855,0.4657534246575342,0.30357142857142855
CRF28,CRF18,video80,1724,0.8839907192575406,0.7553983733940363,0.6799159400309638,0.6872209604846186,0.58423343073473,1.0,0.42105263157894735,0.5925925925925926,0.42105263157894735,0.9600380589914367,0.9351251158480074,0.9474178403755869,0.9000892060660125,0.916030534351145,0.9090909090909091,0.9125475285171103,0.8391608391608392,0.7687687687687688,0.973384030418251,0.8590604026845639,0.7529411764705882,0.6212121212121212,0.8913043478260869,0.7321428571428572,0.5774647887323944,0.021739130434782608,0.045454545454545456,0.02941176470588235,0.014925373134328358,1.0,0.584,0.7373737373737373,0.584
CRF28,CRF23,video49,1671,0.9353680430879713,0.9083373064365811,0.908627648185919,0.8946709376027757,0.8198036758322809,1.0,0.6222222222222222,0.7671232876712328,0.6222222222222222,0.9132530120481928,1.0,0.9546599496221663,0.9132530120481928,0.9384615384615385,0.9682539682539683,0.953125,0.9104477611940298,1.0,0.9810017271157168,0.990409764603313,0.9810017271157168,0.9101123595505618,0.9310344827586207,0.9204545454545454,0.8526315789473684,0.9822485207100592,0.8578811369509044,0.9158620689655173,0.8447837150127226,0.6142857142857143,1.0,0.7610619469026549,0.6142857142857143
CRF28,CRF23,video50,1094,0.9140767824497258,0.7791230901759072,0.5998786757515865,0.6353670755712532,0.5403333871768045,1.0,0.2537313432835821,0.40476190476190477,0.2537313432835821,0.8998410174880763,0.9912434325744308,0.9433333333333334,0.8927444794952681,0.8148148148148148,0.6285714285714286,0.7096774193548386,0.55,0.9760479041916168,0.9819277108433735,0.978978978978979,0.9588235294117647,0.7631578947368421,0.9508196721311475,0.8467153284671532,0.7341772151898734,0.0,0.0,0.0,0.0,1.0,0.39285714285714285,0.5641025641025641,0.39285714285714285
CRF28,CRF23,video51,2944,0.7839673913043478,0.8747447828326916,0.7692295181303519,0.7810167587080812,0.6567695383765653,1.0,0.4495798319327731,0.6202898550724638,0.4495798319327731,0.8901287553648068,0.9185119574844995,0.9040976460331299,0.8249801113762928,0.9663299663299664,0.4541139240506329,0.6178686759956943,0.4470404984423676,0.5610438024231128,1.0,0.7188059701492537,0.5610438024231128,0.8666666666666667,0.978494623655914,0.9191919191919192,0.8504672897196262,0.9621212121212122,0.679144385026738,0.7962382445141066,0.6614583333333334,0.8769230769230769,0.9047619047619048,0.890625,0.8028169014084507
CRF28,CRF23,video52,1966,0.917090539165819,0.8816750751329595,0.9307870494718867,0.8955377469931155,0.818147950737586,0.9732142857142857,0.990909090909091,0.9819819819819819,0.9646017699115044,0.8365896980461812,0.9936708860759493,0.9083895853423336,0.8321554770318021,0.9831223628691983,0.7125382262996942,0.8262411347517731,0.7039274924471299,0.9650872817955112,0.9872448979591837,0.9760403530895334,0.9532019704433498,0.6633663366336634,1.0,0.7976190476190476,0.6633663366336634,0.9959595959595959,0.8963636363636364,0.9435406698564592,0.8931159420289855,0.7543859649122807,0.9347826086956522,0.8349514563106796,0.7166666666666667
CRF28,CRF23,video53,3283,0.9335973195248248,0.8794981077468534,0.8658216827534779,0.8484868446871817,0.7523904786770838,1.0,0.7014925373134329,0.8245614035087719,0.7014925373134329,0.9795520934761441,0.9178832116788321,0.947715496938295,0.900626678603402,0.865979381443299,0.9882352941176471,0.9230769230769231,0.8571428571428571,0.9526584122359796,0.981245311327832,0.9667405764966741,0.9356223175965666,0.484375,1.0,0.6526315789473685,0.484375,0.910958904109589,0.8941176470588236,0.9024597116200169,0.8222565687789799,0.9629629629629629,0.5777777777777777,0.7222222222222221,0.5652173913043478
CRF28,CRF23,video54,3100,0.8312903225806452,0.8791763608965438,0.827818850514376,0.8220518415224323,0.7115362379051701,1.0,0.44,0.6111111111111112,0.44,0.727328431372549,1.0,0.8421426037601987,0.727328431372549,0.9583333333333334,0.9435897435897436,0.9509043927648579,0.9064039408866995,0.9907749077490775,0.5894621295279913,0.7391603578802478,0.5862445414847162,0.6822429906542056,1.0,0.8111111111111111,0.6822429906542056,0.9863945578231292,0.8752515090543259,0.9275053304904052,0.8648111332007953,0.8091603053435115,0.9464285714285714,0.8724279835390947,0.7737226277372263
CRF28,CRF23,video55,1037,0.9257473481195757,0.9154060732999232,0.8622951748193837,0.8730402023997154,0.8040800059332787,1.0,0.9047619047619048,0.9500000000000001,0.9047619047619048,0.8951456310679612,1.0,0.9446721311475409,0.8951456310679612,0.7941176470588235,0.34177215189873417,0.4778761061946903,0.313953488372093,1.0,0.9541284403669725,0.9765258215962441,0.9541284403669725,0.8852459016393442,1.0,0.9391304347826086,0.8852459016393442,0.8333333333333334,0.9782608695652174,0.9,0.8181818181818182,1.0,0.8571428571428571,0.923076923076923,0.8571428571428571
CRF28,CRF23,video56,1834,0.9198473282442748,0.9137464931517286,0.859621151831519,0.8598133269029283,0.7757238501137815,1.0,0.38095238095238093,0.5517241379310345,0.38095238095238093,0.9315068493150684,0.9932584269662922,0.9613920609026645,0.9256544502617801,0.9056603773584906,1.0,0.9504950495049505,0.9056603773584906,0.9850427350427351,0.8865384615384615,0.9331983805668017,0.8747628083491461,0.651685393258427,1.0,0.7891156462585034,0.651685393258427,0.9223300970873787,0.9134615384615384,0.9178743961352658,0.8482142857142857,1.0,0.8431372549019608,0.9148936170212766,0.8431372549019608
CRF28,CRF23,video57,2632,0.9072948328267477,0.9128964063693132,0.8501794096935068,0.8552113555337444,0.7684470613255222,1.0,0.7793103448275862,0.875968992248062,0.7793103448275862,0.9647188533627343,0.8928571428571429,0.9273979862215157,0.8646245059288538,0.6666666666666666,0.9441624365482234,0.7815126050420168,0.6413793103448275,0.8971871968962173,1.0,0.9458077709611452,0.8971871968962173,0.8617021276595744,1.0,0.9257142857142857,0.8617021276595744,1.0,0.38461538461538464,0.5555555555555556,0.38461538461538464,1.0,0.9503105590062112,0.9745222929936307,0.9503105590062112
CRF28,CRF23,video58,5993,0.821958952110796,0.807176521769679,0.7450345129026242,0.7446088974218152,0.6335423585946146,0.7368421052631579,0.175,0.2828282828282828,0.16470588235294117,0.9293766578249337,0.8275760259816947,0.8755270966734344,0.7786111111111111,0.6541353383458647,0.516320474777448,0.5771144278606964,0.40559440559440557,0.6762854144805877,0.9720965309200603,0.7976485148514851,0.6634071024189397,0.7887323943661971,0.9491525423728814,0.8615384615384616,0.7567567567567568,0.9044117647058824,0.9077490774907749,0.9060773480662984,0.8282828282828283,0.96045197740113,0.8673469387755102,0.9115281501340482,0.8374384236453202
CRF28,CRF23,video59,1046,0.9206500956022945,0.9446441700521443,0.8057591218305504,0.8504919168901898,0.7535912238899029,1.0,0.6,0.7499999999999999,0.6,0.9190283400809717,1.0,0.9578059071729957,0.9190283400809717,1.0,0.5625,0.72,0.5625,0.9096573208722741,1.0,0.9526916802610114,0.9096573208722741,0.975,0.5909090909090909,0.7358490566037736,0.582089552238806,0.8088235294117647,0.9821428571428571,0.8870967741935484,0.7971014492753623,1.0,0.9047619047619048,0.9500000000000001,0.9047619047619048
CRF28,CRF23,video60,2532,0.7342022116903634,0.6950606498307085,0.6969501163810193,0.6495294070032823,0.5593256343007339,1.0,0.7832817337461301,0.8784722222222222,0.7832817337461301,0.9392857142857143,0.7395950506186727,0.827564505978603,0.7058507783145465,0.8767123287671232,0.7619047619047619,0.8152866242038217,0.6881720430107527,0.1476407914764079,0.9150943396226415,0.25425950196592395,0.14564564564564564,0.9017857142857143,0.9351851851851852,0.9181818181818182,0.8487394957983193,0.0,0.0,0.0,0.0,1.0,0.7435897435897436,0.8529411764705882,0.7435897435897436
CRF28,CRF23,video61,4409,0.8924926287139942,0.8528508014831224,0.7965443711992469,0.7805242297559217,0.6621737646583588,1.0,0.7120535714285714,0.8318122555410691,0.7120535714285714,0.7908121410992617,0.9989637305699481,0.8827838827838828,0.7901639344262295,0.8888888888888888,0.6282722513089005,0.7361963190184049,0.5825242718446602,0.9819327731092437,0.9136043784206411,0.9465370595382747,0.8985005767012687,0.3360995850622407,1.0,0.5031055900621118,0.3360995850622407,0.9722222222222222,0.5,0.660377358490566,0.49295774647887325,1.0,0.8229166666666666,0.9028571428571429,0.8229166666666666
CRF28,CRF23,video62,2032,0.8961614173228346,0.8435582811492942,0.876364426919669,0.849306480368786,0.7445102553073042,1.0,0.85,0.9189189189189189,0.85,0.886873920552677,0.9598130841121495,0.9219030520646319,0.855120732722731,0.6,0.8571428571428571,0.7058823529411764,0.5454545454545454,0.9793103448275862,0.8114285714285714,0.8875000000000001,0.797752808988764,0.8913043478260869,0.7592592592592593,0.8200000000000001,0.6949152542372882,0.87,0.8969072164948454,0.883248730964467,0.7909090909090909,0.6774193548387096,1.0,0.8076923076923077,0.6774193548387096
CRF28,CRF23,video63,3433,0.8450334983979028,0.6885918713958039,0.7548059108029834,0.608852798224364,0.48254946723609954,1.0,0.2,0.33333333333333337,0.2,0.9192245557350566,0.966044142614601,0.9420529801324503,0.8904538341158059,0.4945054945054945,1.0,0.6617647058823529,0.4945054945054945,0.996551724137931,0.8853391684901531,0.9376593279258401,0.8826352530541012,0.8632478632478633,0.40725806451612906,0.5534246575342466,0.38257575757575757,0.23820224719101124,1.0,0.38475499092558985,0.23820224719101124,0.308411214953271,0.825,0.44897959183673464,0.2894736842105263
CRF28,CRF23,video64,2398,0.9128440366972477,0.9235347985347985,0.8735425531235687,0.8708132258074596,0.7973967519595458,0.782051282051282,1.0,0.8776978417266188,0.782051282051282,1.0,0.9346590909090909,0.9662261380323055,0.9346590909090909,1.0,0.883495145631068,0.9381443298969072,0.883495145631068,0.8108974358974359,0.993455497382199,0.8929411764705883,0.8065887353878852,0.8717948717948718,1.0,0.9315068493150686,0.8717948717948718,1.0,0.3407821229050279,0.5083333333333333,0.3407821229050279,1.0,0.9624060150375939,0.9808429118773946,0.9624060150375939
CRF28,CRF23,video65,1873,0.9663641217298452,0.791023026072229,0.8227639721909733,0.8049343192812195,0.7603282218901839,1.0,0.8955823293172691,0.9449152542372882,0.8955823293172691,0.9711751662971175,0.9787709497206704,0.9749582637729548,0.9511400651465798,0.8467741935483871,0.9722222222222222,0.9051724137931034,0.8267716535433071,1.0,0.9782608695652174,0.989010989010989,0.9782608695652174,0.8620689655172413,0.9615384615384616,0.9090909090909091,0.8333333333333334,0.0,0.0,0.0,0.0,0.8571428571428571,0.972972972972973,0.9113924050632912,0.8372093023255814
CRF28,CRF23,video66,1824,0.9298245614035088,0.8421706660636346,0.7853279157881902,0.8027412270287322,0.7354345601199406,0.8636363636363636,0.76,0.8085106382978724,0.6785714285714286,0.9789473684210527,1.0,0.9893617021276596,0.9789473684210527,0.9325153374233128,0.95,0.9411764705882352,0.8888888888888888,0.9051833122629582,0.984869325997249,0.9433465085638998,0.8927680798004988,0.881578947368421,0.8072289156626506,0.8427672955974843,0.7282608695652174,0.3333333333333333,0.09302325581395349,0.14545454545454545,0.0784313725490196,1.0,0.9021739130434783,0.9485714285714286,0.9021739130434783
CRF28,CRF23,video67,2353,0.9337016574585635,0.8710525056024198,0.9248377269487793,0.8844599604901038,0.8018574168176696,1.0,0.6580310880829016,0.79375,0.6580310880829016,0.9255918827508456,0.9647473560517039,0.9447640966628309,0.8953107960741549,0.7720588235294118,0.963302752293578,0.8571428571428571,0.75,0.9957582184517497,0.9484848484848485,0.9715468184169684,0.9446680080482898,0.6495726495726496,0.9620253164556962,0.7755102040816325,0.6333333333333333,0.7543859649122807,1.0,0.86,0.7543859649122807,1.0,0.9772727272727273,0.9885057471264368,0.9772727272727273
CRF28,CRF23,video68,1972,0.8985801217038539,0.8531320502368753,0.8258187572866852,0.7923506554767527,0.6838778387624406,1.0,0.3431372549019608,0.510948905109489,0.3431372549019608,0.9228149829738933,0.9830713422007256,0.9519906323185011,0.9083798882681564,0.8846153846153846,0.9938271604938271,0.9360465116279069,0.8797814207650273,0.9960707269155207,0.9512195121951219,0.9731285988483686,0.9476635514018692,0.638095238095238,0.9710144927536232,0.7701149425287357,0.6261682242990654,0.9813084112149533,0.5384615384615384,0.6953642384105959,0.5329949238578681,0.5490196078431373,1.0,0.7088607594936709,0.5490196078431373
CRF28,CRF23,video69,4575,0.9700546448087431,0.828534584834614,0.7481116824406321,0.780793796931829,0.7274180103724065,1.0,0.6086956521739131,0.7567567567567568,0.6086956521739131,0.9842840512223515,1.0,0.9920797887943679,0.9842840512223515,1.0,0.92578125,0.9614604462474645,0.92578125,0.9800697558545092,0.9909319899244332,0.9854709418837675,0.971358024691358,0.8707865168539326,0.7635467980295566,0.8136482939632546,0.6858407079646017,0.0,0.0,0.0,0.0,0.9646017699115044,0.9478260869565217,0.956140350877193,0.9159663865546218
CRF28,CRF23,video70,1194,0.9053601340033501,0.7890533063113209,0.7781125611208694,0.7736869681442249,0.7124245603636872,0.8536585365853658,1.0,0.9210526315789475,0.8536585365853658,0.9939759036144579,0.9880239520958084,0.990990990990991,0.9821428571428571,0.9787234042553191,0.92,0.9484536082474226,0.9019607843137255,0.8081264108352144,0.9808219178082191,0.886138613861386,0.7955555555555556,0.8888888888888888,0.967032967032967,0.9263157894736841,0.8627450980392157,0.0,0.0,0.0,0.0,1.0,0.5909090909090909,0.7428571428571429,0.5909090909090909
CRF28,CRF23,video71,2515,0.8723658051689861,0.7936933266803808,0.6440958870578164,0.6874494775925515,0.59067130666582,1.0,0.3888888888888889,0.56,0.3888888888888889,0.9251386321626618,0.8307053941908714,0.875382597289025,0.7783825816485226,0.9285714285714286,0.8524590163934426,0.888888888888889,0.8,0.8040540540540541,0.918412348401323,0.8574369531652084,0.7504504504504504,0.8980891719745223,0.9964664310954063,0.9447236180904522,0.8952380952380953,0.0,0.0,0.0,0.0,1.0,0.5217391304347826,0.6857142857142856,0.5217391304347826
CRF28,CRF23,video72,3106,0.8187379265936896,0.796224874560599,0.841992178598885,0.7682371120431185,0.6436532570069381,1.0,0.40145985401459855,0.5729166666666666,0.40145985401459855,0.8472022955523673,1.0,0.9172815533980583,0.8472022955523673,0.43243243243243246,0.9911504424778761,0.6021505376344086,0.4307692307692308,1.0,0.6176961602671118,0.7636738906088751,0.6176961602671118,0.6666666666666666,1.0,0.8,0.6666666666666666,0.6272727272727273,0.9484536082474226,0.7551299589603284,0.6065934065934065,1.0,0.9351851851851852,0.9665071770334929,0.9351851851851852
CRF28,CRF23,video73,1356,0.9646017699115044,0.9558489770785216,0.9351504219097128,0.9423321284168453,0.8937996411745649,1.0,0.8865979381443299,0.9398907103825136,0.8865979381443299,0.9692307692307692,1.0,0.9843749999999999,0.9692307692307692,0.9764705882352941,0.7980769230769231,0.8783068783068784,0.7830188679245284,0.956081081081081,0.9860627177700348,0.9708404802744426,0.9433333333333334,0.8070175438596491,0.9787234042553191,0.8846153846153846,0.7931034482758621,0.9821428571428571,0.9243697478991597,0.9523809523809523,0.9090909090909091,1.0,0.9722222222222222,0.9859154929577464,0.9722222222222222
CRF28,CRF23,video74,1634,0.7833537331701347,0.7937714630738685,0.6642829078952879,0.7010129998941962,0.6053615904031125,1.0,0.6781609195402298,0.8082191780821918,0.6781609195402298,0.7591911764705882,0.9975845410628019,0.8622129436325677,0.7577981651376147,1.0,0.813953488372093,0.8974358974358974,0.813953488372093,0.836552748885587,0.7963224893917963,0.8159420289855072,0.6891064871481029,0.9423076923076923,0.9607843137254902,0.9514563106796117,0.9074074074074074,0.01834862385321101,0.022222222222222223,0.020100502512562814,0.01015228426395939,1.0,0.38095238095238093,0.5517241379310345,0.38095238095238093
CRF28,CRF23,video75,1923,0.8419136765470618,0.7292155461221996,0.6549056886536532,0.6459860030636083,0.5412263050825485,1.0,0.2786885245901639,0.43589743589743585,0.2786885245901639,0.60062893081761,1.0,0.7504911591355599,0.60062893081761,0.6025641025641025,0.8392857142857143,0.7014925373134329,0.5402298850574713,1.0,0.837248322147651,0.9114155251141552,0.837248322147651,0.9013157894736842,0.9927536231884058,0.9448275862068966,0.8954248366013072,0.0,0.0,0.0,0.0,1.0,0.6363636363636364,0.7777777777777778,0.6363636363636364
CRF28,CRF23,video76,2649,0.75839939599849,0.9006917363537175,0.682241484648317,0.7069472304097185,0.5935293799480312,1.0,0.1,0.18181818181818182,0.1,0.9523076923076923,0.6699134199134199,0.7865311308767472,0.6481675392670158,0.9894179894179894,0.4074074074074074,0.5771604938271605,0.40563991323210413,0.6338557993730407,1.0,0.7759017651573292,0.6338557993730407,0.7441860465116279,0.927536231884058,0.8258064516129032,0.7032967032967034,0.9850746268656716,0.6875,0.8098159509202454,0.6804123711340206,1.0,0.9833333333333333,0.9915966386554621,0.9833333333333333
CRF28,CRF23,video77,2502,0.9048760991207034,0.8744077236617247,0.8564850209358327,0.8284707951108153,0.7328223942432116,1.0,0.36363636363636365,0.5333333333333333,0.36363636363636365,0.8353510895883777,0.9956709956709957,0.9084924292297564,0.8323281061519904,0.9752066115702479,0.8489208633093526,0.9076923076923077,0.8309859154929577,0.9770240700218819,0.9717083786724701,0.9743589743589743,0.95,0.8372093023255814,0.9863013698630136,0.9056603773584905,0.8275862068965517,1.0,0.8291571753986332,0.9066002490660025,0.8291571753986332,0.49606299212598426,1.0,0.6631578947368421,0.49606299212598426
CRF28,CRF23,video78,739,0.8267929634641408,0.8482835626263284,0.7025489976097444,0.7109407245647736,0.5968814788687595,1.0,0.7727272727272727,0.8717948717948718,0.7727272727272727,0.9201277955271565,1.0,0.9584026622296172,0.9201277955271565,0.875,0.765625,0.8166666666666667,0.6901408450704225,0.7142857142857143,0.9567901234567902,0.8179419525065963,0.6919642857142857,0.6593406593406593,0.9523809523809523,0.7792207792207793,0.6382978723404256,0.7692307692307693,0.136986301369863,0.23255813953488372,0.13157894736842105,1.0,0.3333333333333333,0.5,0.3333333333333333
CRF28,CRF23,video79,3414,0.8933801991798477,0.859779164061444,0.7390070241227084,0.7502441181621522,0.6322995677187755,1.0,0.3888888888888889,0.56,0.3888888888888889,0.9778645833333334,0.9603580562659847,0.9690322580645161,0.9399249061326659,0.7318435754189944,0.9776119402985075,0.8370607028753995,0.7197802197802198,0.8878504672897196,0.9631336405529954,0.9239610963748894,0.8586688578471652,0.8,0.9019607843137255,0.847926267281106,0.736,0.6208955223880597,0.6775244299674267,0.6479750778816198,0.4792626728110599,1.0,0.30357142857142855,0.4657534246575342,0.30357142857142855
CRF28,CRF23,video80,1724,0.8752900232018561,0.7434717648293253,0.6880839377385465,0.6766689895783594,0.5655774403171414,1.0,0.43859649122807015,0.6097560975609756,0.43859649122807015,0.9651500484027106,0.9240037071362373,0.944128787878788,0.8941704035874439,0.9253731343283582,0.9393939393939394,0.9323308270676692,0.8732394366197183,0.7363896848137536,0.9771863117870723,0.8398692810457516,0.723943661971831,0.5185185185185185,0.9130434782608695,0.6614173228346456,0.49411764705882355,0.075,0.13636363636363635,0.09677419354838708,0.05084745762711865,0.9838709677419355,0.488,0.6524064171122995,0.48412698412698413
CRF28,CRF28,video49,1671,0.8982645122681029,0.8425867740853831,0.9042537288540468,0.8586802452990686,0.7570681347098833,1.0,0.7333333333333333,0.846153846153846,0.7333333333333333,0.9351351351351351,0.9129287598944591,0.9238985313751669,0.858560794044665,0.6116504854368932,1.0,0.7590361445783133,0.6116504854368932,1.0,0.8877374784110535,0.9405306495882891,0.8877374784110535,0.7722772277227723,0.896551724137931,0.8297872340425532,0.7090909090909091,0.8854961832061069,0.8992248062015504,0.8923076923076924,0.8055555555555556,0.6935483870967742,1.0,0.8190476190476191,0.6935483870967742
CRF28,CRF28,video50,1094,0.9204753199268738,0.7826838930109019,0.6589195612259993,0.6802631126339579,0.6023000593541095,1.0,0.208955223880597,0.345679012345679,0.208955223880597,0.8987341772151899,0.9947460595446584,0.9443059019118869,0.8944881889763779,0.7352941176470589,0.7142857142857143,0.7246376811594202,0.5681818181818182,0.9876160990712074,0.9608433734939759,0.9740458015267175,0.9494047619047619,0.8571428571428571,0.9836065573770492,0.916030534351145,0.8450704225352113,0.0,0.0,0.0,0.0,1.0,0.75,0.8571428571428571,0.75
CRF28,CRF28,video51,2944,0.7819293478260869,0.8553221112619648,0.8124308744189419,0.8081985835341051,0.6950765613476644,1.0,0.7184873949579832,0.8361858190709046,0.7184873949579832,0.9320113314447592,0.8742249778565102,0.9021937842778793,0.8218151540383014,0.8922558922558923,0.41930379746835444,0.5705059203444565,0.3990963855421687,0.5393154486586494,0.96843853820598,0.69281045751634,0.53,0.9207920792079208,1.0,0.9587628865979382,0.9207920792079208,0.8834355828220859,0.7700534759358288,0.8228571428571428,0.6990291262135923,0.8194444444444444,0.9365079365079365,0.874074074074074,0.7763157894736842
CRF28,CRF28,video52,1966,0.944557477110885,0.9254073186203307,0.9516554807536676,0.9332608868317215,0.8799537712387296,0.9734513274336283,1.0,0.9865470852017937,0.9734513274336283,0.8803738317757009,0.9936708860759493,0.933597621407334,0.8754646840148699,0.9960629921259843,0.7737003058103975,0.8709122203098107,0.7713414634146342,0.9701492537313433,0.9948979591836735,0.982367758186398,0.9653465346534653,0.7222222222222222,0.9701492537313433,0.8280254777070063,0.7065217391304348,0.9980916030534351,0.9509090909090909,0.9739292364990689,0.9491833030852994,0.9375,0.9782608695652174,0.9574468085106383,0.9183673469387755
CRF28,CRF28,video53,3283,0.8933901918976546,0.8086582543835988,0.8697481608418786,0.7935723525997765,0.6870311788434007,1.0,0.746268656716418,0.8547008547008548,0.746268656716418,0.9823834196891191,0.864963503649635,0.9199417758369722,0.8517520215633423,0.5743243243243243,1.0,0.7296137339055794,0.5743243243243243,0.9870525514089871,0.9722430607651913,0.9795918367346939,0.96,0.2605042016806723,1.0,0.4133333333333334,0.2605042016806723,0.8563432835820896,0.7714285714285715,0.8116710875331565,0.6830357142857143,1.0,0.7333333333333333,0.846153846153846,0.7333333333333333
CRF28,CRF28,video54,3100,0.932258064516129,0.8711081023749812,0.8662633804092484,0.8413068664346012,0.7481177330591072,0.9661016949152542,0.456,0.6195652173913043,0.44881889763779526,0.9518072289156626,0.9983150800336984,0.9745065789473684,0.95028067361668,0.9302325581395349,0.8205128205128205,0.871934604904632,0.7729468599033816,0.9988518943742825,0.9549945115257958,0.9764309764309764,0.9539473684210527,0.7553191489361702,0.9726027397260274,0.8502994011976047,0.7395833333333334,0.9954441913439636,0.8792756539235412,0.9337606837606838,0.875751503006012,0.5,0.9821428571428571,0.6626506024096385,0.4954954954954955
CRF28,CRF28,video55,1037,0.9334619093539055,0.9031277172523146,0.8988318217159456,0.8919243577719173,0.8179239322104638,1.0,1.0,1.0,1.0,0.9408163265306122,1.0,0.9695057833859095,0.9408163265306122,0.8928571428571429,0.6329113924050633,0.7407407407407407,0.5882352941176471,1.0,0.9174311926605505,0.9569377990430622,0.9174311926605505,0.8596491228070176,0.9074074074074074,0.8828828828828829,0.7903225806451613,0.6285714285714286,0.9565217391304348,0.7586206896551724,0.6111111111111112,1.0,0.8775510204081632,0.9347826086956522,0.8775510204081632
CRF28,CRF28,video56,1834,0.9045801526717557,0.8687366822210688,0.8486659400147266,0.8344661183685328,0.729588883865686,1.0,0.4857142857142857,0.6538461538461539,0.4857142857142857,0.9407407407407408,0.998876404494382,0.9689373297002725,0.9397463002114165,0.9019607843137255,0.9583333333333334,0.9292929292929293,0.8679245283018868,0.9907834101382489,0.8269230769230769,0.9014675052410902,0.8206106870229007,0.5658536585365853,1.0,0.7227414330218067,0.5658536585365853,0.9318181818181818,0.7884615384615384,0.8541666666666667,0.7454545454545455,0.75,0.8823529411764706,0.8108108108108107,0.6818181818181818
CRF28,CRF28,video57,2632,0.9460486322188449,0.9075192605924162,0.9163386245975423,0.9107573908026599,0.8438764550084603,0.9539473684210527,1.0,0.9764309764309764,0.9539473684210527,0.9927385892116183,0.976530612244898,0.9845679012345679,0.9696048632218845,0.893491124260355,0.766497461928934,0.825136612021858,0.7023255813953488,0.9396186440677966,0.9589189189189189,0.949170679507758,0.9032586558044806,0.8202247191011236,0.9012345679012346,0.8588235294117647,0.7525773195876289,0.8055555555555556,0.8111888111888111,0.8083623693379791,0.6783625730994152,0.9470588235294117,1.0,0.972809667673716,0.9470588235294117
CRF28,CRF28,video58,5993,0.7315201067912565,0.6420092013492831,0.797707241136867,0.6825382012499069,0.5316809406938193,0.36097560975609755,0.925,0.519298245614035,0.35071090047393366,0.9276867758689572,0.6855624446412755,0.7884550084889642,0.6507847533632287,0.4004550625711035,0.5222551928783383,0.45331616226658084,0.29308909242298087,0.6598602901665771,0.9260935143288085,0.7706306871666144,0.6268504338948443,0.5315315315315315,1.0,0.6941176470588236,0.5315315315315315,0.8701923076923077,0.6678966789667896,0.7557411273486431,0.6073825503355704,0.7433628318584071,0.8571428571428571,0.7962085308056872,0.6614173228346457
CRF28,CRF28,video59,1046,0.9282982791586998,0.9336275581419856,0.8656468585773869,0.8815530452445481,0.8029172255799997,1.0,1.0,1.0,1.0,0.9478079331941545,1.0,0.9732047159699893,0.9478079331941545,1.0,0.5375,0.6991869918699186,0.5375,0.9218241042345277,0.9691780821917808,0.9449081803005008,0.8955696202531646,0.9782608695652174,0.6818181818181818,0.8035714285714285,0.6716417910447762,0.6875,0.9821428571428571,0.8088235294117647,0.6790123456790124,1.0,0.8888888888888888,0.9411764705882353,0.8888888888888888
CRF28,CRF28,video60,2532,0.7377567140600316,0.7173046690339334,0.7794006412442016,0.6809069436278333,0.5799312119703475,0.9552238805970149,0.9907120743034056,0.9726443768996961,0.9467455621301775,0.9871071716357775,0.6889763779527559,0.8115269956939383,0.6828316610925307,0.8987341772151899,0.8452380952380952,0.8711656441717791,0.7717391304347826,0.14626865671641792,0.9245283018867925,0.25257731958762886,0.14454277286135694,0.911504424778761,0.9537037037037037,0.9321266968325793,0.8728813559322034,0.6071428571428571,0.18085106382978725,0.27868852459016397,0.1619047619047619,0.5151515151515151,0.8717948717948718,0.6476190476190476,0.4788732394366197
CRF28,CRF28,video61,4409,0.8763892039011114,0.7993352433158268,0.7517722038003846,0.7224515113019085,0.5883407456552268,0.990625,0.7075892857142857,0.8255208333333333,0.7028824833702882,0.7319665907365224,0.9989637305699481,0.8448729184925503,0.7314112291350531,0.8470588235294118,0.3769633507853403,0.5217391304347826,0.35294117647058826,0.9944253859348199,0.9065676309616888,0.9484662576687116,0.9019836639439907,0.3894230769230769,1.0,0.5605536332179931,0.3894230769230769,0.9375,0.42857142857142855,0.588235294117647,0.4166666666666667,0.7043478260869566,0.84375,0.7677725118483414,0.6230769230769231
CRF28,CRF28,video62,2032,0.9507874015748031,0.8865780156958495,0.9306939895569409,0.9053465607178419,0.837012978145534,1.0,1.0,1.0,1.0,0.998017839444995,0.9411214953271028,0.9687349687349687,0.9393656716417911,0.6777777777777778,0.8714285714285714,0.7625,0.6161616161616161,0.9399727148703957,0.9842857142857143,0.9616189811584089,0.9260752688172043,0.8541666666666666,0.7592592592592593,0.8039215686274509,0.6721311475409836,0.8611111111111112,0.9587628865979382,0.9073170731707317,0.8303571428571429,0.875,1.0,0.9333333333333333,0.875
CRF28,CRF28,video63,3433,0.8132828429944655,0.6838873657501603,0.7877612410471635,0.6574333465467314,0.5382183243754199,1.0,0.55,0.7096774193548387,0.55,0.98014440433213,0.9219015280135824,0.9501312335958007,0.905,0.6818181818181818,1.0,0.8108108108108109,0.6818181818181818,0.981694560669456,0.8214442013129103,0.8944484155349058,0.809051724137931,0.7790697674418605,0.5403225806451613,0.638095238095238,0.46853146853146854,0.2046908315565032,0.9056603773584906,0.33391304347826084,0.20041753653444677,0.15979381443298968,0.775,0.26495726495726496,0.15270935960591134
CRF28,CRF28,video64,2398,0.9336947456213511,0.9002928496536141,0.9328507307174112,0.9070366038414016,0.8364346992035074,0.6421052631578947,1.0,0.782051282051282,0.6421052631578947,1.0,0.915719696969697,0.9560059317844786,0.915719696969697,0.9423076923076923,0.9514563106796117,0.9468599033816425,0.8990825688073395,0.8839390386869871,0.9869109947643979,0.9325912183055041,0.8736964078794901,0.8990825688073395,0.9607843137254902,0.9289099526066351,0.8672566371681416,0.9846153846153847,0.7150837988826816,0.8284789644012944,0.7071823204419889,0.95,1.0,0.9743589743589743,0.95
CRF28,CRF28,video65,1873,0.9636946075814202,0.7665621097754169,0.8072819101836313,0.7808082774674758,0.7240013794533063,1.0,0.891566265060241,0.9426751592356688,0.891566265060241,0.9766666666666667,0.982122905027933,0.9793871866295265,0.9596069868995634,0.856,0.9907407407407407,0.9184549356223175,0.8492063492063492,1.0,0.9802371541501976,0.9900199600798403,0.9802371541501976,0.8904109589041096,0.8333333333333334,0.8609271523178808,0.7558139534883721,0.0,0.0,0.0,0.0,0.6428571428571429,0.972972972972973,0.7741935483870968,0.631578947368421
CRF28,CRF28,video66,1824,0.9594298245614035,0.9348569336173095,0.899309615895546,0.9154048213006636,0.8609939782383836,1.0,1.0,1.0,1.0,0.9863636363636363,1.0,0.9931350114416476,0.9863636363636363,0.9371069182389937,0.93125,0.9341692789968652,0.8764705882352941,0.9585561497326203,0.9862448418156808,0.9722033898305085,0.945910290237467,0.9154929577464789,0.7831325301204819,0.8441558441558441,0.7303370786516854,0.7464788732394366,0.6162790697674418,0.6751592356687898,0.5096153846153846,1.0,0.9782608695652174,0.989010989010989,0.9782608695652174
CRF28,CRF28,video67,2353,0.9468763280917977,0.847118022627801,0.9645897786333679,0.8835227415315668,0.8169873031991927,0.965,1.0,0.9821882951653944,0.965,1.0,0.9776733254994124,0.9887106357694593,0.9776733254994124,0.896551724137931,0.9541284403669725,0.9244444444444444,0.859504132231405,0.9944506104328524,0.9050505050505051,0.947646747752512,0.9005025125628141,0.6756756756756757,0.9493670886075949,0.7894736842105263,0.6521739130434783,0.39814814814814814,1.0,0.5695364238410596,0.39814814814814814,1.0,0.9659090909090909,0.9826589595375723,0.9659090909090909
CRF28,CRF28,video68,1972,0.8955375253549696,0.8506194454201375,0.8473988912992686,0.812040683015413,0.7028339512809906,1.0,0.5588235294117647,0.7169811320754718,0.5588235294117647,0.9465558194774347,0.9637243047158404,0.9550629119233075,0.9139908256880734,0.9096045197740112,0.9938271604938271,0.9498525073746312,0.9044943820224719,0.9543726235741445,0.9418386491557224,0.9480642115203022,0.9012567324955116,0.6568627450980392,0.9710144927536232,0.783625730994152,0.6442307692307693,0.98989898989899,0.5025641025641026,0.6666666666666666,0.5,0.4970414201183432,1.0,0.6640316205533597,0.4970414201183432
CRF28,CRF28,video69,4575,0.9617486338797814,0.8177691318907355,0.7906228982397376,0.8020961918133319,0.7597526674072272,0.9577464788732394,0.9855072463768116,0.9714285714285714,0.9444444444444444,0.9988165680473373,0.9982259018332348,0.9985211475894705,0.9970466627288836,1.0,0.814453125,0.8977395048439182,0.814453125,0.9537712895377128,0.9874055415617129,0.9702970297029704,0.9423076923076923,0.8636363636363636,0.7487684729064039,0.8021108179419525,0.6696035242290749,0.0,0.0,0.0,0.0,0.9504132231404959,1.0,0.9745762711864406,0.9504132231404959
CRF28,CRF28,video70,1194,0.9262981574539364,0.9001507728005853,0.867386701121277,0.871385069784517,0.7906488654227842,0.7954545454545454,1.0,0.8860759493670886,0.7954545454545454,0.9899396378269618,0.9820359281437125,0.9859719438877755,0.9723320158102767,0.9489795918367347,0.93,0.9393939393939393,0.8857142857142857,0.8804071246819338,0.947945205479452,0.912928759894459,0.8398058252427184,0.8529411764705882,0.9560439560439561,0.9015544041450777,0.8207547169811321,0.8333333333333334,0.4375,0.5737704918032787,0.40229885057471265,1.0,0.8181818181818182,0.9,0.8181818181818182
CRF28,CRF28,video71,2515,0.8616302186878728,0.7763198724051322,0.717181518953771,0.7384125329713178,0.6522149111030181,1.0,0.6111111111111112,0.7586206896551725,0.6111111111111112,0.9135234590616376,0.8240663900414937,0.8664921465968587,0.7644341801385681,0.9245283018867925,0.8032786885245902,0.8596491228070176,0.7538461538461538,0.7921182266009852,0.886438809261301,0.8366285119667014,0.7191413237924866,0.8910256410256411,0.9823321554770318,0.934453781512605,0.8769716088328076,0.0,0.0,0.0,0.0,0.9130434782608695,0.9130434782608695,0.9130434782608695,0.84
CRF28,CRF28,video72,3106,0.8673535093367676,0.8417685482848686,0.8936912138604741,0.8463048628283482,0.7423328474037324,0.979381443298969,0.6934306569343066,0.811965811965812,0.6834532374100719,0.9116279069767442,0.995766299745978,0.9518413597733713,0.9081081081081082,0.7724137931034483,0.9911504424778761,0.8682170542635659,0.7671232876712328,1.0,0.7161936560934892,0.8346303501945526,0.7161936560934892,0.6782608695652174,1.0,0.8082901554404144,0.6782608695652174,0.5506958250497018,0.9518900343642611,0.6977329974811083,0.5357833655705996,1.0,0.9074074074074074,0.9514563106796117,0.9074074074074074
CRF28,CRF28,video73,1356,0.9660766961651918,0.951019697559673,0.942571936997077,0.9426581508475385,0.8961585129868438,1.0,0.9896907216494846,0.9948186528497409,0.9896907216494846,0.9782608695652174,1.0,0.989010989010989,0.9782608695652174,0.975,0.75,0.8478260869565216,0.7358490566037735,0.9556313993174061,0.975609756097561,0.9655172413793104,0.9333333333333333,0.7833333333333333,1.0,0.8785046728971964,0.7833333333333333,0.9649122807017544,0.9243697478991597,0.944206008583691,0.8943089430894309,1.0,0.9583333333333334,0.9787234042553191,0.9583333333333334
CRF28,CRF28,video74,1634,0.7876376988984088,0.8358014640749578,0.754653625664866,0.7631940196069281,0.6468430861903556,1.0,0.8390804597701149,0.9125,0.8390804597701149,0.9320388349514563,0.6956521739130435,0.7966804979253111,0.6620689655172414,1.0,0.8217054263565892,0.902127659574468,0.8217054263565892,0.7905491698595147,0.8755304101838756,0.8308724832214766,0.7106773823191733,0.9375,0.8823529411764706,0.9090909090909091,0.8333333333333334,0.3181818181818182,0.7777777777777778,0.45161290322580644,0.2916666666666667,0.8723404255319149,0.3904761904761905,0.5394736842105263,0.36936936936936937
CRF28,CRF28,video75,1923,0.907436297451898,0.7012802237894536,0.7462913459238448,0.7159267270608748,0.62556717399842,1.0,0.8442622950819673,0.9155555555555556,0.8442622950819673,0.7925311203319502,1.0,0.8842592592592593,0.7925311203319502,0.56,0.75,0.6412213740458016,0.47191011235955055,1.0,0.9018456375838926,0.9483899426554918,0.9018456375838926,0.889763779527559,0.8188405797101449,0.8528301886792453,0.743421052631579,0.0,0.0,0.0,0.0,0.6666666666666666,0.9090909090909091,0.7692307692307692,0.625
CRF28,CRF28,video76,2649,0.782559456398641,0.8930079397644354,0.7414959343147384,0.7644066913051579,0.6416919923788055,1.0,0.3,0.4615384615384615,0.3,0.9674418604651163,0.6753246753246753,0.7954110898661568,0.6603174603174603,0.9651162790697675,0.5424836601307189,0.6945606694560669,0.532051282051282,0.6613545816733067,0.9851632047477745,0.7914183551847437,0.6548323471400395,0.6571428571428571,1.0,0.7931034482758621,0.6571428571428571,1.0,0.6875,0.8148148148148148,0.6875,1.0,1.0,1.0,1.0
CRF28,CRF28,video77,2502,0.9288569144684252,0.8647055116743285,0.9073179390367443,0.8647837587719909,0.7748304484008628,0.9927007299270073,0.7727272727272727,0.8690095846645368,0.768361581920904,0.9335142469470827,0.9927849927849928,0.9622377622377623,0.9272237196765498,0.9572649572649573,0.8057553956834532,0.875,0.7777777777777778,0.9730021598272138,0.9804134929270947,0.9766937669376694,0.9544491525423728,0.7227722772277227,1.0,0.8390804597701149,0.7227722772277227,1.0,0.7995444191343963,0.8886075949367088,0.7995444191343963,0.47368421052631576,1.0,0.6428571428571429,0.47368421052631576
CRF28,CRF28,video78,739,0.9052774018944519,0.9105900027515771,0.8455089560846247,0.870216154209483,0.7738780141230356,1.0,0.7045454545454546,0.8266666666666667,0.7045454545454546,0.9201277955271565,1.0,0.9584026622296172,0.9201277955271565,0.7647058823529411,0.8125,0.787878787878788,0.65,0.9182389937106918,0.9012345679012346,0.9096573208722741,0.8342857142857143,0.8194444444444444,0.9365079365079365,0.874074074074074,0.7763157894736842,0.9516129032258065,0.8082191780821918,0.874074074074074,0.7763157894736842,1.0,0.7555555555555555,0.8607594936708861,0.7555555555555555
CRF28,CRF28,video79,3414,0.9121265377855887,0.8655744024873703,0.7935164890276746,0.7982849374349609,0.6900026356276563,1.0,0.5555555555555556,0.7142857142857143,0.5555555555555556,0.9840954274353877,0.9494884910485933,0.9664822648877319,0.9351385390428212,0.803680981595092,0.9776119402985075,0.8821548821548822,0.7891566265060241,0.9261565836298933,0.9594470046082949,0.9425079221367135,0.8912671232876712,0.7857142857142857,0.8627450980392157,0.8224299065420562,0.6984126984126984,0.6884057971014492,0.9283387622149837,0.7905686546463245,0.6536697247706422,0.8709677419354839,0.32142857142857145,0.46956521739130436,0.3068181818181818
CRF28,CRF28,video80,1724,0.8758700696055685,0.8047017801570967,0.7787045419389337,0.7547886629789212,0.6384745656536328,1.0,0.5087719298245614,0.6744186046511628,0.5087719298245614,0.9710578842315369,0.901760889712697,0.9351273426237386,0.878158844765343,0.9136690647482014,0.9621212121212122,0.937269372693727,0.8819444444444444,0.6857923497267759,0.9543726235741445,0.7980922098569158,0.6640211640211641,0.8444444444444444,0.8260869565217391,0.8351648351648352,0.7169811320754716,0.23076923076923078,0.6818181818181818,0.3448275862068966,0.20833333333333334,0.9871794871794872,0.616,0.7586206896551724,0.6111111111111112
CRF28,CRF35,video49,1671,0.93836026331538,0.9336896242784738,0.9026833754694017,0.910581633670598,0.8406991445333204,1.0,0.6333333333333333,0.7755102040816326,0.6333333333333333,0.9088729016786571,1.0,0.9522613065326633,0.9088729016786571,0.9344262295081968,0.9047619047619048,0.9193548387096775,0.8507462686567164,0.9483333333333334,0.9827288428324698,0.9652247667514843,0.9327868852459016,0.9310344827586207,0.9310344827586207,0.9310344827586207,0.8709677419354839,0.9798270893371758,0.8785529715762274,0.9264305177111717,0.8629441624365483,0.8333333333333334,0.9883720930232558,0.9042553191489361,0.8252427184466019
CRF28,CRF35,video50,1094,0.8802559414990859,0.7854996008644415,0.5575835594699922,0.5998824765942576,0.49763939722856704,1.0,0.19402985074626866,0.325,0.19402985074626866,0.8600311041990669,0.968476357267951,0.9110378912685339,0.8366111951588502,0.9411764705882353,0.45714285714285713,0.6153846153846154,0.4444444444444444,0.9341317365269461,0.9397590361445783,0.9369369369369371,0.8813559322033898,0.7631578947368421,0.9508196721311475,0.8467153284671532,0.7341772151898734,0.0,0.0,0.0,0.0,1.0,0.39285714285714285,0.5641025641025641,0.39285714285714285
CRF28,CRF35,video51,2944,0.8250679347826086,0.8904767885763973,0.8257136356491834,0.8333278784472203,0.7246243096048189,1.0,0.7436974789915967,0.8530120481927711,0.7436974789915967,0.9413357400722022,0.9238263950398583,0.9324988824318284,0.873534338358459,0.9870967741935484,0.48417721518987344,0.6496815286624203,0.4811320754716981,0.592482690405539,0.9950166112956811,0.7427154370737755,0.5907297830374754,0.8198198198198198,0.978494623655914,0.892156862745098,0.8053097345132744,0.9318181818181818,0.8770053475935828,0.9035812672176309,0.8241206030150754,0.9607843137254902,0.7777777777777778,0.8596491228070176,0.7538461538461538
CRF28,CRF35,video52,1966,0.909969481180061,0.8651153273424134,0.9161509551338234,0.877317987842071,0.7929809328281276,0.9722222222222222,0.9545454545454546,0.963302752293578,0.9292035398230089,0.8248686514886164,0.9936708860759493,0.9014354066985646,0.8205574912891986,0.9778761061946902,0.6758409785932722,0.7992766726943943,0.6656626506024096,0.9699248120300752,0.9872448979591837,0.9785082174462705,0.9579207920792079,0.7415730337078652,0.9850746268656716,0.8461538461538461,0.7333333333333333,0.994,0.9036363636363637,0.9466666666666668,0.8987341772151899,0.5753424657534246,0.9130434782608695,0.7058823529411764,0.5454545454545454
CRF28,CRF35,video53,3283,0.9320743222662199,0.8573316746529213,0.8667675356300018,0.8274148383868581,0.7355140726559833,1.0,0.7164179104477612,0.8347826086956522,0.7164179104477612,0.9821092278719398,0.9516423357664233,0.9666357738646896,0.9354260089686098,0.8585858585858586,1.0,0.9239130434782609,0.8585858585858586,0.9887218045112782,0.986496624156039,0.9876079609463012,0.9755192878338279,0.3065326633165829,0.9838709677419355,0.46743295019157094,0.305,0.9320388349514563,0.8067226890756303,0.8648648648648649,0.7619047619047619,0.9333333333333333,0.6222222222222222,0.7466666666666667,0.5957446808510638
CRF28,CRF35,video54,3100,0.8519354838709677,0.8862684386408317,0.8221781009414064,0.8257676645331633,0.7097820830641449,1.0,0.552,0.711340206185567,0.552,0.7522179974651457,1.0,0.8585895117540687,0.7522179974651457,0.9916666666666667,0.6102564102564103,0.7555555555555555,0.6071428571428571,1.0,0.6904500548847421,0.8168831168831169,0.6904500548847421,0.7019230769230769,1.0,0.8248587570621468,0.7019230769230769,0.9977973568281938,0.9114688128772636,0.9526813880126183,0.9096385542168675,0.7602739726027398,0.9910714285714286,0.8604651162790699,0.7551020408163265
CRF28,CRF35,video55,1037,0.9247830279652844,0.897121658852903,0.8562018131839011,0.8680777220793788,0.7814479716734114,1.0,0.8571428571428571,0.923076923076923,0.8571428571428571,0.9183266932270916,1.0,0.9574247144340602,0.9183266932270916,0.7884615384615384,0.5189873417721519,0.6259541984732825,0.45555555555555555,1.0,0.9327217125382263,0.9651898734177216,0.9327217125382263,0.7605633802816901,1.0,0.864,0.7605633802816901,0.8125,0.8478260869565217,0.8297872340425533,0.7090909090909091,1.0,0.8367346938775511,0.9111111111111111,0.8367346938775511
CRF28,CRF35,video56,1834,0.9242093784078517,0.9089246395082533,0.830964179102929,0.8444068714298572,0.7508418320675071,1.0,0.37142857142857144,0.5416666666666666,0.37142857142857144,0.9288702928870293,0.9977528089887641,0.962080173347779,0.9269311064718163,0.9,0.9375,0.9183673469387755,0.8490566037735849,0.9779116465863453,0.9365384615384615,0.9567779960707269,0.9171374764595104,0.725,1.0,0.8405797101449275,0.725,0.9176470588235294,0.75,0.8253968253968255,0.7027027027027027,0.9130434782608695,0.8235294117647058,0.865979381443299,0.7636363636363637
CRF28,CRF35,video57,2632,0.9373100303951368,0.9341464615856933,0.8620230271474582,0.8842236919221643,0.802538059371351,1.0,0.7379310344827587,0.8492063492063493,0.7379310344827587,0.9442270058708415,0.9846938775510204,0.964035964035964,0.9305689488910318,0.9022988505747126,0.7969543147208121,0.8463611859838274,0.7336448598130841,0.9332659251769464,0.9978378378378379,0.9644723092998955,0.9313824419778002,0.7714285714285715,1.0,0.870967741935484,0.7714285714285715,0.9878048780487805,0.5664335664335665,0.72,0.5625,1.0,0.9503105590062112,0.9745222929936307,0.9503105590062112
CRF28,CRF35,video58,5993,0.7235107625563157,0.6902132188075916,0.6755963551138032,0.6482298601727031,0.5078583078670414,0.56,0.175,0.26666666666666666,0.15384615384615385,0.9179163378058406,0.6867434307646885,0.7856780949163992,0.647009735744089,0.39867549668874175,0.4465875370919881,0.42127361791462564,0.26684397163120566,0.5911577028258888,0.978129713423831,0.7369318181818183,0.5834457939721097,0.5957446808510638,0.9491525423728814,0.7320261437908496,0.5773195876288659,0.994413407821229,0.6568265682656826,0.7911111111111111,0.6544117647058824,0.7735849056603774,0.8367346938775511,0.803921568627451,0.6721311475409836
CRF28,CRF35,video59,1046,0.9435946462715105,0.9438000518956006,0.8773886827458256,0.9033015962010559,0.8336910276952704,1.0,1.0,1.0,1.0,0.9700854700854701,1.0,0.9848156182212581,0.9700854700854701,1.0,0.7375,0.8489208633093526,0.7375,0.906832298136646,1.0,0.9511400651465798,0.906832298136646,0.8936170212765957,0.6363636363636364,0.7433628318584069,0.5915492957746479,0.8360655737704918,0.9107142857142857,0.8717948717948717,0.7727272727272727,1.0,0.8571428571428571,0.923076923076923,0.8571428571428571
CRF28,CRF35,video60,2532,0.8281990521327014,0.8544160678803289,0.7472984647222259,0.6985412148385884,0.6184641155170636,1.0,0.826625386996904,0.9050847457627119,0.826625386996904,0.9584120982986768,0.8554555680539933,0.9040118870728083,0.8248373101952278,0.8902439024390244,0.8690476190476191,0.8795180722891567,0.7849462365591398,0.21700223713646533,0.9150943396226415,0.35081374321880654,0.21271929824561403,0.9152542372881356,1.0,0.9557522123893806,0.9152542372881356,1.0,0.02127659574468085,0.04166666666666667,0.02127659574468085,1.0,0.7435897435897436,0.8529411764705882,0.7435897435897436
CRF28,CRF35,video61,4409,0.8816058063052846,0.8546588606970137,0.7420408485768626,0.7286872745436639,0.6063394830138221,1.0,0.7254464285714286,0.8408796895213454,0.7254464285714286,0.7469040247678018,1.0,0.8551174124944616,0.7469040247678018,0.9157894736842105,0.45549738219895286,0.6083916083916083,0.4371859296482412,0.9906502337441564,0.9112587959343237,0.9492974954184484,0.9034883720930232,0.32926829268292684,1.0,0.4954128440366972,0.32926829268292684,1.0,0.3,0.4615384615384615,0.3,1.0,0.8020833333333334,0.8901734104046243,0.8020833333333334
CRF28,CRF35,video62,2032,0.9247047244094488,0.8790745729430938,0.9145175913017571,0.8905322954208399,0.8094564683600308,1.0,1.0,1.0,1.0,0.9194690265486726,0.9710280373831776,0.9445454545454546,0.8949181739879414,0.6538461538461539,0.9714285714285714,0.7816091954022988,0.6415094339622641,0.9902597402597403,0.8714285714285714,0.9270516717325229,0.8640226628895185,0.8518518518518519,0.8518518518518519,0.8518518518518519,0.7419354838709677,0.9047619047619048,0.7835051546391752,0.839779005524862,0.7238095238095238,0.8333333333333334,0.9523809523809523,0.888888888888889,0.8
CRF28,CRF35,video63,3433,0.8453247888144481,0.6664766475057821,0.8062275270657054,0.6623304089059879,0.5282026468998838,1.0,0.425,0.5964912280701754,0.425,0.9292929292929293,0.9371816638370118,0.9332206255283179,0.8748019017432647,0.46875,1.0,0.6382978723404256,0.46875,0.9838056680161943,0.8507658643326039,0.9124618634123445,0.8390159689253345,0.7261410788381742,0.7056451612903226,0.7157464212678937,0.5573248407643312,0.2888283378746594,1.0,0.4482029598308668,0.2888283378746594,0.26851851851851855,0.725,0.39189189189189194,0.24369747899159663
CRF28,CRF35,video64,2398,0.9341117597998332,0.9269605879790896,0.91321589907265,0.9138774218360235,0.8482422675890222,0.9838709677419355,1.0,0.991869918699187,0.9838709677419355,1.0,0.9375,0.967741935483871,0.9375,0.8962264150943396,0.9223300970873787,0.9090909090909091,0.8333333333333334,0.8688147295742232,0.9882198952879581,0.9246785058175139,0.8599088838268792,0.7886178861788617,0.9509803921568627,0.8622222222222222,0.7578125,0.9669421487603306,0.6536312849162011,0.78,0.639344262295082,0.984251968503937,0.9398496240601504,0.9615384615384616,0.9259259259259259
CRF28,CRF35,video65,1873,0.9508809396689802,0.7301761398305132,0.764221630975701,0.7404604456642819,0.6746581658839386,1.0,0.7951807228915663,0.8859060402684563,0.7951807228915663,0.9684095860566448,0.9932960893854749,0.9806949806949806,0.9621212121212122,0.9203539823008849,0.9629629629629629,0.9411764705882353,0.8888888888888888,1.0,0.9723320158102767,0.9859719438877755,0.9723320158102767,0.7741935483870968,0.9230769230769231,0.8421052631578947,0.7272727272727273,0.0,0.0,0.0,0.0,0.4482758620689655,0.7027027027027027,0.5473684210526315,0.37681159420289856
CRF28,CRF35,video66,1824,0.9281798245614035,0.8724044844293611,0.8095331352800318,0.8319630126372051,0.7453472554654548,0.8888888888888888,0.96,0.923076923076923,0.8571428571428571,0.9644444444444444,1.0,0.9819004524886877,0.9644444444444444,0.9333333333333333,0.875,0.9032258064516129,0.8235294117647058,0.9239690721649485,0.9862448418156808,0.9540918163672655,0.9122137404580153,0.7875,0.7590361445783133,0.7730061349693251,0.63,0.6086956521739131,0.32558139534883723,0.42424242424242425,0.2692307692307692,1.0,0.7608695652173914,0.8641975308641976,0.7608695652173914
CRF28,CRF35,video67,2353,0.9018274543136422,0.8178871217017601,0.918413792915106,0.8436506441772315,0.7450863553401855,1.0,0.7150259067357513,0.8338368580060423,0.7150259067357513,0.932934131736527,0.9153936545240893,0.9240806642941873,0.8588754134509372,0.7647058823529411,0.9541284403669725,0.8489795918367347,0.7375886524822695,0.9521785334750266,0.9050505050505051,0.9280165717244951,0.8657004830917875,0.608,0.9620253164556962,0.7450980392156863,0.59375,0.4673913043478261,1.0,0.6370370370370371,0.4673913043478261,1.0,0.9772727272727273,0.9885057471264368,0.9772727272727273
CRF28,CRF35,video68,1972,0.9213995943204868,0.8989564338370007,0.8471833083755153,0.8377374334998772,0.7483703352860834,1.0,0.38235294117647056,0.5531914893617021,0.38235294117647056,0.927765237020316,0.9939540507859734,0.9597197898423817,0.9225589225589226,0.930635838150289,0.9938271604938271,0.9611940298507463,0.9252873563218391,0.9943074003795066,0.9831144465290806,0.9886792452830188,0.9776119402985075,0.8918918918918919,0.9565217391304348,0.9230769230769231,0.8571428571428571,0.9918032786885246,0.6205128205128205,0.7634069400630915,0.6173469387755102,0.5562913907284768,1.0,0.7148936170212765,0.5562913907284768
CRF28,CRF35,video69,4575,0.9645901639344262,0.8225866886755052,0.7558128119057445,0.7861368319302116,0.7324262352834359,0.9841269841269841,0.8985507246376812,0.9393939393939393,0.8857142857142857,0.9929494712103408,0.9994086339444116,0.9961685823754791,0.9923664122137404,1.0,0.865234375,0.9277486910994764,0.865234375,0.9686120647376165,0.9949622166246851,0.981610337972167,0.9638848218643241,0.8235294117647058,0.7586206896551724,0.7897435897435897,0.652542372881356,0.0,0.0,0.0,0.0,0.9888888888888889,0.7739130434782608,0.8682926829268293,0.7672413793103449
CRF28,CRF35,video70,1194,0.8994974874371859,0.7877579843556796,0.7661794844128416,0.7667704058248878,0.700573337822564,0.8536585365853658,1.0,0.9210526315789475,0.8536585365853658,0.966796875,0.9880239520958084,0.977295162882527,0.9555984555984556,0.9425287356321839,0.82,0.877005347593583,0.780952380952381,0.8144796380090498,0.9863013698630136,0.8921933085501859,0.8053691275167785,0.9368421052631579,0.978021978021978,0.956989247311828,0.9175257731958762,0.0,0.0,0.0,0.0,1.0,0.5909090909090909,0.7428571428571429,0.5909090909090909
CRF28,CRF35,video71,2515,0.862027833001988,0.7625521240249246,0.7107568421867461,0.7266193329926771,0.639832395270869,0.9722222222222222,0.9722222222222222,0.9722222222222222,0.9459459459459459,0.9274269557021678,0.816597510373444,0.8684907325684025,0.7675507020280812,0.7627118644067796,0.7377049180327869,0.7500000000000001,0.6,0.7866149369544132,0.8941565600882029,0.8369453044375645,0.7196095829636202,0.8888888888888888,0.9893992932862191,0.9364548494983278,0.8805031446540881,0.0,0.0,0.0,0.0,1.0,0.5652173913043478,0.7222222222222222,0.5652173913043478
CRF28,CRF35,video72,3106,0.8467482292337412,0.8366652416332275,0.8606499874445745,0.8182261607992736,0.7048403516893336,1.0,0.48905109489051096,0.6568627450980392,0.48905109489051096,0.8557971014492753,1.0,0.9222959781335416,0.8557971014492753,0.7432432432432432,0.9734513274336283,0.8429118773946359,0.7284768211920529,1.0,0.6819699499165276,0.8109181141439206,0.6819699499165276,0.6814159292035398,0.9871794871794872,0.8062827225130891,0.6754385964912281,0.5762004175365344,0.9484536082474226,0.7168831168831168,0.5587044534412956,1.0,0.9444444444444444,0.9714285714285714,0.9444444444444444
CRF28,CRF35,video73,1356,0.9601769911504425,0.9514852676389408,0.9224506308672231,0.9321398264692773,0.8778893191514481,1.0,0.9072164948453608,0.9513513513513514,0.9072164948453608,0.9752321981424149,1.0,0.9874608150470219,0.9752321981424149,1.0,0.7403846153846154,0.850828729281768,0.7403846153846154,0.9225806451612903,0.9965156794425087,0.9581239530988275,0.9196141479099679,0.7719298245614035,0.9361702127659575,0.8461538461538461,0.7333333333333333,0.9906542056074766,0.8907563025210085,0.9380530973451328,0.8833333333333333,1.0,0.9861111111111112,0.993006993006993,0.9861111111111112
CRF28,CRF35,video74,1634,0.7925336597307222,0.8157783742117658,0.6597525112607391,0.7081778843269947,0.6140356982248141,1.0,0.5747126436781609,0.7299270072992701,0.5747126436781609,0.8994974874371859,0.8647342995169082,0.8817733990147784,0.788546255506608,1.0,0.8682170542635659,0.9294605809128631,0.8682170542635659,0.802547770700637,0.8910891089108911,0.8445040214477212,0.7308584686774942,0.9607843137254902,0.9607843137254902,0.9607843137254902,0.9245283018867925,0.047619047619047616,0.07777777777777778,0.0590717299578059,0.030434782608695653,1.0,0.38095238095238093,0.5517241379310345,0.38095238095238093
CRF28,CRF35,video75,1923,0.7987519500780031,0.7322931326768078,0.674213771005487,0.6756904851087376,0.5721932270305202,1.0,0.48360655737704916,0.6519337016574586,0.48360655737704916,0.5276243093922652,1.0,0.6907775768535263,0.5276243093922652,0.6119402985074627,0.7321428571428571,0.6666666666666667,0.5,0.9944873208379272,0.7567114093959731,0.859456884230586,0.7535505430242272,0.992,0.8985507246376812,0.9429657794676806,0.8920863309352518,0.0,0.0,0.0,0.0,1.0,0.8484848484848485,0.9180327868852458,0.8484848484848485
CRF28,CRF35,video76,2649,0.7304643261608154,0.8714689751398595,0.6347112390337701,0.646924973805712,0.5215622093779307,1.0,0.1,0.18181818181818182,0.1,0.958139534883721,0.6688311688311688,0.7877629063097514,0.6498422712933754,0.9928571428571429,0.3028322440087146,0.4641068447412354,0.30217391304347824,0.6117861482381531,0.9960435212660732,0.7579977418140761,0.6103030303030303,0.6,0.9565217391304348,0.7374301675977655,0.584070796460177,0.9375,0.46875,0.625,0.45454545454545453,1.0,0.95,0.9743589743589743,0.95
CRF28,CRF35,video77,2502,0.8852917665867306,0.8439040868731743,0.8651130948569915,0.8231513836889863,0.7100415976093865,1.0,0.5909090909090909,0.7428571428571429,0.5909090909090909,0.8112543962485346,0.9985569985569985,0.8952134540750324,0.810304449648712,0.990990990990991,0.7913669064748201,0.8799999999999999,0.7857142857142857,0.9801169590643275,0.911860718171926,0.9447576099210823,0.8952991452991453,0.6403508771929824,1.0,0.7807486631016043,0.6403508771929824,1.0,0.7630979498861048,0.8656330749354005,0.7630979498861048,0.4846153846153846,1.0,0.6528497409326425,0.4846153846153846
CRF28,CRF35,video78,739,0.8105548037889039,0.8320282561003662,0.699497396855518,0.7105488377926682,0.5890990689652101,1.0,0.6363636363636364,0.7777777777777778,0.6363636363636364,0.9,1.0,0.9473684210526316,0.9,0.6956521739130435,0.75,0.7218045112781954,0.5647058823529412,0.6878048780487804,0.8703703703703703,0.768392370572207,0.6238938053097345,0.7407407407407407,0.9523809523809523,0.8333333333333334,0.7142857142857143,0.8,0.1095890410958904,0.19277108433734938,0.10666666666666667,1.0,0.5777777777777777,0.732394366197183,0.5777777777777777
CRF28,CRF35,video79,3414,0.864381956649092,0.8536271109104009,0.7364385285670266,0.7504059575612236,0.6260039161348239,1.0,0.4074074074074074,0.5789473684210525,0.4074074074074074,0.9757531227038942,0.8491048593350383,0.9080341880341881,0.8315591734502191,0.6989247311827957,0.9701492537313433,0.8125,0.6842105263157895,0.8248847926267281,0.9898617511520738,0.8998743192291578,0.817974105102818,0.975,0.7647058823529411,0.857142857142857,0.75,0.6674937965260546,0.8762214983713354,0.7577464788732394,0.6099773242630385,0.8333333333333334,0.2976190476190476,0.4385964912280702,0.2808988764044944
CRF28,CRF35,video80,1724,0.8590487238979119,0.7403334703780111,0.7078357856912633,0.6908481840568358,0.570690610653106,1.0,0.5263157894736842,0.6896551724137931,0.5263157894736842,0.9726720647773279,0.8906394810009268,0.9298500241896469,0.8688969258589512,0.8888888888888888,0.9696969696969697,0.927536231884058,0.8648648648648649,0.6649350649350649,0.973384030418251,0.7901234567901233,0.6530612244897959,0.5507246376811594,0.8260869565217391,0.6608695652173914,0.4935064935064935,0.13636363636363635,0.2727272727272727,0.1818181818181818,0.1,0.96875,0.496,0.656084656084656,0.4881889763779528
CRF28,CRF51,video49,1671,0.8731298623578695,0.8427239820400203,0.7636557103707725,0.7588499097714652,0.6438026470754761,1.0,0.3888888888888889,0.56,0.3888888888888889,0.7621951219512195,0.9894459102902374,0.8610792192881745,0.7560483870967742,0.7407407407407407,0.31746031746031744,0.4444444444444444,0.2857142857142857,0.9928057553956835,0.9533678756476683,0.9726872246696036,0.9468267581475128,0.8555555555555555,0.8850574712643678,0.8700564971751412,0.77,1.0,0.8113695090439277,0.8958630527817404,0.8113695090439277,0.5477707006369427,1.0,0.7078189300411523,0.5477707006369427
CRF28,CRF51,video50,1094,0.79981718464351,0.6229358938933407,0.4741020090105154,0.48113313627838405,0.3904418082273093,1.0,0.16417910447761194,0.28205128205128205,0.16417910447761194,0.8955512572533849,0.8108581436077058,0.8511029411764706,0.7408,0.0,0.0,0.0,0.0,0.6916666666666667,1.0,0.8177339901477833,0.6916666666666667,0.7733333333333333,0.9508196721311475,0.8529411764705883,0.7435897435897436,0.0,0.0,0.0,0.0,1.0,0.39285714285714285,0.5641025641025641,0.39285714285714285
CRF28,CRF51,video51,2944,0.7258831521739131,0.8587397724559798,0.6830544143906786,0.687013289581216,0.5613817892472495,1.0,0.7773109243697479,0.8747044917257684,0.7773109243697479,0.7947955390334572,0.9468556244464128,0.8641875505254648,0.7608540925266903,0.9666666666666667,0.13765822784810128,0.24099722991689754,0.13700787401574804,0.543557168784029,0.9950166112956811,0.7030516431924884,0.5420814479638009,0.8230088495575221,1.0,0.9029126213592232,0.8230088495575221,0.9857142857142858,0.3689839572192513,0.5369649805447472,0.3670212765957447,0.8974358974358975,0.5555555555555556,0.6862745098039216,0.5223880597014925
CRF28,CRF51,video52,1966,0.8433367243133265,0.8421842762631007,0.8294532779689235,0.8005403188221545,0.6841175281738401,0.9722222222222222,0.6363636363636364,0.7692307692307692,0.625,0.7184170471841704,0.9957805907172996,0.8346595932802829,0.716236722306525,0.9850746268656716,0.4036697247706422,0.5726681127982647,0.4012158054711246,0.8803611738148984,0.9948979591836735,0.9341317365269461,0.8764044943820225,0.5470085470085471,0.9552238805970149,0.6956521739130436,0.5333333333333333,0.9959100204498977,0.8854545454545455,0.9374398460057747,0.8822463768115942,0.7962962962962963,0.9347826086956522,0.8599999999999999,0.7543859649122807
CRF28,CRF51,video53,3283,0.907097167225099,0.846232694534032,0.7557541598523686,0.7464873905645815,0.6255273997452935,1.0,0.5074626865671642,0.6732673267326732,0.5074626865671642,0.9202350965575147,1.0,0.9584608657630083,0.9202350965575147,0.765625,0.5764705882352941,0.6577181208053692,0.49,0.9754977029096478,0.9557389347336834,0.9655172413793104,0.9333333333333333,0.29523809523809524,1.0,0.45588235294117646,0.29523809523809524,0.967032967032967,0.7394957983193278,0.8380952380952381,0.7213114754098361,1.0,0.5111111111111111,0.676470588235294,0.5111111111111111
CRF28,CRF51,video54,3100,0.752258064516129,0.7802242508842699,0.61583515172085,0.6258444927147176,0.4973294865326326,1.0,0.24,0.3870967741935484,0.24,0.6392030156165859,1.0,0.7798948751642575,0.6392030156165859,0.5428571428571428,0.09743589743589744,0.16521739130434782,0.09004739336492891,1.0,0.6333699231613611,0.775537634408602,0.6333699231613611,0.7156862745098039,1.0,0.8342857142857142,0.7156862745098039,0.9820051413881749,0.7686116700201208,0.8623024830699775,0.7579365079365079,0.5818181818181818,0.5714285714285714,0.5765765765765765,0.4050632911392405
CRF28,CRF51,video55,1037,0.8418514946962391,0.7315432124568336,0.6155842358597094,0.6302458935535559,0.5180215136523425,1.0,0.47619047619047616,0.6451612903225806,0.47619047619047616,0.8144876325088339,1.0,0.8977604673807206,0.8144876325088339,0.0,0.0,0.0,0.0,0.9591194968553459,0.9327217125382263,0.9457364341085271,0.8970588235294118,0.574468085106383,1.0,0.7297297297297298,0.574468085106383,0.7727272727272727,0.3695652173913043,0.4999999999999999,0.3333333333333333,1.0,0.5306122448979592,0.6933333333333334,0.5306122448979592
CRF28,CRF51,video56,1834,0.846782988004362,0.8261865307331643,0.5780719980299811,0.5942005092193211,0.47090274084395223,1.0,0.17142857142857143,0.2926829268292683,0.17142857142857143,0.873405299313052,1.0,0.9324253535882661,0.873405299313052,0.7619047619047619,0.3333333333333333,0.463768115942029,0.3018867924528302,0.9042145593869731,0.9076923076923077,0.9059500959692899,0.8280701754385965,0.5771144278606966,1.0,0.7318611987381703,0.5771144278606966,1.0,0.16346153846153846,0.2809917355371901,0.16346153846153846,0.6666666666666666,0.47058823529411764,0.5517241379310345,0.38095238095238093
CRF28,CRF51,video57,2632,0.6519756838905775,0.6340364998241326,0.5235721444003539,0.5137336970432462,0.3902873661706793,1.0,0.10344827586206896,0.1875,0.10344827586206896,0.6792207792207792,0.5336734693877551,0.5977142857142858,0.4262428687856561,0.6436170212765957,0.6142131979695431,0.6285714285714286,0.4583333333333333,0.6195499296765119,0.9524324324324325,0.7507456327226245,0.6009549795361528,0.49586776859504134,0.7407407407407407,0.594059405940594,0.4225352112676056,0.0,0.0,0.0,0.0,1.0,0.7204968944099379,0.8375451263537906,0.7204968944099379
CRF28,CRF51,video58,5993,0.5903554146504255,0.48462702615202186,0.3695520519815208,0.3668638530404082,0.25876016735085017,0.4375,0.175,0.24999999999999994,0.14285714285714285,0.7336591325595602,0.7091821671095364,0.7212130310764149,0.5639821554355483,0.17142857142857143,0.008902077151335312,0.01692524682651622,0.008534850640113799,0.4046401887534408,0.7760180995475113,0.5319203928663737,0.36232394366197185,0.6451612903225806,0.6779661016949152,0.6611570247933884,0.49382716049382713,0.0,0.0,0.0,0.0,1.0,0.23979591836734693,0.38683127572016457,0.23979591836734693
CRF28,CRF51,video59,1046,0.8537284894837476,0.8828670814460223,0.6415326736755309,0.6993186437289658,0.5788521914177613,1.0,0.37142857142857144,0.5416666666666666,0.37142857142857144,0.8423005565862709,1.0,0.9144008056394763,0.8423005565862709,1.0,0.225,0.36734693877551017,0.225,0.8957055214723927,1.0,0.9449838187702265,0.8957055214723927,0.49206349206349204,0.4696969696969697,0.48062015503875966,0.3163265306122449,0.95,0.6785714285714286,0.7916666666666667,0.6551724137931034,1.0,0.746031746031746,0.8545454545454546,0.746031746031746
CRF28,CRF51,video60,2532,0.7606635071090048,0.6884534645320783,0.5414801646739869,0.5250310640705987,0.40859804233351044,1.0,0.34674922600619196,0.5149425287356322,0.34674922600619196,0.8473486877343331,0.889763779527559,0.8680384087791496,0.7668444013572467,0.5925925925925926,0.19047619047619047,0.2882882882882883,0.16842105263157894,0.2486910994764398,0.8962264150943396,0.38934426229508196,0.24173027989821882,0.8448275862068966,0.9074074074074074,0.875,0.7777777777777778,0.2857142857142857,0.02127659574468085,0.039603960396039604,0.020202020202020204,1.0,0.5384615384615384,0.7000000000000001,0.5384615384615384
CRF28,CRF51,video61,4409,0.7727375822181901,0.5445731701009419,0.5731678190200008,0.514885223415498,0.41227199440981444,1.0,0.45982142857142855,0.6299694189602446,0.45982142857142855,0.5430500844119303,1.0,0.7038657913931436,0.5430500844119303,0.0,0.0,0.0,0.0,0.972922502334267,0.8146989835809226,0.8868085106382979,0.7966360856269113,0.39603960396039606,0.9876543209876543,0.5653710247349824,0.39408866995073893,0.0,0.0,0.0,0.0,0.9,0.75,0.8181818181818182,0.6923076923076923
CRF28,CRF51,video62,2032,0.8065944881889764,0.8450725817060327,0.8195134653619506,0.8260741571260628,0.709084505553256,1.0,0.8,0.888888888888889,0.8,0.8101811906816221,0.8775700934579439,0.8425302826379543,0.727906976744186,0.8813559322033898,0.7428571428571429,0.8062015503875969,0.6753246753246753,0.7893890675241158,0.7014285714285714,0.7428139183055976,0.5908543922984356,0.6571428571428571,0.8518518518518519,0.7419354838709677,0.5897435897435898,0.9024390243902439,0.7628865979381443,0.8268156424581006,0.7047619047619048,0.875,1.0,0.9333333333333333,0.875
CRF28,CRF51,video63,3433,0.7328866880279639,0.646887472954137,0.6787106247654854,0.5719594898850574,0.4535531944339937,1.0,0.375,0.5454545454545454,0.375,0.9192982456140351,0.8896434634974533,0.904227782571182,0.8251968503937008,0.7377049180327869,1.0,0.8490566037735848,0.7377049180327869,0.9683257918552036,0.749234135667396,0.844806316308907,0.7313114053823152,0.5909090909090909,0.2620967741935484,0.36312849162011174,0.22184300341296928,0.13766233766233765,1.0,0.2420091324200913,0.13766233766233765,0.1743119266055046,0.475,0.2550335570469799,0.14615384615384616
CRF28,CRF51,video64,2398,0.8294412010008341,0.724908990647708,0.6947669383106917,0.6554982034144828,0.5676418588571265,0.7530864197530864,1.0,0.8591549295774648,0.7530864197530864,0.9321705426356589,0.9109848484848485,0.9214559386973181,0.8543516873889876,0.0,0.0,0.0,0.0,0.731041456016178,0.9463350785340314,0.8248716486023959,0.7019417475728156,0.6580645161290323,1.0,0.7937743190661478,0.6580645161290323,1.0,0.1564245810055866,0.27053140096618356,0.1564245810055866,1.0,0.849624060150376,0.9186991869918699,0.849624060150376
CRF28,CRF51,video65,1873,0.9711692471970101,0.8254876600389033,0.8171142391938621,0.8200104573890118,0.7868464546157327,1.0,0.8875502008032129,0.9404255319148938,0.8875502008032129,0.9561965811965812,1.0,0.977607864554888,0.9561965811965812,0.979381443298969,0.8796296296296297,0.926829268292683,0.8636363636363636,1.0,0.9782608695652174,0.989010989010989,0.9782608695652174,0.8941176470588236,0.9743589743589743,0.9325153374233129,0.8735632183908046,0.0,0.0,0.0,0.0,0.9487179487179487,1.0,0.9736842105263158,0.9487179487179487
CRF28,CRF51,video66,1824,0.8086622807017544,0.749456993845483,0.6023880210315038,0.5872904527384915,0.4962118188347388,1.0,0.52,0.6842105263157895,0.52,0.7233333333333334,1.0,0.8394584139264991,0.7233333333333334,0.0,0.0,0.0,0.0,0.9424460431654677,0.9009628610729024,0.9212376933895922,0.8539765319426337,0.5804195804195804,1.0,0.7345132743362832,0.5804195804195804,1.0,0.03488372093023256,0.06741573033707865,0.03488372093023256,1.0,0.7608695652173914,0.8641975308641976,0.7608695652173914
CRF28,CRF51,video67,2353,0.8890777730556736,0.8240094284421283,0.8434708750050687,0.803119694552959,0.6911607714507139,1.0,0.48704663212435234,0.6550522648083624,0.48704663212435234,0.8937768240343348,0.9788484136310224,0.9343802579921481,0.8768421052631579,0.8043478260869565,0.6788990825688074,0.7363184079601991,0.5826771653543307,0.9621212121212122,0.897979797979798,0.9289446185997912,0.8673170731707317,0.47878787878787876,1.0,0.6475409836065573,0.47878787878787876,0.6290322580645161,0.9069767441860465,0.7428571428571429,0.5909090909090909,1.0,0.9545454545454546,0.9767441860465117,0.9545454545454546
CRF28,CRF51,video68,1972,0.8514198782961461,0.8405961587712317,0.7356995464986932,0.7133484092273404,0.5818844599286325,1.0,0.3333333333333333,0.5,0.3333333333333333,0.8394308943089431,0.9987908101571947,0.9122032026504694,0.8385786802030457,0.9506172839506173,0.47530864197530864,0.6337448559670782,0.463855421686747,0.9866156787762906,0.9681050656660413,0.9772727272727273,0.9555555555555556,0.5655737704918032,1.0,0.7225130890052355,0.5655737704918032,1.0,0.37435897435897436,0.5447761194029851,0.37435897435897436,0.5419354838709678,1.0,0.7029288702928871,0.5419354838709678
CRF28,CRF51,video69,4575,0.8496174863387979,0.7942564153955599,0.5747936546499808,0.5947408195607775,0.5236072317579245,1.0,0.4057971014492754,0.577319587628866,0.4057971014492754,0.9425617461229179,0.9704316972205795,0.9562937062937064,0.916247906197655,1.0,0.0078125,0.015503875968992248,0.0078125,0.7956115400243803,0.9863979848866499,0.880791722896986,0.7869774919614148,0.8216216216216217,0.7487684729064039,0.7835051546391752,0.6440677966101694,0.0,0.0,0.0,0.0,1.0,0.9043478260869565,0.9497716894977168,0.9043478260869565
CRF28,CRF51,video70,1194,0.8165829145728644,0.7525385452109804,0.6019900842016688,0.5738683975521502,0.5006954370554084,0.8333333333333334,1.0,0.9090909090909091,0.8333333333333334,0.8192371475953566,0.9860279441117764,0.894927536231884,0.8098360655737705,1.0,0.01,0.019801980198019802,0.01,0.8116279069767441,0.9561643835616438,0.8779874213836477,0.7825112107623319,0.8035714285714286,0.989010989010989,0.8866995073891626,0.7964601769911505,0.0,0.0,0.0,0.0,1.0,0.2727272727272727,0.42857142857142855,0.2727272727272727
CRF28,CRF51,video71,2515,0.856858846918489,0.657956226175143,0.4278536679057372,0.4645934186113088,0.3832189935823863,1.0,0.2222222222222222,0.3636363636363636,0.2222222222222222,0.8517017828200972,0.8721991701244813,0.861828618286183,0.7572046109510087,0.0,0.0,0.0,0.0,0.8506304558680893,0.9669239250275634,0.9050567595459236,0.8265786993402451,0.9033613445378151,0.7597173144876325,0.8253358925143954,0.7026143790849673,0.0,0.0,0.0,0.0,1.0,0.17391304347826086,0.29629629629629634,0.17391304347826086
CRF28,CRF51,video72,3106,0.8293625241468127,0.8377961938406636,0.8046347081311047,0.7917131997062317,0.6661882659921851,1.0,0.44525547445255476,0.6161616161616161,0.44525547445255476,0.7589974293059126,1.0,0.8629886737303618,0.7589974293059126,0.6956521739130435,0.7079646017699115,0.7017543859649122,0.5405405405405406,1.0,0.6786310517529215,0.8085529587270015,0.6786310517529215,0.624,1.0,0.7684729064039408,0.624,0.7859237536656891,0.9209621993127147,0.8481012658227848,0.7362637362637363,1.0,0.8796296296296297,0.9359605911330049,0.8796296296296297
CRF28,CRF51,video73,1356,0.9292035398230089,0.9338696845059286,0.8646373085710458,0.883346783220941,0.8016052100928496,1.0,0.7216494845360825,0.8383233532934131,0.7216494845360825,0.9143686502177069,1.0,0.9552691432903715,0.9143686502177069,1.0,0.5673076923076923,0.7239263803680982,0.5673076923076923,0.9534883720930233,1.0,0.9761904761904763,0.9534883720930233,0.7076923076923077,0.9787234042553191,0.8214285714285715,0.696969696969697,0.9615384615384616,0.8403361344537815,0.8968609865470852,0.8130081300813008,1.0,0.9444444444444444,0.9714285714285714,0.9444444444444444
CRF28,CRF51,video74,1634,0.6144430844553244,0.6841971603092702,0.5759002804870292,0.6009533332818434,0.43720001355742266,1.0,0.39080459770114945,0.5619834710743802,0.39080459770114945,0.5333333333333333,0.714975845410628,0.6109391124871001,0.4398216939078752,0.5,0.4418604651162791,0.46913580246913583,0.3064516129032258,0.661042944785276,0.6096181046676096,0.6342899190581309,0.4644396551724138,0.7757009345794392,0.8137254901960784,0.7942583732057417,0.6587301587301587,0.45045045045045046,0.5555555555555556,0.4975124378109453,0.33112582781456956,0.8688524590163934,0.5047619047619047,0.6385542168674699,0.4690265486725664
CRF28,CRF51,video75,1923,0.8819552782111284,0.7195263826834156,0.5732052030246079,0.579266734797336,0.506972545249735,1.0,0.30327868852459017,0.46540880503144655,0.30327868852459017,0.6463620981387479,1.0,0.7852004110996916,0.6463620981387479,0.5,0.017857142857142856,0.03448275862068965,0.017543859649122806,1.0,0.9337248322147651,0.9657266811279827,0.9337248322147651,0.8903225806451613,1.0,0.9419795221843004,0.8903225806451613,0.0,0.0,0.0,0.0,1.0,0.7575757575757576,0.8620689655172413,0.7575757575757576
CRF28,CRF51,video76,2649,0.676481691204228,0.7768268616371674,0.580001317210036,0.5704047418061339,0.4431951169794918,1.0,0.2,0.33333333333333337,0.2,0.9625,0.6666666666666666,0.7877237851662403,0.6497890295358649,0.5555555555555556,0.010893246187363835,0.021367521367521368,0.01079913606911447,0.5707814269535674,0.9970326409495549,0.7259632697155203,0.5698134539287734,0.5307692307692308,1.0,0.6934673366834171,0.5307692307692308,0.8181818181818182,0.46875,0.5960264900662251,0.42452830188679247,1.0,0.7166666666666667,0.8349514563106796,0.7166666666666667
CRF28,CRF51,video77,2502,0.9020783373301359,0.8654696149409978,0.8375060590505586,0.80869762073187,0.7038899685939989,1.0,0.3352272727272727,0.502127659574468,0.3352272727272727,0.84,1.0,0.9130434782608696,0.84,1.0,0.7482014388489209,0.8559670781893004,0.7482014388489209,0.9713983050847458,0.9978237214363439,0.9844337090713904,0.9693446088794926,0.7346938775510204,0.9863013698630136,0.8421052631578948,0.7272727272727273,1.0,0.7949886104783599,0.8857868020304568,0.7949886104783599,0.5121951219512195,1.0,0.6774193548387097,0.5121951219512195
CRF28,CRF51,video78,739,0.7225981055480379,0.7015203493277038,0.5404086998020461,0.5425110244878678,0.4310480077387532,1.0,0.4772727272727273,0.6461538461538462,0.4772727272727273,0.7598944591029023,1.0,0.8635682158920539,0.7598944591029023,0.0,0.0,0.0,0.0,0.6545454545454545,0.8888888888888888,0.7539267015706806,0.6050420168067226,0.6962025316455697,0.873015873015873,0.7746478873239436,0.632183908045977,0.8,0.0547945205479452,0.10256410256410256,0.05405405405405406,1.0,0.4888888888888889,0.6567164179104478,0.4888888888888889
CRF28,CRF51,video79,3414,0.8254247217340364,0.8429985039918952,0.6662378315156563,0.6804013166934834,0.5631120041415422,1.0,0.12962962962962962,0.22950819672131148,0.12962962962962962,0.9806114839671887,0.8407928388746803,0.9053356282271945,0.8270440251572327,0.788235294117647,1.0,0.8815789473684211,0.788235294117647,0.7262228260869565,0.9852534562211982,0.8361360969886587,0.7184139784946236,0.8737864077669902,0.8823529411764706,0.8780487804878048,0.782608695652174,0.5482625482625483,0.46254071661237783,0.5017667844522968,0.33490566037735847,0.9838709677419355,0.3630952380952381,0.5304347826086956,0.3609467455621302
CRF28,CRF51,video80,1724,0.7134570765661253,0.6786655066164131,0.4751593721125543,0.49048309639586846,0.3604437187601799,1.0,0.17543859649122806,0.29850746268656714,0.17543859649122806,0.9159192825112108,0.7571825764596849,0.8290208016235413,0.7079722703639515,0.9375,0.5681818181818182,0.7075471698113207,0.5474452554744526,0.39723926380368096,0.9847908745247148,0.566120218579235,0.3948170731707317,0.5,0.45652173913043476,0.47727272727272724,0.31343283582089554,0.0,0.0,0.0,0.0,1.0,0.384,0.5549132947976879,0.384
CRF35,Original,video49,1671,0.943147815679234,0.927532956099727,0.8939770019825773,0.9035267397870551,0.8307159013138347,1.0,0.6111111111111112,0.7586206896551725,0.6111111111111112,0.8942307692307693,0.9815303430079155,0.9358490566037736,0.8794326241134752,0.8709677419354839,0.8571428571428571,0.864,0.7605633802816901,0.9875444839857651,0.9585492227979274,0.9728308501314635,0.947098976109215,0.8817204301075269,0.9425287356321839,0.9111111111111111,0.8367346938775511,0.9593908629441624,0.9767441860465116,0.967989756722151,0.9379652605459057,0.898876404494382,0.9302325581395349,0.9142857142857143,0.8421052631578947
CRF35,Original,video50,1094,0.7879341864716636,0.7642754759110978,0.5239637083889677,0.5551653008228786,0.43944882085055703,1.0,0.1791044776119403,0.30379746835443033,0.1791044776119403,0.8543307086614174,0.7600700525394045,0.8044485634847081,0.6728682170542636,1.0,0.37142857142857144,0.5416666666666666,0.37142857142857144,0.7033898305084746,1.0,0.8258706467661692,0.7033898305084746,0.7922077922077922,1.0,0.8840579710144928,0.7922077922077922,0.0,0.0,0.0,0.0,1.0,0.35714285714285715,0.5263157894736842,0.35714285714285715
CRF35,Original,video51,2944,0.7004076086956522,0.8615167843053703,0.7812865224547647,0.7818030796558066,0.6707079449680258,1.0,0.9285714285714286,0.962962962962963,0.9285714285714286,0.9389027431421446,0.66696191319752,0.7799067840497151,0.6392190152801358,0.871244635193133,0.3212025316455696,0.4693641618497109,0.3066465256797583,0.43623188405797103,1.0,0.6074672048435923,0.43623188405797103,0.8811881188118812,0.956989247311828,0.9175257731958764,0.8476190476190476,0.9215686274509803,0.7540106951871658,0.8294117647058824,0.7085427135678392,0.9814814814814815,0.8412698412698413,0.905982905982906,0.828125
CRF35,Original,video52,1966,0.917090539165819,0.9259911819179997,0.9163078828602826,0.9103318673774677,0.8449063588763802,0.9734513274336283,1.0,0.9865470852017937,0.9734513274336283,0.790268456375839,0.9936708860759493,0.8803738317757009,0.7863105175292153,0.9948453608247423,0.5902140672782875,0.7408829174664109,0.5884146341463414,0.9748743718592965,0.9897959183673469,0.9822784810126581,0.9651741293532339,0.8072289156626506,1.0,0.8933333333333333,0.8072289156626506,0.9888888888888889,0.9709090909090909,0.9798165137614678,0.960431654676259,0.9523809523809523,0.8695652173913043,0.909090909090909,0.8333333333333334
CRF35,Original,video53,3283,0.9156259518732867,0.8070424169440342,0.8562874210015325,0.8004849568419117,0.6975934333380175,1.0,0.7611940298507462,0.864406779661017,0.7611940298507462,0.9788461538461538,0.9288321167883211,0.9531835205992508,0.9105545617173524,0.7745098039215687,0.9294117647058824,0.8449197860962567,0.7314814814814815,0.9760986892829607,0.9497374343585896,0.9627376425855514,0.9281524926686217,0.3024390243902439,1.0,0.4644194756554307,0.3024390243902439,0.9147005444646098,0.8470588235294118,0.8795811518324607,0.7850467289719626,0.7027027027027027,0.5777777777777777,0.6341463414634145,0.4642857142857143
CRF35,Original,video54,3100,0.8945161290322581,0.9180233218390683,0.8476154485972217,0.8643155229695088,0.7687894643585694,1.0,0.608,0.7562189054726367,0.608,0.809134287661895,1.0,0.894498869630746,0.809134287661895,0.983739837398374,0.6205128205128205,0.761006289308176,0.6142131979695431,0.997275204359673,0.8035126234906695,0.8899696048632217,0.8017524644030668,0.7373737373737373,1.0,0.8488372093023255,0.7373737373737373,0.98559670781893,0.9637826961770624,0.9745676500508648,0.9503968253968254,0.9130434782608695,0.9375,0.9251101321585903,0.860655737704918
CRF35,Original,video55,1037,0.9161041465766635,0.8847854751481646,0.8206887808893436,0.8203447323457832,0.727140086489881,1.0,1.0,1.0,1.0,0.9275653923541247,1.0,0.9624217118997912,0.9275653923541247,0.9333333333333333,0.5316455696202531,0.6774193548387096,0.5121951219512195,0.9968152866242038,0.9571865443425076,0.9765990639625585,0.9542682926829268,0.7941176470588235,1.0,0.8852459016393442,0.7941176470588235,0.5416666666666666,0.8478260869565217,0.6610169491525423,0.4936708860759494,1.0,0.40816326530612246,0.5797101449275363,0.40816326530612246
CRF35,Original,video56,1834,0.8107960741548528,0.8223438434465827,0.812843720029066,0.78571995013272,0.6551406568187229,1.0,0.4380952380952381,0.609271523178808,0.4380952380952381,0.9200524246395806,0.7887640449438202,0.8493647912885663,0.7381703470031545,0.6388888888888888,0.9583333333333334,0.7666666666666666,0.6216216216216216,0.7271241830065359,0.8557692307692307,0.7862190812720847,0.6477438136826783,0.5918367346938775,1.0,0.7435897435897436,0.5918367346938775,0.8785046728971962,0.9038461538461539,0.8909952606635071,0.8034188034188035,1.0,0.7450980392156863,0.8539325842696629,0.7450980392156863
CRF35,Original,video57,2632,0.9042553191489362,0.9007168845757685,0.8833197305950258,0.8806523154725682,0.8006219606339242,1.0,0.9724137931034482,0.9860139860139859,0.9724137931034482,0.9928400954653938,0.8489795918367347,0.9152915291529152,0.8438133874239351,0.6529850746268657,0.8883248730964467,0.7526881720430109,0.603448275862069,0.8736942070275404,0.9945945945945946,0.930232558139535,0.8695652173913043,0.8571428571428571,0.9629629629629629,0.9069767441860465,0.8297872340425532,0.9411764705882353,0.5594405594405595,0.7017543859649124,0.5405405405405406,0.9871794871794872,0.9565217391304348,0.971608832807571,0.9447852760736196
CRF35,Original,video58,5993,0.7618888703487402,0.763023022806034,0.74788200176925,0.7205014037361808,0.5780553756419112,1.0,0.4,0.5714285714285715,0.4,0.9128802102891476,0.717744316504281,0.8036363636363637,0.6717325227963525,0.47327249022164275,0.5385756676557863,0.5038167938931298,0.336734693877551,0.6524787180771157,0.9826546003016591,0.7842311164610293,0.6450495049504951,0.5370370370370371,0.9830508474576272,0.6946107784431138,0.5321100917431193,0.930327868852459,0.8376383763837638,0.8815533980582524,0.7881944444444444,0.8351648351648352,0.7755102040816326,0.8042328042328042,0.672566371681416
CRF35,Original,video59,1046,0.9235181644359465,0.9131683303230734,0.8325602968460112,0.8596020292686923,0.7685754022427504,1.0,1.0,1.0,1.0,0.9578059071729957,1.0,0.9784482758620688,0.9578059071729957,1.0,0.625,0.7692307692307693,0.625,0.906832298136646,1.0,0.9511400651465798,0.906832298136646,0.8363636363636363,0.696969696969697,0.7603305785123968,0.6133333333333333,0.6911764705882353,0.8392857142857143,0.7580645161290324,0.6103896103896104,1.0,0.6666666666666666,0.8,0.6666666666666666
CRF35,Original,video60,2532,0.7105055292259084,0.7073877230313682,0.6872905094657081,0.6300457600793038,0.5408851313785764,0.9968553459119497,0.9814241486068112,0.9890795631825273,0.9783950617283951,0.9755102040816327,0.6721034870641169,0.7958707958707958,0.6609513274336283,0.8529411764705882,0.6904761904761905,0.7631578947368423,0.6170212765957447,0.1309987029831388,0.9528301886792453,0.23033067274800456,0.13015463917525774,0.8842975206611571,0.9907407407407407,0.9344978165938864,0.8770491803278688,0.1111111111111111,0.010638297872340425,0.01941747572815534,0.00980392156862745,1.0,0.5128205128205128,0.6779661016949152,0.5128205128205128
CRF35,Original,video61,4409,0.9038330687230665,0.8221695302061309,0.7840048678313121,0.7579974359031685,0.6463067561115798,1.0,0.8125,0.896551724137931,0.8125,0.9115646258503401,0.9720207253886011,0.9408224674022068,0.8882575757575758,0.875,0.2931937172774869,0.43921568627450985,0.2814070351758794,0.9391472868217055,0.9472243940578577,0.9431685480731802,0.8924493554327808,0.3568281938325991,1.0,0.525974025974026,0.3568281938325991,0.734375,0.6714285714285714,0.7014925373134329,0.5402298850574713,0.9382716049382716,0.7916666666666666,0.8587570621468925,0.7524752475247525
CRF35,Original,video62,2032,0.889763779527559,0.94257423642298,0.8500171606470038,0.8859479454409133,0.7997243237610082,1.0,0.9,0.9473684210526316,0.9,0.9567053854276664,0.8467289719626169,0.8983639067922657,0.8154815481548154,0.9565217391304348,0.6285714285714286,0.7586206896551724,0.6111111111111112,0.7993079584775087,0.99,0.8844926611359285,0.7929061784897025,0.8983050847457628,0.9814814814814815,0.9380530973451328,0.8833333333333333,0.9871794871794872,0.7938144329896907,0.88,0.7857142857142857,1.0,0.8095238095238095,0.8947368421052632,0.8095238095238095
CRF35,Original,video63,3433,0.840372851733178,0.700799547430666,0.7720162817384083,0.6878329447572558,0.5647383869951597,1.0,0.55,0.7096774193548387,0.55,0.9735772357723578,0.8132427843803056,0.8862164662349676,0.7956810631229236,0.8,0.9777777777777777,0.8800000000000001,0.7857142857142857,0.9483657034580767,0.8761487964989059,0.9108280254777069,0.8362573099415205,0.6963562753036437,0.6935483870967742,0.694949494949495,0.5325077399380805,0.28169014084507044,0.9433962264150944,0.43383947939262474,0.2770083102493075,0.205607476635514,0.55,0.29931972789115646,0.176
CRF35,Original,video64,2398,0.8315262718932444,0.866897823748828,0.8108796551237142,0.819826931548608,0.7009119746933076,0.7721518987341772,1.0,0.8714285714285713,0.7721518987341772,1.0,0.7585227272727273,0.8626817447495961,0.7585227272727273,0.9482758620689655,0.5339805825242718,0.6832298136645963,0.5188679245283019,0.6894353369763205,0.9908376963350786,0.8131041890440387,0.6850678733031674,0.8703703703703703,0.9215686274509803,0.8952380952380952,0.8103448275862069,0.8489208633093526,0.659217877094972,0.742138364779874,0.59,0.9391304347826087,0.8120300751879699,0.8709677419354838,0.7714285714285715
CRF35,Original,video65,1873,0.9631607047517352,0.7929700700375034,0.7494978456214706,0.7693826686824331,0.7149963890669538,1.0,0.8955823293172691,0.9449152542372882,0.8955823293172691,0.9623655913978495,1.0,0.9808219178082191,0.9623655913978495,0.9896907216494846,0.8888888888888888,0.9365853658536585,0.8807339449541285,1.0,0.9841897233201581,0.99203187250996,0.9841897233201581,0.8987341772151899,0.9102564102564102,0.9044585987261147,0.8255813953488372,0.0,0.0,0.0,0.0,0.7,0.5675675675675675,0.626865671641791,0.45652173913043476
CRF35,Original,video66,1824,0.9457236842105263,0.900763669337498,0.8644362281623276,0.8777938026674852,0.8023336196844078,0.8928571428571429,1.0,0.9433962264150945,0.8928571428571429,0.9803921568627451,0.9984639016897081,0.989345509893455,0.9789156626506024,0.935064935064935,0.9,0.9171974522292993,0.8470588235294118,0.9434210526315789,0.9862448418156808,0.964357767316745,0.9311688311688312,0.8292682926829268,0.8192771084337349,0.8242424242424242,0.7010309278350515,0.7368421052631579,0.4883720930232558,0.5874125874125873,0.4158415841584158,0.9875,0.8586956521739131,0.9186046511627908,0.8494623655913979
CRF35,Original,video67,2353,0.894177645558861,0.8238494070956494,0.877474856733864,0.8162277686889551,0.7207984568104632,1.0,0.6321243523316062,0.7746031746031746,0.6321243523316062,0.919683257918552,0.9553466509988249,0.9371757925072045,0.8817787418655098,0.9818181818181818,0.9908256880733946,0.9863013698630138,0.972972972972973,0.9594742606790799,0.8848484848484849,0.9206516027325277,0.8529698149951315,0.6,0.8734177215189873,0.7113402061855671,0.552,0.30597014925373134,0.9534883720930233,0.46327683615819204,0.3014705882352941,1.0,0.8522727272727273,0.9202453987730062,0.8522727272727273
CRF35,Original,video68,1972,0.915314401622718,0.8762820101083831,0.8695109493369974,0.8506191728713092,0.7522533571625998,1.0,0.5882352941176471,0.7407407407407407,0.5882352941176471,0.9489311163895487,0.966142684401451,0.957459556620731,0.9183908045977012,0.9748427672955975,0.9567901234567902,0.9657320872274143,0.9337349397590361,0.9412844036697248,0.9624765478424016,0.9517625231910947,0.9079646017699115,0.6875,0.9565217391304348,0.8,0.6666666666666666,0.9770992366412213,0.6564102564102564,0.7852760736196318,0.6464646464646465,0.60431654676259,1.0,0.7533632286995516,0.60431654676259
CRF35,Original,video69,4575,0.9488524590163935,0.8096824366015313,0.7502137957653072,0.7754246028038899,0.716788939831497,0.9583333333333334,1.0,0.9787234042553191,0.9583333333333334,0.9976359338061466,0.9982259018332348,0.9979308306237068,0.9958702064896755,1.0,0.76953125,0.869757174392936,0.76953125,0.9448209099709584,0.9833753148614609,0.9637126635398666,0.9299666507860886,0.7783505154639175,0.7438423645320197,0.7607052896725441,0.6138211382113821,0.0,0.0,0.0,0.0,0.9886363636363636,0.7565217391304347,0.8571428571428571,0.75
CRF35,Original,video70,1194,0.8827470686767169,0.7666387666900821,0.735036883619796,0.7314626272325596,0.6500598824845698,0.7954545454545454,1.0,0.8860759493670886,0.7954545454545454,0.9704142011834319,0.9820359281437125,0.9761904761904762,0.9534883720930233,0.9629629629629629,0.78,0.8618784530386739,0.7572815533980582,0.7995444191343963,0.9616438356164384,0.8731343283582089,0.7748344370860927,0.8380952380952381,0.967032967032967,0.8979591836734694,0.8148148148148148,0.0,0.0,0.0,0.0,1.0,0.45454545454545453,0.625,0.45454545454545453
CRF35,Original,video71,2515,0.8791252485089464,0.7566372923351361,0.6753320336318486,0.7055441112306747,0.6070577170600201,1.0,0.6111111111111112,0.7586206896551725,0.6111111111111112,0.9464285714285714,0.8356846473029046,0.8876156897311591,0.7979397781299524,0.8070175438596491,0.7540983606557377,0.7796610169491526,0.6388888888888888,0.8103946102021174,0.9283351708930541,0.8653648509763618,0.7626811594202898,0.9090909090909091,0.9893992932862191,0.9475465313028765,0.9003215434083601,0.0,0.0,0.0,0.0,0.8235294117647058,0.6086956521739131,0.7,0.5384615384615384
CRF35,Original,video72,3106,0.8921442369607212,0.8831960320774783,0.8494947209476267,0.8400818968845482,0.741704748958821,1.0,0.4233576642335766,0.5948717948717949,0.4233576642335766,0.9301765650080257,0.9813717188823031,0.9550885867325917,0.9140378548895899,0.9902912621359223,0.9026548672566371,0.9444444444444444,0.8947368421052632,0.9757281553398058,0.83889816360601,0.9021543985637342,0.821749795584628,0.7549019607843137,0.9871794871794872,0.8555555555555555,0.7475728155339806,0.5918803418803419,0.9518900343642611,0.7299077733860343,0.5746887966804979,0.9393939393939394,0.8611111111111112,0.8985507246376813,0.8157894736842105
CRF35,Original,video73,1356,0.9535398230088495,0.9482212232212232,0.9061428216935562,0.9196100935021281,0.857083290625264,1.0,0.9484536082474226,0.9735449735449735,0.9484536082474226,0.9722222222222222,1.0,0.9859154929577464,0.9722222222222222,1.0,0.6442307692307693,0.7836257309941521,0.6442307692307693,0.9198717948717948,1.0,0.9582637729549249,0.9198717948717948,0.8363636363636363,0.9787234042553191,0.9019607843137255,0.8214285714285714,0.9090909090909091,0.9243697478991597,0.9166666666666667,0.8461538461538461,1.0,0.8472222222222222,0.9172932330827067,0.8472222222222222
CRF35,Original,video74,1634,0.7319461444308446,0.7685298640893399,0.6570237937686471,0.6758181605048914,0.5574001614671217,1.0,0.6896551724137931,0.8163265306122449,0.6896551724137931,0.8992248062015504,0.5603864734299517,0.6904761904761906,0.5272727272727272,1.0,0.9534883720930233,0.9761904761904763,0.9534883720930233,0.7032474804031354,0.8882602545968883,0.785,0.6460905349794238,0.6451612903225806,0.9803921568627451,0.7782101167315175,0.6369426751592356,0.1320754716981132,0.15555555555555556,0.14285714285714288,0.07692307692307693,1.0,0.37142857142857144,0.5416666666666666,0.37142857142857144
CRF35,Original,video75,1923,0.9282371294851794,0.7789034858456618,0.6601030049495843,0.6910350857020626,0.5999310282315287,1.0,0.39344262295081966,0.5647058823529412,0.39344262295081966,0.8110403397027601,1.0,0.895662368112544,0.8110403397027601,0.7192982456140351,0.7321428571428571,0.7256637168141592,0.5694444444444444,1.0,0.9773489932885906,0.9885447602885024,0.9773489932885906,0.9219858156028369,0.9420289855072463,0.9318996415770608,0.87248322147651,0.0,0.0,0.0,0.0,1.0,0.5757575757575758,0.7307692307692308,0.5757575757575758
CRF35,Original,video76,2649,0.748961872404681,0.8790070026196066,0.6772304598936959,0.6914198164035076,0.5657789000289523,1.0,0.13333333333333333,0.23529411764705882,0.13333333333333333,0.9595645412130638,0.6677489177489178,0.7874920229738354,0.6494736842105263,1.0,0.37254901960784315,0.5428571428571428,0.37254901960784315,0.628125,0.9940652818991098,0.7698199923400996,0.6257783312577833,0.6388888888888888,1.0,0.7796610169491525,0.6388888888888888,0.9264705882352942,0.65625,0.7682926829268293,0.6237623762376238,1.0,0.9166666666666666,0.9565217391304348,0.9166666666666666
CRF35,Original,video77,2502,0.9284572342126299,0.8801769250536997,0.8912681346965651,0.8604706166541726,0.7717474775942116,1.0,0.5340909090909091,0.6962962962962962,0.5340909090909091,0.8860435339308579,0.9985569985569985,0.9389416553595659,0.8849104859335039,0.9919354838709677,0.8848920863309353,0.935361216730038,0.8785714285714286,0.9902702702702703,0.9967355821545157,0.9934924078091106,0.9870689655172413,0.776595744680851,1.0,0.8742514970059879,0.776595744680851,1.0,0.8246013667425968,0.9038701622971286,0.8246013667425968,0.5163934426229508,1.0,0.6810810810810811,0.5163934426229508
CRF35,Original,video78,739,0.8349120433017592,0.8598731865627606,0.6839506535629335,0.7224207705431328,0.5890727065949207,1.0,0.3181818181818182,0.4827586206896552,0.3181818181818182,0.8571428571428571,1.0,0.923076923076923,0.8571428571428571,0.9375,0.703125,0.8035714285714286,0.6716417910447762,0.8502673796791443,0.9814814814814815,0.9111747851002865,0.8368421052631579,0.6623376623376623,0.8095238095238095,0.7285714285714286,0.5730337078651685,0.711864406779661,0.5753424657534246,0.6363636363636364,0.4666666666666667,1.0,0.4,0.5714285714285715,0.4
CRF35,Original,video79,3414,0.888107791446983,0.852391127979935,0.7491953116276326,0.755132060103851,0.6389947918316176,1.0,0.42592592592592593,0.5974025974025974,0.42592592592592593,0.9789402173913043,0.9213554987212276,0.9492753623188406,0.903448275862069,0.869281045751634,0.9925373134328358,0.926829268292683,0.8636363636363636,0.8771186440677966,0.9539170506912442,0.9139072847682119,0.8414634146341463,0.6611570247933884,0.7843137254901961,0.7174887892376682,0.5594405594405595,0.6602409638554216,0.8925081433224755,0.7590027700831025,0.6116071428571429,0.92,0.27380952380952384,0.4220183486238533,0.26744186046511625
CRF35,Original,video80,1724,0.8578886310904872,0.7759156249721129,0.7506397885242693,0.7194202221074354,0.5999056477772183,1.0,0.5614035087719298,0.7191011235955056,0.5614035087719298,0.9694811800610377,0.8832252085264134,0.9243452958292919,0.8593327321911632,1.0,0.9090909090909091,0.9523809523809523,0.9090909090909091,0.6591478696741855,1.0,0.7945619335347432,0.6591478696741855,0.640625,0.8913043478260869,0.7454545454545454,0.5942028985507246,0.1791044776119403,0.5454545454545454,0.2696629213483146,0.15584415584415584,0.9830508474576272,0.464,0.6304347826086957,0.4603174603174603
CRF35,CRF18,video49,1671,0.9222022740873729,0.8877109357441345,0.8530378506856177,0.8555576791330763,0.7602587995305755,1.0,0.5222222222222223,0.6861313868613139,0.5222222222222223,0.8574660633484162,1.0,0.9232643118148598,0.8574660633484162,0.8269230769230769,0.6825396825396826,0.7478260869565218,0.5972222222222222,0.9963436928702011,0.9412780656303973,0.9680284191829485,0.9380378657487092,0.7619047619047619,0.9195402298850575,0.8333333333333334,0.7142857142857143,0.9732620320855615,0.9405684754521964,0.9566360052562417,0.9168765743073047,0.7980769230769231,0.9651162790697675,0.8736842105263157,0.7757009345794392
CRF35,CRF18,video50,1094,0.8948811700182815,0.7959163324364428,0.4928874193086693,0.5066764855696213,0.4316712790928093,1.0,0.11940298507462686,0.21333333333333335,0.11940298507462686,0.8651515151515151,1.0,0.9277010560519902,0.8651515151515151,1.0,0.2,0.33333333333333337,0.2,0.9969604863221885,0.9879518072289156,0.9924357034795764,0.984984984984985,0.7093023255813954,1.0,0.8299319727891157,0.7093023255813954,0.0,0.0,0.0,0.0,1.0,0.14285714285714285,0.25,0.14285714285714285
CRF35,CRF18,video51,2944,0.7476222826086957,0.8483219356280948,0.7046825174403867,0.7028652688440944,0.5651159359685607,1.0,0.5798319327731093,0.7340425531914894,0.5798319327731093,0.8727695888285493,0.9964570416297609,0.9305210918114143,0.8700696055684455,0.9770992366412213,0.20253164556962025,0.33551769331585846,0.2015748031496063,0.5282669138090825,0.946843853820598,0.6781677572873289,0.513051305130513,0.5961538461538461,1.0,0.7469879518072289,0.5961538461538461,0.963963963963964,0.5721925133689839,0.7181208053691274,0.5602094240837696,1.0,0.6349206349206349,0.7766990291262136,0.6349206349206349
CRF35,CRF18,video52,1966,0.9277721261444557,0.9152285156271611,0.9340435735756304,0.9165521125199023,0.8521932983822998,0.9732142857142857,0.990909090909091,0.9819819819819819,0.9646017699115044,0.8248686514886164,0.9936708860759493,0.9014354066985646,0.8205574912891986,0.995475113122172,0.672782874617737,0.8029197080291971,0.6707317073170732,0.9797979797979798,0.9897959183673469,0.9847715736040609,0.97,0.7613636363636364,1.0,0.8645161290322582,0.7613636363636364,0.994328922495274,0.9563636363636364,0.9749768303985172,0.9511754068716094,0.8775510204081632,0.9347826086956522,0.9052631578947369,0.8269230769230769
CRF35,CRF18,video53,3283,0.929332927200731,0.8262887766552564,0.8381866227056192,0.7951439596960217,0.692816767944004,1.0,0.6119402985074627,0.7592592592592593,0.6119402985074627,0.9700272479564033,0.9744525547445255,0.9722348657259899,0.9459698848538529,0.7857142857142857,0.9058823529411765,0.8415300546448088,0.7264150943396226,0.9991902834008097,0.9257314328582146,0.9610591900311526,0.9250374812593704,0.3054187192118227,1.0,0.4679245283018868,0.3054187192118227,0.9494773519163763,0.9159663865546218,0.932420872540633,0.8733974358974359,0.7741935483870968,0.5333333333333333,0.631578947368421,0.46153846153846156
CRF35,CRF18,video54,3100,0.7312903225806452,0.8847079018829698,0.6903450223137921,0.7138598280184542,0.577968314123876,1.0,0.416,0.5875706214689266,0.416,0.603763987792472,1.0,0.7529337139232476,0.603763987792472,1.0,0.30256410256410254,0.4645669291338582,0.30256410256410254,0.9974160206718347,0.42371020856201974,0.5947611710323574,0.4232456140350877,0.6576576576576577,1.0,0.7934782608695653,0.6576576576576577,0.9741176470588235,0.8329979879275654,0.8980477223427332,0.8149606299212598,0.96,0.8571428571428571,0.9056603773584904,0.8275862068965517
CRF35,CRF18,video55,1037,0.9151398264223722,0.902962174534706,0.827821110130051,0.8300393429665187,0.7461709342814312,1.0,1.0,1.0,1.0,0.8951456310679612,1.0,0.9446721311475409,0.8951456310679612,0.8928571428571429,0.31645569620253167,0.4672897196261682,0.3048780487804878,1.0,0.9694189602446484,0.984472049689441,0.9694189602446484,0.8709677419354839,1.0,0.9310344827586207,0.8709677419354839,0.6617647058823529,0.9782608695652174,0.7894736842105263,0.6521739130434783,1.0,0.5306122448979592,0.6933333333333334,0.5306122448979592
CRF35,CRF18,video56,1834,0.8822246455834242,0.8842593175926332,0.827750763226639,0.8273472446127533,0.7213608154651456,1.0,0.4666666666666667,0.6363636363636364,0.4666666666666667,0.9372972972972973,0.9741573033707865,0.9553719008264464,0.9145569620253164,0.9387755102040817,0.9583333333333334,0.9484536082474228,0.9019607843137255,0.9301801801801802,0.7942307692307692,0.8568464730290456,0.7495462794918331,0.5110132158590308,1.0,0.6763848396501457,0.5110132158590308,0.8725490196078431,0.8557692307692307,0.8640776699029126,0.7606837606837606,1.0,0.7450980392156863,0.8539325842696629,0.7450980392156863
CRF35,CRF18,video57,2632,0.8700607902735562,0.8513403806243202,0.7709508488627284,0.7756145595134134,0.6514780601737089,1.0,0.5448275862068965,0.7053571428571428,0.5448275862068965,0.9049904030710173,0.9622448979591837,0.9327398615232444,0.8739573679332715,0.9066666666666666,0.6903553299492385,0.7838616714697405,0.6445497630331753,0.8831437435367114,0.9232432432432433,0.9027484143763214,0.8227360308285164,0.44505494505494503,1.0,0.6159695817490494,0.44505494505494503,0.8271604938271605,0.46853146853146854,0.5982142857142858,0.4267515923566879,0.9923664122137404,0.8074534161490683,0.8904109589041095,0.8024691358024691
CRF35,CRF18,video58,5993,0.7812447855831803,0.7600616504370465,0.7300405420486135,0.6724971934804518,0.5381386569724395,1.0,0.2,0.33333333333333337,0.2,0.9248092989466037,0.7516976675524063,0.8293159609120521,0.7084028937117418,0.48688352570828963,0.6884272997032641,0.5703749231714812,0.3989681857265692,0.7321111768184506,0.9336349924585219,0.8206827974809414,0.6958965711073637,0.30412371134020616,1.0,0.46640316205533594,0.30412371134020616,0.9047619047619048,0.7712177121771218,0.8326693227091634,0.7133105802047781,0.967741935483871,0.7653061224489796,0.8547008547008547,0.746268656716418
CRF35,CRF18,video59,1046,0.9149139579349904,0.9166201372424799,0.8082302618016903,0.834235373180994,0.7317175746815344,1.0,0.8857142857142857,0.9393939393939393,0.8857142857142857,0.9458333333333333,1.0,0.9721627408993576,0.9458333333333333,0.96,0.6,0.7384615384615384,0.5853658536585366,0.9211356466876972,1.0,0.9589490968801314,0.9211356466876972,0.9782608695652174,0.6818181818181818,0.8035714285714285,0.6716417910447762,0.6111111111111112,0.9821428571428571,0.7534246575342465,0.6043956043956044,1.0,0.5079365079365079,0.6736842105263158,0.5079365079365079
CRF35,CRF18,video60,2532,0.783175355450237,0.7418801443704041,0.6781245522288628,0.639924990299649,0.5314493261884355,1.0,0.7616099071207431,0.8646748681898068,0.7616099071207431,0.932475884244373,0.8155230596175478,0.8700870087008701,0.7700477960701009,0.8208955223880597,0.6547619047619048,0.728476821192053,0.5729166666666666,0.19603960396039605,0.9339622641509434,0.32405891980360063,0.193359375,0.84375,1.0,0.9152542372881356,0.84375,0.4,0.0425531914893617,0.07692307692307691,0.04,1.0,0.5384615384615384,0.7000000000000001,0.5384615384615384
CRF35,CRF18,video61,4409,0.8503061918802449,0.7025200614403208,0.6661686755249503,0.6227402778834003,0.5175509587696354,1.0,0.65625,0.7924528301886793,0.65625,0.7432536622976099,0.9989637305699481,0.852343059239611,0.7426810477657936,0.9594594594594594,0.3717277486910995,0.5358490566037736,0.36597938144329895,0.9679760888129804,0.8862392494136043,0.9253061224489796,0.8609950626661603,0.24695121951219512,1.0,0.39608801955990214,0.24695121951219512,0.0,0.0,0.0,0.0,1.0,0.75,0.8571428571428571,0.75
CRF35,CRF18,video62,2032,0.9389763779527559,0.8880709358956215,0.8673164546674244,0.8741010172445377,0.781931934230906,1.0,0.75,0.8571428571428571,0.75,0.9464123524069028,0.9738317757009346,0.9599263012436665,0.9229406554472985,0.7283950617283951,0.8428571428571429,0.7814569536423841,0.6413043478260869,0.9727272727272728,0.9171428571428571,0.9441176470588236,0.8941504178272981,0.7627118644067796,0.8333333333333334,0.7964601769911505,0.6617647058823529,0.90625,0.8969072164948454,0.9015544041450777,0.8207547169811321,0.9,0.8571428571428571,0.8780487804878048,0.782608695652174
CRF35,CRF18,video63,3433,0.8628022138071657,0.7049249906372649,0.7429958230674684,0.6702244073471636,0.556404417122179,1.0,0.5166666666666667,0.6813186813186815,0.5166666666666667,0.9655737704918033,1.0,0.9824854045037531,0.9655737704918033,0.7884615384615384,0.9111111111111111,0.845360824742268,0.7321428571428571,0.9980478282088824,0.8949671772428884,0.9437009690816798,0.8934032328527741,0.6666666666666666,0.4032258064516129,0.5025125628140703,0.33557046979865773,0.24036281179138322,1.0,0.38756855575868376,0.24036281179138322,0.2753623188405797,0.475,0.3486238532110092,0.2111111111111111
CRF35,CRF18,video64,2398,0.9099249374478732,0.8998155282016279,0.8792038356410955,0.8783726392948845,0.790385158065028,0.8840579710144928,1.0,0.9384615384615386,0.8840579710144928,1.0,0.9299242424242424,0.9636898920510304,0.9299242424242424,0.9772727272727273,0.8349514563106796,0.9005235602094241,0.819047619047619,0.8280542986425339,0.9581151832460733,0.8883495145631067,0.7991266375545851,0.6944444444444444,0.9803921568627451,0.8130081300813009,0.684931506849315,0.923728813559322,0.6089385474860335,0.734006734006734,0.5797872340425532,0.9911504424778761,0.8421052631578947,0.9105691056910569,0.835820895522388
CRF35,CRF18,video65,1873,0.9327282434596903,0.6917963997049669,0.6850738338428229,0.6824181537552322,0.627395225249252,1.0,0.7911646586345381,0.8834080717488788,0.7911646586345381,0.9634015069967707,1.0,0.981359649122807,0.9634015069967707,1.0,0.9074074074074074,0.9514563106796117,0.9074074074074074,1.0,0.9347826086956522,0.9662921348314606,0.9347826086956522,0.7027027027027027,1.0,0.8253968253968255,0.7027027027027027,0.0,0.0,0.0,0.0,0.17647058823529413,0.16216216216216217,0.16901408450704225,0.09230769230769231
CRF35,CRF18,video66,1824,0.9369517543859649,0.8837806538767418,0.8239231779577698,0.8457705879937268,0.7687926047893109,1.0,0.84,0.9130434782608696,0.84,0.9644444444444444,1.0,0.9819004524886877,0.9644444444444444,0.9032258064516129,0.875,0.8888888888888888,0.8,0.9521276595744681,0.984869325997249,0.9682217714672076,0.9384010484927916,0.7444444444444445,0.8072289156626506,0.7745664739884394,0.6320754716981132,0.6222222222222222,0.32558139534883723,0.42748091603053434,0.27184466019417475,1.0,0.9347826086956522,0.9662921348314606,0.9347826086956522
CRF35,CRF18,video67,2353,0.9111772205694858,0.8403204231783308,0.8725513043319134,0.8244011043663992,0.7233446160843986,1.0,0.6683937823834197,0.8012422360248447,0.6683937823834197,0.911134903640257,1.0,0.953501400560224,0.911134903640257,1.0,0.7339449541284404,0.8465608465608466,0.7339449541284404,0.9888888888888889,0.898989898989899,0.9417989417989419,0.89,0.5982905982905983,0.8860759493670886,0.7142857142857142,0.5555555555555556,0.38392857142857145,1.0,0.5548387096774194,0.38392857142857145,1.0,0.9204545454545454,0.9585798816568047,0.9204545454545454
CRF35,CRF18,video68,1972,0.9163286004056795,0.8705654054935749,0.8494366120401688,0.8283300326531745,0.727461220821649,1.0,0.45098039215686275,0.6216216216216216,0.45098039215686275,0.9344632768361582,1.0,0.9661214953271028,0.9344632768361582,0.9748427672955975,0.9567901234567902,0.9657320872274143,0.9337349397590361,0.9901960784313726,0.9474671669793621,0.9683604985618409,0.9386617100371747,0.6071428571428571,0.9855072463768116,0.7513812154696132,0.6017699115044248,0.9689922480620154,0.6410256410256411,0.771604938271605,0.628140703517588,0.6183206106870229,0.9642857142857143,0.7534883720930233,0.6044776119402985
CRF35,CRF18,video69,4575,0.9154098360655738,0.7888416854230107,0.6358826080569313,0.6877063005102585,0.5889536371067959,1.0,0.5217391304347826,0.6857142857142856,0.5217391304347826,0.978021978021978,1.0,0.9888888888888888,0.978021978021978,1.0,0.5703125,0.7263681592039801,0.5703125,0.9008341056533827,0.979345088161209,0.9384503982621288,0.8840381991814461,0.6830357142857143,0.7536945812807881,0.7166276346604215,0.5583941605839416,0.0,0.0,0.0,0.0,0.96,0.6260869565217392,0.7578947368421053,0.6101694915254238
CRF35,CRF18,video70,1194,0.8576214405360134,0.7709952978975387,0.6619920783717262,0.6597340650364639,0.585483172679867,1.0,1.0,1.0,1.0,0.9561068702290076,1.0,0.9775609756097561,0.9561068702290076,0.9682539682539683,0.61,0.7484662576687117,0.5980392156862745,0.7741935483870968,0.9205479452054794,0.8410513141426783,0.7257019438444925,0.6984126984126984,0.967032967032967,0.8110599078341014,0.6821705426356589,0.0,0.0,0.0,0.0,1.0,0.13636363636363635,0.24000000000000002,0.13636363636363635
CRF35,CRF18,video71,2515,0.8592445328031809,0.7580378047468389,0.5790322757919635,0.6291333368144559,0.5176850187446899,1.0,0.4722222222222222,0.6415094339622641,0.4722222222222222,0.8889837745516652,0.8639004149377594,0.8762626262626264,0.7797752808988764,0.7209302325581395,0.5081967213114754,0.5961538461538461,0.4246575342465753,0.8255813953488372,0.8610804851157663,0.8429573664328117,0.7285447761194029,0.8707692307692307,1.0,0.930921052631579,0.8707692307692307,0.0,0.0,0.0,0.0,1.0,0.34782608695652173,0.5161290322580645,0.34782608695652173
CRF35,CRF18,video72,3106,0.842562781712814,0.8240553753025448,0.832829039248798,0.7916678759400039,0.66874172038864,1.0,0.40145985401459855,0.5729166666666666,0.40145985401459855,0.8083504449007529,1.0,0.8940196820590461,0.8083504449007529,0.6097560975609756,0.8849557522123894,0.7220216606498194,0.5649717514124294,1.0,0.6878130217028381,0.815034619188922,0.6878130217028381,0.609375,1.0,0.7572815533980582,0.609375,0.7513227513227513,0.9759450171821306,0.8490284005979073,0.7376623376623377,0.9895833333333334,0.8796296296296297,0.9313725490196079,0.8715596330275229
CRF35,CRF18,video73,1356,0.9277286135693216,0.9388849833680212,0.8591207370680941,0.8800719640788266,0.8000583148284945,1.0,0.7938144329896907,0.8850574712643678,0.7938144329896907,0.9347181008902077,1.0,0.9662576687116564,0.9347181008902077,1.0,0.4519230769230769,0.6225165562913908,0.4519230769230769,0.896551724137931,0.9965156794425087,0.9438943894389439,0.89375,0.8392857142857143,1.0,0.9126213592233009,0.8392857142857143,0.9016393442622951,0.9243697478991597,0.9128630705394191,0.8396946564885496,1.0,0.8472222222222222,0.9172932330827067,0.8472222222222222
CRF35,CRF18,video74,1634,0.7503059975520195,0.7370567278749601,0.6050525055964598,0.6330911977413548,0.5110333082487515,1.0,0.5057471264367817,0.6717557251908397,0.5057471264367817,0.7381404174573055,0.9396135265700483,0.8267800212539852,0.7047101449275363,0.9775280898876404,0.6744186046511628,0.7981651376146789,0.6641221374045801,0.7988826815642458,0.809052333804809,0.8039353478566408,0.6721504112808461,0.7238805970149254,0.9509803921568627,0.8220338983050848,0.697841726618705,0.023529411764705882,0.022222222222222223,0.022857142857142857,0.011560693641618497,0.8974358974358975,0.3333333333333333,0.48611111111111105,0.3211009174311927
CRF35,CRF18,video75,1923,0.8840353614144566,0.7312517917234506,0.6632573367618083,0.674018336550952,0.5717541274686144,1.0,0.680327868852459,0.8097560975609756,0.680327868852459,0.6958105646630237,1.0,0.8206229860365198,0.6958105646630237,0.6271186440677966,0.6607142857142857,0.6434782608695652,0.47435897435897434,1.0,0.87751677852349,0.9347631814119749,0.87751677852349,0.8625,1.0,0.9261744966442953,0.8625,0.0,0.0,0.0,0.0,0.9333333333333333,0.42424242424242425,0.5833333333333333,0.4117647058823529
CRF35,CRF18,video76,2649,0.7512268780671951,0.8422785076711906,0.6648910973885104,0.6567218215861177,0.5334809720795678,1.0,0.03333333333333333,0.06451612903225806,0.03333333333333333,0.8472775564409031,0.6904761904761905,0.760882528324389,0.6140519730510106,0.9642857142857143,0.4117647058823529,0.5770992366412213,0.4055793991416309,0.6752255378209576,0.9624134520276953,0.7936378466557912,0.6578769438810007,0.5433070866141733,1.0,0.7040816326530613,0.5433070866141733,0.8658536585365854,0.7395833333333334,0.797752808988764,0.6635514018691588,1.0,0.8166666666666667,0.8990825688073394,0.8166666666666667
CRF35,CRF18,video77,2502,0.9020783373301359,0.8707605005164661,0.8375560564464043,0.8087615525100029,0.708355870653354,1.0,0.3068181818181818,0.46956521739130436,0.3068181818181818,0.8279569892473119,1.0,0.9058823529411765,0.8279569892473119,1.0,0.7482014388489209,0.8559670781893004,0.7482014388489209,0.9817007534983854,0.9923830250272034,0.9870129870129871,0.9743589743589743,0.7934782608695652,1.0,0.8848484848484849,0.7934782608695652,1.0,0.8154897494305239,0.8983688833124216,0.8154897494305239,0.4921875,1.0,0.6596858638743456,0.4921875
CRF35,CRF18,video78,739,0.8064952638700947,0.8419095766463608,0.6369913137525661,0.6671887025646839,0.5344458349952855,1.0,0.38636363636363635,0.5573770491803279,0.38636363636363635,0.8520710059171598,1.0,0.9201277955271566,0.8520710059171598,0.975609756097561,0.625,0.7619047619047619,0.6153846153846154,0.75,1.0,0.8571428571428571,0.75,0.6823529411764706,0.9206349206349206,0.7837837837837838,0.6444444444444445,0.6333333333333333,0.2602739726027397,0.36893203883495146,0.2261904761904762,1.0,0.26666666666666666,0.4210526315789474,0.26666666666666666
CRF35,CRF18,video79,3414,0.8796133567662566,0.8551297527463406,0.6988932797452746,0.7215995380955994,0.5979524869202447,1.0,0.3333333333333333,0.5,0.3333333333333333,0.9668615984405458,0.9514066496163683,0.9590718659361909,0.9213622291021671,0.823943661971831,0.8731343283582089,0.8478260869565217,0.7358490566037735,0.8662741799831791,0.9493087557603687,0.9058927000879508,0.8279742765273312,0.7207207207207207,0.7843137254901961,0.7511737089201878,0.6015037593984962,0.6081081081081081,0.7328990228013029,0.6646971935007385,0.497787610619469,1.0,0.26785714285714285,0.4225352112676056,0.26785714285714285
CRF35,CRF18,video80,1724,0.8625290023201856,0.751915967600781,0.6576253827177947,0.6580339975136974,0.5436719436632803,1.0,0.3333333333333333,0.5,0.3333333333333333,0.9485714285714286,0.9230769230769231,0.9356505401596995,0.8790820829655781,0.9380530973451328,0.803030303030303,0.8653061224489795,0.762589928057554,0.7337110481586402,0.9847908745247148,0.8409090909090909,0.7254901960784313,0.6056338028169014,0.9347826086956522,0.7350427350427351,0.581081081081081,0.05357142857142857,0.13636363636363635,0.07692307692307691,0.04,0.9838709677419355,0.488,0.6524064171122995,0.48412698412698413
CRF35,CRF23,video49,1671,0.9539198084979055,0.9348857724908146,0.9143296061217207,0.9167320620858934,0.8531726083634412,1.0,0.6222222222222222,0.7671232876712328,0.6222222222222222,0.9066985645933014,1.0,0.9510664993726474,0.9066985645933014,0.9333333333333333,0.8888888888888888,0.9105691056910569,0.835820895522388,0.9964285714285714,0.9637305699481865,0.9798068481123793,0.9604130808950087,0.8235294117647058,0.9655172413793104,0.888888888888889,0.8,0.9894736842105263,0.9715762273901809,0.9804432855280313,0.9616368286445013,0.8947368421052632,0.9883720930232558,0.9392265193370165,0.8854166666666666
CRF35,CRF23,video50,1094,0.9095063985374772,0.8039595412604005,0.5778880690182031,0.6188362051616785,0.5261452919221028,1.0,0.208955223880597,0.345679012345679,0.208955223880597,0.8906497622820919,0.9842381786339754,0.9351081530782028,0.878125,1.0,0.5142857142857142,0.6792452830188679,0.5142857142857142,0.9678362573099415,0.9969879518072289,0.9821958456973293,0.9650145772594753,0.7692307692307693,0.9836065573770492,0.8633093525179856,0.759493670886076,0.0,0.0,0.0,0.0,1.0,0.35714285714285715,0.5263157894736842,0.35714285714285715
CRF35,CRF23,video51,2944,0.7676630434782609,0.8713479683986279,0.7796950542805813,0.7755353335091675,0.6607689011442508,1.0,0.9117647058823529,0.9538461538461539,0.9117647058823529,0.9850746268656716,0.8768821966341895,0.9278350515463918,0.8653846153846154,0.9953917050691244,0.34177215189873417,0.508833922261484,0.3412322274881517,0.4858757062146893,1.0,0.6539923954372624,0.4858757062146893,0.8584905660377359,0.978494623655914,0.914572864321608,0.8425925925925926,0.9888888888888889,0.47593582887700536,0.6425992779783393,0.4734042553191489,0.7857142857142857,0.873015873015873,0.8270676691729324,0.7051282051282052
CRF35,CRF23,video52,1966,0.8799593082400814,0.874466384662458,0.9063231846570047,0.8763280093084715,0.7854185967468804,0.9732142857142857,0.990909090909091,0.9819819819819819,0.9646017699115044,0.839572192513369,0.9936708860759493,0.9101449275362319,0.8351063829787234,0.9954337899543378,0.6666666666666666,0.7985347985347986,0.6646341463414634,0.8029045643153527,0.9872448979591837,0.88558352402746,0.7946611909650924,0.6442307692307693,1.0,0.7836257309941521,0.6442307692307693,0.990909090909091,0.7927272727272727,0.8808080808080808,0.7870036101083032,0.875,0.9130434782608695,0.8936170212765957,0.8076923076923077
CRF35,CRF23,video53,3283,0.9171489491318916,0.8425733628666271,0.8386827782620286,0.8103183668860374,0.7065107511902531,1.0,0.6716417910447762,0.8035714285714287,0.6716417910447762,0.9694656488549618,0.927007299270073,0.9477611940298507,0.900709219858156,0.8723404255319149,0.9647058823529412,0.9162011173184357,0.845360824742268,0.9300648882480173,0.967741935483871,0.948529411764706,0.9020979020979021,0.37575757575757573,1.0,0.5462555066079295,0.37575757575757573,0.9572815533980582,0.8285714285714286,0.8882882882882883,0.7990275526742301,0.7931034482758621,0.5111111111111111,0.6216216216216216,0.45098039215686275
CRF35,CRF23,video54,3100,0.8435483870967742,0.8967948302608258,0.8230980683075547,0.8342332127237481,0.7254100191779038,1.0,0.504,0.6702127659574468,0.504,0.7428035043804756,1.0,0.8524236983842012,0.7428035043804756,0.9754601226993865,0.8153846153846154,0.8882681564245811,0.7989949748743719,0.976068376068376,0.6267837541163557,0.7633689839572193,0.6172972972972973,0.6697247706422018,1.0,0.8021978021978022,0.6697247706422018,0.9706498951781971,0.93158953722334,0.9507186858316222,0.9060665362035225,0.9428571428571428,0.8839285714285714,0.9124423963133641,0.8389830508474576
CRF35,CRF23,video55,1037,0.9189971070395371,0.8987936666508095,0.8044307372112021,0.819789325995227,0.715962582336113,1.0,0.7619047619047619,0.8648648648648648,0.7619047619047619,0.9146825396825397,1.0,0.9554404145077721,0.9146825396825397,0.9318181818181818,0.5189873417721519,0.6666666666666666,0.5,1.0,0.9663608562691132,0.9828926905132193,0.9663608562691132,0.8307692307692308,1.0,0.907563025210084,0.8307692307692308,0.6142857142857143,0.9347826086956522,0.7413793103448276,0.589041095890411,1.0,0.4489795918367347,0.6197183098591549,0.4489795918367347
CRF35,CRF23,video56,1834,0.9051254089422028,0.9021673267961609,0.8279224438262773,0.8365846318815884,0.7366814284972805,1.0,0.4,0.5714285714285715,0.4,0.9302325581395349,0.9887640449438202,0.9586056644880173,0.9205020920502092,0.9347826086956522,0.8958333333333334,0.9148936170212766,0.8431372549019608,0.9676025917926566,0.8615384615384616,0.9114954221770092,0.8373831775700935,0.5979381443298969,1.0,0.7483870967741935,0.5979381443298969,0.8846153846153846,0.8846153846153846,0.8846153846153846,0.7931034482758621,1.0,0.7647058823529411,0.8666666666666666,0.7647058823529411
CRF35,CRF23,video57,2632,0.9080547112462006,0.9289396200532789,0.8224820969302452,0.8403821048505071,0.7612739770953647,1.0,0.7931034482758621,0.8846153846153846,0.7931034482758621,0.9682875264270613,0.9346938775510204,0.9511941848390447,0.906930693069307,0.8564102564102564,0.8477157360406091,0.8520408163265307,0.7422222222222222,0.8447488584474886,1.0,0.9158415841584158,0.8447488584474886,0.8617021276595744,1.0,0.9257142857142857,0.8617021276595744,0.9714285714285714,0.23776223776223776,0.38202247191011235,0.2361111111111111,1.0,0.9440993788819876,0.9712460063897763,0.9440993788819876
CRF35,CRF23,video58,5993,0.821792090772568,0.8214708899485753,0.7235397671984397,0.7112662815980002,0.592615948925612,1.0,0.1375,0.2417582417582418,0.1375,0.9255079006772009,0.8473575435488633,0.8847102342786682,0.7932559425096739,0.6531531531531531,0.43026706231454004,0.518783542039356,0.3502415458937198,0.6810299527062533,0.9773755656108597,0.8027253019510685,0.6704604242110709,0.6444444444444445,0.9830508474576272,0.7785234899328859,0.6373626373626373,0.8527397260273972,0.9188191881918819,0.8845470692717584,0.7929936305732485,0.993421052631579,0.7704081632653061,0.867816091954023,0.766497461928934
CRF35,CRF23,video59,1046,0.8957934990439771,0.9314596366464555,0.7513321995464851,0.7980713316471248,0.6856415079118182,1.0,0.5428571428571428,0.7037037037037037,0.5428571428571428,0.884990253411306,1.0,0.9389865563598759,0.884990253411306,1.0,0.3375,0.5046728971962617,0.3375,0.9040247678018576,1.0,0.9495934959349593,0.9040247678018576,0.9777777777777777,0.6666666666666666,0.7927927927927928,0.6567164179104478,0.7534246575342466,0.9821428571428571,0.8527131782945736,0.7432432432432432,1.0,0.7301587301587301,0.8440366972477064,0.7301587301587301
CRF35,CRF23,video60,2532,0.6903633491311216,0.6751467908341638,0.6362366041740212,0.5925938934156677,0.48467616094634913,1.0,0.6934984520123839,0.8190127970749543,0.6934984520123839,0.9126925898752751,0.6996625421822272,0.7921044253422477,0.6557722720084344,0.8309859154929577,0.7023809523809523,0.7612903225806451,0.6145833333333334,0.13434903047091412,0.9150943396226415,0.23429951690821252,0.1326949384404925,0.848,0.9814814814814815,0.9098712446351932,0.8346456692913385,0.0,0.0,0.0,0.0,1.0,0.46153846153846156,0.631578947368421,0.46153846153846156
CRF35,CRF23,video61,4409,0.8881832615105466,0.7140573423413229,0.7116304802182688,0.6696666002245515,0.5765634054711565,1.0,0.7299107142857143,0.8438709677419355,0.7299107142857143,0.8437225636523266,0.9958549222797928,0.9134980988593157,0.8407699037620298,0.923728813559322,0.5706806282722513,0.7055016181229774,0.545,0.9696596965969659,0.9245504300234558,0.9465679407644586,0.8985562310030395,0.26129032258064516,1.0,0.4143222506393862,0.26129032258064516,0.0,0.0,0.0,0.0,1.0,0.7604166666666666,0.8639053254437871,0.7604166666666666
CRF35,CRF23,video62,2032,0.8986220472440944,0.9198511189722629,0.8675816851239752,0.889431423296137,0.8041929775548609,1.0,0.85,0.9189189189189189,0.85,0.8721804511278195,0.9757009345794393,0.9210410233789149,0.8536385936222404,0.9074074074074074,0.7,0.7903225806451613,0.6533333333333333,0.9454855195911414,0.7928571428571428,0.8624708624708626,0.7581967213114754,0.8867924528301887,0.8703703703703703,0.8785046728971964,0.7833333333333333,0.9223300970873787,0.979381443298969,0.95,0.9047619047619048,0.9047619047619048,0.9047619047619048,0.9047619047619048,0.8260869565217391
CRF35,CRF23,video63,3433,0.863093504223711,0.6834453420165703,0.7594971405361006,0.6543506916728727,0.5292255066301621,1.0,0.44166666666666665,0.6127167630057804,0.44166666666666665,0.9470198675496688,0.9711375212224108,0.958927074601844,0.9210950080515298,0.5769230769230769,1.0,0.7317073170731707,0.5769230769230769,0.996600291403594,0.8980306345733041,0.9447513812154696,0.8952879581151832,0.743421052631579,0.45564516129032256,0.5650000000000001,0.39372822299651566,0.26433915211970077,1.0,0.4181459566074951,0.26433915211970077,0.2558139534883721,0.55,0.34920634920634924,0.21153846153846154
CRF35,CRF23,video64,2398,0.8457047539616347,0.837943409066105,0.7365900540564431,0.7283551999480179,0.6258083935445055,0.7439024390243902,1.0,0.8531468531468531,0.7439024390243902,1.0,0.8929924242424242,0.9434717358679339,0.8929924242424242,0.972972972972973,0.34951456310679613,0.5142857142857143,0.34615384615384615,0.7110694183864915,0.9921465968586387,0.8284153005464481,0.707089552238806,0.7709923664122137,0.9901960784313726,0.8669527896995708,0.7651515151515151,0.6666666666666666,0.11173184357541899,0.19138755980861244,0.10582010582010581,1.0,0.8195488721804511,0.9008264462809917,0.8195488721804511
CRF35,CRF23,video65,1873,0.9562199679658302,0.7960714901409863,0.7166675172118367,0.7329744078933462,0.681710457952635,1.0,0.8955823293172691,0.9449152542372882,0.8955823293172691,0.9631236442516269,0.9921787709497206,0.9774353329664281,0.9558665231431647,0.9245283018867925,0.9074074074074074,0.9158878504672898,0.8448275862068966,1.0,0.9782608695652174,0.989010989010989,0.9782608695652174,0.8666666666666667,1.0,0.9285714285714286,0.8666666666666667,0.0,0.0,0.0,0.0,0.8181818181818182,0.24324324324324326,0.375,0.23076923076923078
CRF35,CRF23,video66,1824,0.9199561403508771,0.7346603107843864,0.7519970368200356,0.736021840575477,0.6638793156041756,0.5,0.68,0.576271186440678,0.40476190476190477,0.970193740685544,1.0,0.9848714069591528,0.970193740685544,0.9308176100628931,0.925,0.9278996865203761,0.8654970760233918,0.89625,0.9862448418156808,0.9390962671905697,0.8851851851851852,0.845360824742268,0.9879518072289156,0.9111111111111111,0.8367346938775511,0.0,0.0,0.0,0.0,1.0,0.6847826086956522,0.8129032258064516,0.6847826086956522
CRF35,CRF23,video67,2353,0.9519762005949851,0.894368843647774,0.9427377964861002,0.9094419082969545,0.8420222706892174,1.0,0.844559585492228,0.9157303370786517,0.844559585492228,0.9653579676674365,0.982373678025852,0.9737914967967385,0.9489216799091941,0.8739495798319328,0.9541284403669725,0.912280701754386,0.8387096774193549,0.9936305732484076,0.9454545454545454,0.9689440993788819,0.9397590361445783,0.5909090909090909,0.9873417721518988,0.7393364928909953,0.5864661654135338,0.8367346938775511,0.9534883720930233,0.8913043478260869,0.803921568627451,1.0,0.9318181818181818,0.9647058823529412,0.9318181818181818
CRF35,CRF23,video68,1972,0.9198782961460447,0.8828777906991602,0.8518347152346072,0.8309896669133071,0.736523765095418,1.0,0.3627450980392157,0.5323741007194245,0.3627450980392157,0.9248878923766816,0.9975816203143894,0.9598603839441535,0.9228187919463087,0.9696969696969697,0.9876543209876543,0.9785932721712538,0.9580838323353293,0.9960861056751468,0.9549718574108818,0.975095785440613,0.9514018691588785,0.6634615384615384,1.0,0.7976878612716763,0.6634615384615384,0.9924242424242424,0.6717948717948717,0.8012232415902141,0.6683673469387755,0.6335877862595419,0.9880952380952381,0.772093023255814,0.6287878787878788
CRF35,CRF23,video69,4575,0.9333333333333333,0.8025563443384808,0.6800531033919636,0.7267001428707089,0.6412814742382006,1.0,0.5797101449275363,0.7339449541284404,0.5797101449275363,0.9819872167344567,0.9994086339444116,0.9906213364595544,0.9814169570267132,1.0,0.68359375,0.8120649651972158,0.68359375,0.9227854097584084,0.981360201511335,0.9511718749999999,0.9068901303538175,0.7358490566037735,0.7684729064039408,0.7518072289156625,0.6023166023166023,0.0,0.0,0.0,0.0,0.9772727272727273,0.7478260869565218,0.8472906403940887,0.7350427350427351
CRF35,CRF23,video70,1194,0.8852596314907872,0.7622912858353482,0.7465467101421025,0.7353207167826262,0.657456311033972,0.8536585365853658,1.0,0.9210526315789475,0.8536585365853658,0.99,0.9880239520958084,0.989010989010989,0.9782608695652174,0.9555555555555556,0.86,0.9052631578947369,0.8269230769230769,0.7930232558139535,0.9342465753424658,0.8578616352201257,0.751101321585903,0.743801652892562,0.989010989010989,0.8490566037735849,0.7377049180327869,0.0,0.0,0.0,0.0,1.0,0.45454545454545453,0.625,0.45454545454545453
CRF35,CRF23,video71,2515,0.862027833001988,0.774868838281351,0.6152514148358933,0.6633996084892415,0.557912148003121,1.0,0.3611111111111111,0.5306122448979591,0.3611111111111111,0.8943661971830986,0.8431535269709544,0.8680051260145237,0.7667924528301887,0.8958333333333334,0.7049180327868853,0.7889908256880733,0.6515151515151515,0.8104838709677419,0.886438809261301,0.8467614533965245,0.7342465753424657,0.9003215434083601,0.9893992932862191,0.9427609427609428,0.89171974522293,0.0,0.0,0.0,0.0,0.9230769230769231,0.5217391304347826,0.6666666666666667,0.5
CRF35,CRF23,video72,3106,0.8670315518351578,0.8334920135800571,0.847959424586887,0.8049932054567195,0.6877468084241772,1.0,0.40145985401459855,0.5729166666666666,0.40145985401459855,0.8714918759231906,0.9991532599491956,0.9309664694280079,0.8708487084870848,0.6214689265536724,0.9734513274336283,0.7586206896551724,0.6111111111111112,1.0,0.7520868113522537,0.8585040495474036,0.7520868113522537,0.6666666666666666,1.0,0.8,0.6666666666666666,0.6748166259168704,0.9484536082474226,0.7885714285714285,0.6509433962264151,1.0,0.8611111111111112,0.9253731343283582,0.8611111111111112
CRF35,CRF23,video73,1356,0.93952802359882,0.9382787274235744,0.8773552731365021,0.8980698210997916,0.8211778709208927,1.0,0.8247422680412371,0.903954802259887,0.8247422680412371,0.9473684210526315,1.0,0.972972972972973,0.9473684210526315,1.0,0.6153846153846154,0.761904761904762,0.6153846153846154,0.9196141479099679,0.9965156794425087,0.9565217391304348,0.9166666666666666,0.7857142857142857,0.9361702127659575,0.854368932038835,0.7457627118644068,0.9152542372881356,0.907563025210084,0.9113924050632911,0.8372093023255814,1.0,0.8611111111111112,0.9253731343283582,0.8611111111111112
CRF35,CRF23,video74,1634,0.7747858017135862,0.7896551375864937,0.6367938906683067,0.6800228787147659,0.5805219504512715,1.0,0.7241379310344828,0.8400000000000001,0.7241379310344828,0.7952755905511811,0.9758454106280193,0.876355748373102,0.7799227799227799,0.9878048780487805,0.627906976744186,0.7677725118483413,0.6230769230769231,0.8021978021978022,0.826025459688826,0.8139372822299652,0.6862514688601645,0.9423076923076923,0.9607843137254902,0.9514563106796117,0.9074074074074074,0.0,0.0,0.0,0.0,1.0,0.34285714285714286,0.5106382978723404,0.34285714285714286
CRF35,CRF23,video75,1923,0.890795631825273,0.7356887070080187,0.6002164025874005,0.59984839851942,0.5015772752675848,1.0,0.2459016393442623,0.3947368421052631,0.2459016393442623,0.7304015296367112,1.0,0.8441988950276242,0.7304015296367112,0.5675675675675675,0.75,0.6461538461538462,0.4772727272727273,1.0,0.9328859060402684,0.9652777777777778,0.9328859060402684,0.8518518518518519,1.0,0.92,0.8518518518518519,0.0,0.0,0.0,0.0,1.0,0.2727272727272727,0.42857142857142855,0.2727272727272727
CRF35,CRF23,video76,2649,0.7361268403171007,0.8856729667738643,0.6607096849170385,0.6690810102303077,0.5541048287203979,1.0,0.06666666666666667,0.125,0.06666666666666667,0.9565891472868217,0.6677489177489178,0.7864882090503506,0.648109243697479,1.0,0.3006535947712418,0.46231155778894467,0.3006535947712418,0.6128048780487805,0.9940652818991098,0.7582044511505093,0.6105710814094775,0.6764705882352942,1.0,0.8070175438596492,0.6764705882352942,0.9538461538461539,0.6458333333333334,0.7701863354037267,0.6262626262626263,1.0,0.95,0.9743589743589743,0.95
CRF35,CRF23,video77,2502,0.9024780175859313,0.8721359276617429,0.8533258893017729,0.8278390623784997,0.7263173784405599,1.0,0.4034090909090909,0.5748987854251012,0.4034090909090909,0.8327316486161251,0.9985569985569985,0.9081364829396325,0.8317307692307693,0.9908256880733946,0.7769784172661871,0.8709677419354839,0.7714285714285715,0.9715224534501643,0.9651795429815017,0.9683406113537119,0.9386243386243386,0.7934782608695652,1.0,0.8848484848484849,0.7934782608695652,1.0,0.8291571753986332,0.9066002490660025,0.8291571753986332,0.5163934426229508,1.0,0.6810810810810811,0.5163934426229508
CRF35,CRF23,video78,739,0.79702300405954,0.7471461949829177,0.6380784889713461,0.6346193768261246,0.5306016444825393,1.0,0.7045454545454546,0.8266666666666667,0.7045454545454546,0.8834355828220859,1.0,0.9381107491856677,0.8834355828220859,1.0,0.59375,0.7450980392156863,0.59375,0.6835443037974683,1.0,0.8120300751879699,0.6835443037974683,0.6630434782608695,0.9682539682539683,0.7870967741935483,0.648936170212766,0.0,0.0,0.0,0.0,1.0,0.2,0.33333333333333337,0.2
CRF35,CRF23,video79,3414,0.8699472759226714,0.8468839625212816,0.691552942825532,0.7129169431438134,0.5974102659353183,1.0,0.3333333333333333,0.5,0.3333333333333333,0.9741602067183462,0.9641943734015346,0.9691516709511567,0.940149625935162,0.8707482993197279,0.9552238805970149,0.9110320284697508,0.8366013071895425,0.8249801113762928,0.9557603686635945,0.8855678906917166,0.7946360153256705,0.7419354838709677,0.9019607843137255,0.8141592920353982,0.6865671641791045,0.5163636363636364,0.46254071661237783,0.4879725085910653,0.32272727272727275,1.0,0.26785714285714285,0.4225352112676056,0.26785714285714285
CRF35,CRF23,video80,1724,0.8648491879350348,0.7302445127946725,0.6654246529786537,0.6550515804797677,0.5433956262750822,1.0,0.43859649122807015,0.6097560975609756,0.43859649122807015,0.9612027158098934,0.9184430027803522,0.9393364928909953,0.8856121537086684,0.9140625,0.8863636363636364,0.9,0.8181818181818182,0.7084468664850136,0.9885931558935361,0.8253968253968255,0.7027027027027027,0.5365853658536586,0.9565217391304348,0.6875000000000001,0.5238095238095238,0.027777777777777776,0.045454545454545456,0.034482758620689655,0.017543859649122806,0.9636363636363636,0.424,0.5888888888888889,0.41732283464566927
CRF35,CRF28,video49,1671,0.9455415918611609,0.91919968489948,0.9095230491779543,0.9059594725483536,0.8347788731034033,1.0,0.6333333333333333,0.7755102040816326,0.6333333333333333,0.9154589371980676,1.0,0.9558638083228247,0.9154589371980676,0.9344262295081968,0.9047619047619048,0.9193548387096775,0.8507462686567164,0.9927667269439421,0.9481865284974094,0.9699646643109541,0.9416809605488851,0.7545454545454545,0.9540229885057471,0.8426395939086294,0.7280701754385965,0.9815303430079155,0.9612403100775194,0.9712793733681463,0.9441624365482234,0.8556701030927835,0.9651162790697675,0.907103825136612,0.83
CRF35,CRF28,video50,1094,0.8802559414990859,0.8038490795679295,0.5044089085393589,0.5225851129520905,0.45214118928776603,1.0,0.11940298507462686,0.21333333333333335,0.11940298507462686,0.8333333333333334,0.9982486865148862,0.9083665338645418,0.8321167883211679,1.0,0.02857142857142857,0.05555555555555556,0.02857142857142857,0.9936102236421726,0.9367469879518072,0.9643410852713179,0.9311377245508982,0.8,0.9836065573770492,0.8823529411764706,0.7894736842105263,0.0,0.0,0.0,0.0,1.0,0.4642857142857143,0.6341463414634146,0.4642857142857143
CRF35,CRF28,video51,2944,0.7105978260869565,0.8839443645032977,0.7311961606199757,0.7425344116657715,0.6299092587907664,1.0,0.7605042016806722,0.863961813842482,0.7605042016806722,0.927663734115347,0.8405668733392383,0.8819702602230484,0.7888611803823774,0.9354838709677419,0.18354430379746836,0.3068783068783069,0.18125,0.4416727806309611,1.0,0.6127226463104326,0.4416727806309611,0.9393939393939394,1.0,0.96875,0.9393939393939394,1.0,0.5401069518716578,0.701388888888889,0.5401069518716578,0.9433962264150944,0.7936507936507936,0.8620689655172413,0.7575757575757576
CRF35,CRF28,video52,1966,0.9155645981688708,0.9104379231718093,0.9197499196599562,0.9041828976105534,0.8331210634919556,0.9649122807017544,1.0,0.9821428571428572,0.9649122807017544,0.8362989323843416,0.9915611814345991,0.9073359073359073,0.8303886925795053,0.9901477832512315,0.6146788990825688,0.7584905660377359,0.6109422492401215,0.91725768321513,0.9897959183673469,0.9521472392638036,0.9086651053864169,0.7204301075268817,1.0,0.8375,0.7204301075268817,0.990530303030303,0.9509090909090909,0.9703153988868275,0.9423423423423424,0.9534883720930233,0.8913043478260869,0.9213483146067417,0.8541666666666666
CRF35,CRF28,video53,3283,0.929637526652452,0.850653487860633,0.816646382678732,0.7882161229585921,0.693416650200284,1.0,0.746268656716418,0.8547008547008548,0.746268656716418,0.9741532976827094,0.9972627737226277,0.9855725879170423,0.9715555555555555,0.9333333333333333,0.8235294117647058,0.8749999999999999,0.7777777777777778,0.9953952417498081,0.972993248312078,0.9840667678300455,0.9686333084391336,0.26495726495726496,1.0,0.4189189189189189,0.26495726495726496,0.9685534591194969,0.7764705882352941,0.8619402985074627,0.7573770491803279,0.8181818181818182,0.4,0.537313432835821,0.3673469387755102
CRF35,CRF28,video54,3100,0.9474193548387096,0.928159277227604,0.8917104244242344,0.9012560148882566,0.8296679107770315,0.9906542056074766,0.848,0.9137931034482758,0.8412698412698413,0.9158301158301159,0.9991575400168492,0.9556809024979854,0.9151234567901234,0.9349593495934959,0.5897435897435898,0.7232704402515723,0.5665024630541872,0.9988674971687429,0.9681668496158068,0.9832775919732442,0.9671052631578947,0.7659574468085106,0.9863013698630136,0.8622754491017964,0.7578947368421053,0.9734151329243353,0.9577464788732394,0.9655172413793103,0.9333333333333333,0.9174311926605505,0.8928571428571429,0.9049773755656108,0.8264462809917356
CRF35,CRF28,video55,1037,0.9064609450337512,0.8972472315329457,0.7893870640206215,0.7960904058077188,0.6995952414038916,1.0,0.9047619047619048,0.9500000000000001,0.9047619047619048,0.88996138996139,1.0,0.9417773237997957,0.88996138996139,0.96,0.3037974683544304,0.46153846153846156,0.3,1.0,0.9755351681957186,0.9876160990712075,0.9755351681957186,0.8307692307692308,1.0,0.907563025210084,0.8307692307692308,0.6,0.9130434782608695,0.7241379310344828,0.5675675675675675,1.0,0.42857142857142855,0.6,0.42857142857142855
CRF35,CRF28,video56,1834,0.9002181025081788,0.8981410916376168,0.8134102992969011,0.8267109855129092,0.7192518534134084,1.0,0.4380952380952381,0.609271523178808,0.4380952380952381,0.930890052356021,0.998876404494382,0.9636856368563685,0.9299163179916318,0.9523809523809523,0.8333333333333334,0.888888888888889,0.8,0.9752252252252253,0.8326923076923077,0.8983402489626556,0.815442561205273,0.5631067961165048,1.0,0.7204968944099379,0.5631067961165048,0.8653846153846154,0.8653846153846154,0.8653846153846154,0.7627118644067796,1.0,0.7254901960784313,0.8409090909090908,0.7254901960784313
CRF35,CRF28,video57,2632,0.9209726443768997,0.9386561066034219,0.835976420605799,0.8606263676381938,0.7906982812422308,0.9931506849315068,1.0,0.9965635738831615,0.9931506849315068,0.9595660749506904,0.9928571428571429,0.9759277833500501,0.9529872673849168,0.918918918918919,0.34517766497461927,0.5018450184501845,0.33497536945812806,0.8642322097378277,0.9978378378378379,0.9262418464626191,0.8626168224299066,0.9,1.0,0.9473684210526316,0.9,0.9411764705882353,0.5594405594405595,0.7017543859649124,0.5405405405405406,0.9935483870967742,0.9565217391304348,0.9746835443037976,0.9506172839506173
CRF35,CRF28,video58,5993,0.809611213081929,0.7689362730984846,0.7776835047901228,0.7322740044642886,0.6048016213834264,0.8734177215189873,0.8625,0.8679245283018868,0.7666666666666667,0.8977511244377812,0.8839681133746679,0.8908063076465338,0.8031115879828327,0.7468879668049793,0.26706231454005935,0.39344262295081966,0.24489795918367346,0.6664804469273743,0.8996983408748115,0.7657252888318357,0.6203848153926157,0.37341772151898733,1.0,0.543778801843318,0.37341772151898733,0.9363636363636364,0.7601476014760148,0.8391038696537678,0.7228070175438597,0.888235294117647,0.7704081632653061,0.825136612021858,0.7023255813953488
CRF35,CRF28,video59,1046,0.9005736137667304,0.9234035535741338,0.7949649556792414,0.8131509217292577,0.7214169060549588,1.0,1.0,1.0,1.0,0.908,1.0,0.9517819706498952,0.908,1.0,0.25,0.4,0.25,0.906832298136646,1.0,0.9511400651465798,0.906832298136646,0.9782608695652174,0.6818181818181818,0.8035714285714285,0.6716417910447762,0.6707317073170732,0.9821428571428571,0.7971014492753623,0.6626506024096386,1.0,0.6507936507936508,0.7884615384615385,0.6507936507936508
CRF35,CRF28,video60,2532,0.669431279620853,0.7092982480067087,0.6599431277992647,0.611725050866003,0.5120471949258484,0.9784172661870504,0.8421052631578947,0.9051580698835274,0.8267477203647416,0.9350328947368421,0.6394825646794151,0.7595190380761523,0.6122778675282714,0.9310344827586207,0.6428571428571429,0.7605633802816901,0.6136363636363636,0.12424607961399277,0.9716981132075472,0.22032085561497328,0.12379807692307693,0.8852459016393442,1.0,0.9391304347826086,0.8852459016393442,0.1111111111111111,0.010638297872340425,0.01941747572815534,0.00980392156862745,1.0,0.5128205128205128,0.6779661016949152,0.5128205128205128
CRF35,CRF28,video61,4409,0.8525742798820595,0.7395610956669884,0.6628913159896778,0.6056833143279662,0.48929447838289775,0.9785276073619632,0.7120535714285714,0.8242894056847545,0.701098901098901,0.7115241635687732,0.9917098445595854,0.8285714285714286,0.7073170731707317,0.6470588235294118,0.05759162303664921,0.10576923076923077,0.05583756345177665,0.9858732876712328,0.900312744331509,0.9411524315488353,0.8888460054033192,0.31640625,1.0,0.4807121661721068,0.31640625,0.8888888888888888,0.22857142857142856,0.3636363636363636,0.2222222222222222,0.6486486486486487,0.75,0.6956521739130435,0.5333333333333333
CRF35,CRF28,video62,2032,0.9611220472440944,0.9322349439305893,0.8937756037851009,0.9083982785538975,0.8402960900755369,1.0,1.0,1.0,1.0,0.9820415879017014,0.9710280373831776,0.9765037593984962,0.9540863177226814,0.9787234042553191,0.6571428571428571,0.7863247863247863,0.647887323943662,0.946793997271487,0.9914285714285714,0.9685973482205165,0.939106901217862,0.8518518518518519,0.8518518518518519,0.8518518518518519,0.7419354838709677,0.9090909090909091,0.9278350515463918,0.9183673469387756,0.8490566037735849,0.8571428571428571,0.8571428571428571,0.8571428571428571,0.75
CRF35,CRF28,video63,3433,0.8703757646373435,0.7267820911381427,0.7901707136430627,0.7155830159754435,0.6069259671656192,1.0,0.7916666666666666,0.8837209302325582,0.7916666666666666,0.9772727272727273,0.9490662139219015,0.9629629629629629,0.9285714285714286,0.918918918918919,0.7555555555555555,0.8292682926829269,0.7083333333333334,0.9811411992263056,0.887964989059081,0.9322306455318171,0.8730636833046471,0.7073170731707317,0.5846774193548387,0.6401766004415012,0.4707792207792208,0.3044776119402985,0.9622641509433962,0.4625850340136054,0.3008849557522124,0.19834710743801653,0.6,0.2981366459627329,0.17518248175182483
CRF35,CRF28,video64,2398,0.9036697247706422,0.8913742519118684,0.8393250466645218,0.8390995260770026,0.7392143302309551,0.6630434782608695,1.0,0.7973856209150326,0.6630434782608695,1.0,0.9261363636363636,0.9616519174041297,0.9261363636363636,1.0,0.49514563106796117,0.6623376623376623,0.49514563106796117,0.8131749460043196,0.9856020942408377,0.8911242603550296,0.8036286019210246,0.8584070796460177,0.9509803921568627,0.9023255813953488,0.8220338983050848,0.9423076923076923,0.547486033519553,0.6925795053003534,0.5297297297297298,0.9626865671641791,0.9699248120300752,0.9662921348314607,0.9347826086956522
CRF35,CRF28,video65,1873,0.9674319273892151,0.8113402391901857,0.7674827604109951,0.7866142852438137,0.7378637324520128,1.0,0.8995983935742972,0.9471458773784355,0.8995983935742972,0.9644396551724138,1.0,0.981897970378497,0.9644396551724138,0.98989898989899,0.9074074074074074,0.9468599033816424,0.8990825688073395,1.0,0.9822134387351779,0.9910269192422733,0.9822134387351779,0.9036144578313253,0.9615384615384616,0.9316770186335404,0.872093023255814,0.0,0.0,0.0,0.0,0.8214285714285714,0.6216216216216216,0.7076923076923075,0.5476190476190477
CRF35,CRF28,video66,1824,0.9402412280701754,0.9204185603456826,0.8462081942052754,0.8782071793492129,0.8078769470893797,1.0,0.92,0.9583333333333334,0.92,0.9673105497771174,1.0,0.9833836858006042,0.9673105497771174,0.9411764705882353,0.8,0.8648648648648648,0.7619047619047619,0.9289405684754521,0.9889958734525447,0.9580279813457694,0.9194373401534527,0.927536231884058,0.7710843373493976,0.8421052631578948,0.7272727272727273,0.6779661016949152,0.46511627906976744,0.5517241379310345,0.38095238095238093,1.0,0.9782608695652174,0.989010989010989,0.9782608695652174
CRF35,CRF28,video67,2353,0.9252018699532512,0.8506679036311654,0.8552228298084971,0.8094810564524021,0.7127868052817893,0.9795918367346939,0.9948186528497409,0.987146529562982,0.9746192893401016,0.9929660023446659,0.9952996474735605,0.9941314553990609,0.9883313885647608,1.0,0.3761467889908257,0.5466666666666667,0.3761467889908257,0.9354508196721312,0.9222222222222223,0.9287894201424212,0.8670465337132004,0.6166666666666667,0.9367088607594937,0.743718592964824,0.592,0.43,1.0,0.6013986013986015,0.43,1.0,0.7613636363636364,0.8645161290322582,0.7613636363636364
CRF35,CRF28,video68,1972,0.9168356997971603,0.8798882320262614,0.8620812817327275,0.8429256920935734,0.7428228945673369,1.0,0.5294117647058824,0.6923076923076924,0.5294117647058824,0.9433526011560693,0.9866989117291415,0.9645390070921985,0.9315068493150684,0.9932885906040269,0.9135802469135802,0.9517684887459807,0.9079754601226994,0.9569288389513109,0.9587242026266416,0.9578256794751641,0.9190647482014388,0.6699029126213593,1.0,0.8023255813953488,0.6699029126213593,1.0,0.6461538461538462,0.7850467289719627,0.6461538461538462,0.5957446808510638,1.0,0.7466666666666666,0.5957446808510638
CRF35,CRF28,video69,4575,0.933551912568306,0.8052692218505707,0.7443026609309387,0.7671472854904221,0.705744622990291,0.9577464788732394,0.9855072463768116,0.9714285714285714,0.9444444444444444,0.99469652327637,0.9982259018332348,0.9964580873671782,0.9929411764705882,1.0,0.603515625,0.7527405602923264,0.603515625,0.9087523277467412,0.9833753148614609,0.9445923058311153,0.8950022925263641,0.7947368421052632,0.7438423645320197,0.7684478371501273,0.6239669421487604,0.0,0.0,0.0,0.0,0.9809523809523809,0.8956521739130435,0.9363636363636364,0.8803418803418803
CRF35,CRF28,video70,1194,0.8710217755443886,0.8067683629269581,0.7297680072738663,0.7262481165332056,0.6322206427087886,0.813953488372093,1.0,0.8974358974358974,0.813953488372093,0.9685658153241651,0.9840319361277445,0.9762376237623763,0.9535783365570599,0.972972972972973,0.72,0.8275862068965518,0.7058823529411765,0.7910798122065728,0.9232876712328767,0.8520859671302149,0.7422907488986784,0.7258064516129032,0.989010989010989,0.8372093023255814,0.72,0.375,0.0375,0.06818181818181818,0.03529411764705882,1.0,0.45454545454545453,0.625,0.45454545454545453
CRF35,CRF28,video71,2515,0.8493041749502982,0.751457499518441,0.6385662345236771,0.6680926508987529,0.5693535490102289,1.0,0.3888888888888889,0.56,0.3888888888888889,0.8721030042918455,0.8431535269709544,0.8573839662447257,0.7503692762186115,0.7941176470588235,0.4426229508196721,0.5684210526315789,0.39705882352941174,0.8057851239669421,0.8599779492833517,0.832,0.7123287671232876,0.9081967213114754,0.9787985865724381,0.9421768707482993,0.8906752411575563,0.0,0.0,0.0,0.0,0.88,0.9565217391304348,0.9166666666666666,0.8461538461538461
CRF35,CRF28,video72,3106,0.8895685769478429,0.8870475031522664,0.8468126821141241,0.8441505324338223,0.7410195740182043,1.0,0.4744525547445255,0.6435643564356436,0.4744525547445255,0.8826219512195121,0.9805249788314987,0.9290012033694344,0.8674157303370786,0.9690721649484536,0.831858407079646,0.8952380952380952,0.8103448275862069,0.9737098344693281,0.8347245409015025,0.8988764044943821,0.8163265306122449,0.6964285714285714,1.0,0.8210526315789474,0.6964285714285714,0.6875,0.9450171821305842,0.7959479015918959,0.6610576923076923,1.0,0.8611111111111112,0.9253731343283582,0.8611111111111112
CRF35,CRF28,video73,1356,0.9328908554572272,0.9350125099820537,0.8694725648200778,0.8786908454352107,0.8069255098670342,1.0,0.979381443298969,0.9895833333333333,0.979381443298969,0.9531013615733737,1.0,0.975987606506584,0.9531013615733737,1.0,0.375,0.5454545454545454,0.375,0.8881987577639752,0.9965156794425087,0.9392446633825945,0.8854489164086687,0.8103448275862069,1.0,0.8952380952380952,0.8103448275862069,0.8934426229508197,0.9159663865546218,0.9045643153526971,0.8257575757575758,1.0,0.8194444444444444,0.9007633587786259,0.8194444444444444
CRF35,CRF28,video74,1634,0.6952264381884945,0.7571167500576188,0.589519589817835,0.6268350677124007,0.49209638434919467,1.0,0.7126436781609196,0.8322147651006712,0.7126436781609196,0.7471910112359551,0.642512077294686,0.6909090909090909,0.5277777777777778,0.7435897435897436,0.2248062015503876,0.3452380952380953,0.20863309352517986,0.6784922394678492,0.8656294200848657,0.7607209446861405,0.6138415245737212,0.9381443298969072,0.8921568627450981,0.914572864321608,0.8425925925925926,0.2949640287769784,0.45555555555555555,0.35807860262008734,0.21808510638297873,0.8974358974358975,0.3333333333333333,0.48611111111111105,0.3211009174311927
CRF35,CRF28,video75,1923,0.9199167966718669,0.7624984043080404,0.6820249092741302,0.7084454624572487,0.6179232434836649,1.0,0.7049180327868853,0.8269230769230769,0.7049180327868853,0.7925311203319502,1.0,0.8842592592592593,0.7925311203319502,0.6415094339622641,0.6071428571428571,0.6238532110091742,0.4533333333333333,1.0,0.9370805369127517,0.967518406236466,0.9370805369127517,0.903448275862069,0.9492753623188406,0.9257950530035336,0.8618421052631579,0.0,0.0,0.0,0.0,1.0,0.5757575757575758,0.7307692307692308,0.5757575757575758
CRF35,CRF28,video76,2649,0.7331068327670819,0.8724744199357256,0.6691868131420659,0.6836463434800415,0.5527432100991215,1.0,0.2,0.33333333333333337,0.2,0.9627906976744186,0.672077922077922,0.7915869980879542,0.6550632911392406,1.0,0.27233115468409586,0.4280821917808219,0.27233115468409586,0.6120584652862363,0.9940652818991098,0.7576328684508103,0.6098300970873787,0.6388888888888888,1.0,0.7796610169491525,0.6388888888888888,0.9117647058823529,0.6458333333333334,0.7560975609756098,0.6078431372549019,0.9818181818181818,0.9,0.9391304347826087,0.8852459016393442
CRF35,CRF28,video77,2502,0.9236610711430855,0.8766124436694811,0.8921970153319879,0.8627563283132806,0.769110395480522,1.0,0.7556818181818182,0.86084142394822,0.7556818181818182,0.9035202086049544,1.0,0.9493150684931506,0.9035202086049544,1.0,0.697841726618705,0.8220338983050847,0.697841726618705,0.9642857142857143,0.969532100108814,0.9669017905588715,0.9359243697478992,0.7604166666666666,1.0,0.8639053254437871,0.7604166666666666,1.0,0.8223234624145785,0.9025,0.8223234624145785,0.5080645161290323,1.0,0.6737967914438503,0.5080645161290323
CRF35,CRF28,video78,739,0.8254397834912043,0.8735751092596183,0.6815868464331445,0.7275430086410626,0.5884034030299966,1.0,0.5,0.6666666666666666,0.5,0.829971181556196,1.0,0.9070866141732284,0.829971181556196,0.9310344827586207,0.421875,0.5806451612903226,0.4090909090909091,0.8040201005025126,0.9876543209876543,0.886426592797784,0.7960199004975125,0.725,0.9206349206349206,0.8111888111888111,0.6823529411764706,0.825,0.4520547945205479,0.584070796460177,0.4125,1.0,0.4888888888888889,0.6567164179104478,0.4888888888888889
CRF35,CRF28,video79,3414,0.8927943760984183,0.8608554817727493,0.7327620343267449,0.7536907083892234,0.6364738242010779,1.0,0.4074074074074074,0.5789473684210525,0.4074074074074074,0.9698360655737704,0.9456521739130435,0.9575914535448365,0.9186335403726708,0.92,0.8582089552238806,0.8880308880308881,0.7986111111111112,0.8846480067854113,0.9612903225806452,0.9213780918727915,0.8542178542178542,0.7049180327868853,0.8431372549019608,0.7678571428571429,0.6231884057971014,0.6597938144329897,0.8338762214983714,0.7366906474820144,0.5831435079726651,0.8867924528301887,0.27976190476190477,0.42533936651583715,0.27011494252873564
CRF35,CRF28,video80,1724,0.8741299303944315,0.7832363663027425,0.7232765557437058,0.7185939121109141,0.6094200858019361,1.0,0.49122807017543857,0.6588235294117647,0.49122807017543857,0.9618768328445748,0.9119555143651529,0.9362511893434823,0.8801431127012522,0.9914529914529915,0.8787878787878788,0.931726907630522,0.8721804511278195,0.7205479452054795,1.0,0.8375796178343949,0.7205479452054795,0.7288135593220338,0.9347826086956522,0.819047619047619,0.6935483870967742,0.109375,0.3181818181818182,0.1627906976744186,0.08860759493670886,0.9705882352941176,0.528,0.6839378238341969,0.5196850393700787
CRF35,CRF35,video49,1671,0.943147815679234,0.9282805140591847,0.912215334376471,0.9145795838986798,0.847634950273562,1.0,0.6666666666666666,0.8,0.6666666666666666,0.9213197969543148,0.9577836411609498,0.9391979301423027,0.8853658536585366,0.921875,0.9365079365079365,0.9291338582677166,0.8676470588235294,0.9618055555555556,0.9568221070811744,0.9593073593073593,0.9217970049916805,0.7941176470588235,0.9310344827586207,0.8571428571428571,0.75,0.9766233766233766,0.9715762273901809,0.9740932642487046,0.9494949494949495,0.9222222222222223,0.9651162790697675,0.9431818181818181,0.8924731182795699
CRF35,CRF35,video50,1094,0.8784277879341865,0.777242477452923,0.6022973208404518,0.6355569252514981,0.5347959647255043,1.0,0.23880597014925373,0.38554216867469876,0.23880597014925373,0.8844221105527639,0.9246935201401051,0.9041095890410961,0.825,0.8846153846153846,0.6571428571428571,0.7540983606557377,0.6052631578947368,0.8794520547945206,0.9668674698795181,0.921090387374462,0.8537234042553191,0.7922077922077922,1.0,0.8840579710144928,0.7922077922077922,0.0,0.0,0.0,0.0,1.0,0.42857142857142855,0.6,0.42857142857142855
CRF35,CRF35,video51,2944,0.7941576086956522,0.7854142779056874,0.8196385611448918,0.7633384496727035,0.6327473149319472,1.0,0.6638655462184874,0.797979797979798,0.6638655462184874,0.9837008628954937,0.9087688219663419,0.9447513812154695,0.8952879581151832,0.9704918032786886,0.46835443037974683,0.6318036286019211,0.46177847113884557,0.5514780835881753,0.8986710963455149,0.6835123183828173,0.519193857965451,0.6690647482014388,1.0,0.8017241379310345,0.6690647482014388,0.8743455497382199,0.893048128342246,0.8835978835978837,0.7914691943127962,0.44881889763779526,0.9047619047619048,0.6,0.42857142857142855
CRF35,CRF35,video52,1966,0.9333672431332655,0.8955954899272924,0.9263098946777096,0.9045388663977952,0.8309400238246802,0.970873786407767,0.9090909090909091,0.9389671361502346,0.8849557522123894,0.9005736137667304,0.9936708860759493,0.9448345035105316,0.8954372623574145,0.983739837398374,0.7400611620795107,0.8446771378708551,0.7311178247734139,0.920863309352518,0.9795918367346939,0.9493201483312732,0.9035294117647059,0.7764705882352941,0.9850746268656716,0.8684210526315789,0.7674418604651163,0.9925093632958801,0.9636363636363636,0.977859778597786,0.9566787003610109,0.7241379310344828,0.9130434782608695,0.8076923076923076,0.6774193548387096
CRF35,CRF35,video53,3283,0.9034419738044471,0.8076472186220605,0.8683627549640927,0.8020912680993323,0.7017111654226319,1.0,0.7313432835820896,0.8448275862068965,0.7313432835820896,0.9818365287588294,0.8877737226277372,0.9324389075227599,0.8734290843806104,0.8333333333333334,1.0,0.9090909090909091,0.8333333333333334,0.9801980198019802,0.9654913728432108,0.9727891156462585,0.9470198675496688,0.25833333333333336,1.0,0.41059602649006627,0.25833333333333336,0.8788990825688073,0.8050420168067227,0.8403508771929825,0.7246596066565809,0.7209302325581395,0.6888888888888889,0.7045454545454545,0.543859649122807
CRF35,CRF35,video54,3100,0.8896774193548387,0.9069138320229534,0.8840195715728251,0.88251413434271,0.7946871495789557,0.991304347826087,0.912,0.9500000000000001,0.9047619047619048,0.807351940095303,0.9991575400168492,0.8930722891566265,0.8068027210884354,1.0,0.6615384615384615,0.7962962962962964,0.6615384615384615,0.9970457902511078,0.7409440175631175,0.8501259445843828,0.7393209200438116,0.7087378640776699,1.0,0.8295454545454545,0.7087378640776699,0.9795501022494888,0.9637826961770624,0.9716024340770791,0.9447731755424064,0.864406779661017,0.9107142857142857,0.8869565217391304,0.796875
CRF35,CRF35,video55,1037,0.9170684667309547,0.8783777709013115,0.8205141361160616,0.8266983275013265,0.72145436832669,1.0,0.8095238095238095,0.8947368421052632,0.8095238095238095,0.9313131313131313,1.0,0.9644351464435147,0.9313131313131313,0.8448275862068966,0.620253164556962,0.7153284671532847,0.5568181818181818,1.0,0.9327217125382263,0.9651898734177216,0.9327217125382263,0.7605633802816901,1.0,0.864,0.7605633802816901,0.6119402985074627,0.8913043478260869,0.7256637168141593,0.5694444444444444,1.0,0.4897959183673469,0.6575342465753424,0.4897959183673469
CRF35,CRF35,video56,1834,0.8991275899672846,0.8809702369650346,0.8461817311194141,0.8409135837355584,0.7384425597363603,1.0,0.4857142857142857,0.6538461538461539,0.4857142857142857,0.9408602150537635,0.9831460674157303,0.9615384615384615,0.9259259259259259,0.8979591836734694,0.9166666666666666,0.9072164948453607,0.8301886792452831,0.9556541019955654,0.8288461538461539,0.8877445932028837,0.7981481481481482,0.5576923076923077,1.0,0.7160493827160493,0.5576923076923077,0.9166666666666666,0.8461538461538461,0.8799999999999999,0.7857142857142857,0.8979591836734694,0.8627450980392157,0.8799999999999999,0.7857142857142857
CRF35,CRF35,video57,2632,0.9319908814589666,0.9151828735104933,0.8901423684700849,0.8997341262063242,0.8259219416313519,1.0,0.9241379310344827,0.9605734767025089,0.9241379310344827,0.9766206163655685,0.9377551020408164,0.956793336803748,0.9171656686626747,0.8333333333333334,0.8375634517766497,0.8354430379746836,0.717391304347826,0.9097222222222222,0.9913513513513513,0.9487842731505433,0.9025590551181102,0.8602150537634409,0.9876543209876543,0.9195402298850573,0.851063829787234,0.8333333333333334,0.6643356643356644,0.7392996108949418,0.5864197530864198,0.9930555555555556,0.8881987577639752,0.9377049180327869,0.8827160493827161
CRF35,CRF35,video58,5993,0.6674453529117303,0.7188826673846794,0.6995177201284356,0.6539140222605645,0.5070307815650185,1.0,0.2875,0.44660194174757273,0.2875,0.96875,0.5766164747564216,0.7229317046085508,0.5660869565217391,0.32356134636264927,0.4421364985163205,0.37366771159874607,0.22976098689282962,0.5198863636363636,0.9660633484162896,0.6759894459102902,0.5105619768832204,0.5471698113207547,0.9830508474576272,0.7030303030303029,0.5420560747663551,0.833922261484099,0.8708487084870848,0.851985559566787,0.7421383647798742,0.8388888888888889,0.7704081632653061,0.8031914893617023,0.6711111111111111
CRF35,CRF35,video59,1046,0.9416826003824091,0.9400399425683271,0.873678107606679,0.8941360878974203,0.8176584951282891,1.0,1.0,1.0,1.0,0.9680170575692963,1.0,0.9837486457204767,0.9680170575692963,0.9833333333333333,0.7375,0.842857142857143,0.7283950617283951,0.926984126984127,1.0,0.9621087314662273,0.926984126984127,0.9782608695652174,0.6818181818181818,0.8035714285714285,0.6716417910447762,0.7236842105263158,0.9821428571428571,0.8333333333333334,0.7142857142857143,1.0,0.7142857142857143,0.8333333333333333,0.7142857142857143
CRF35,CRF35,video60,2532,0.7954186413902053,0.7637524293802841,0.7338802317556422,0.6881534766792486,0.6030663633207703,1.0,0.8390092879256966,0.9124579124579125,0.8390092879256966,0.9579439252336449,0.8070866141732284,0.8760683760683761,0.779467680608365,0.9,0.8571428571428571,0.8780487804878048,0.782608695652174,0.18609022556390978,0.9339622641509434,0.3103448275862069,0.1836734693877551,0.9385964912280702,0.9907407407407407,0.9639639639639639,0.9304347826086956,0.36363636363636365,0.0425531914893617,0.07619047619047618,0.039603960396039604,1.0,0.6666666666666666,0.8,0.6666666666666666
CRF35,CRF35,video61,4409,0.8961215695168973,0.7930048555743435,0.7396627684421565,0.701155600744045,0.6013245475769562,1.0,0.8191964285714286,0.9006134969325154,0.8191964285714286,0.8654708520179372,1.0,0.9278846153846153,0.8654708520179372,0.864,0.5654450261780105,0.6835443037974683,0.5192307692307693,0.9828451882845188,0.918295543393276,0.9494745351657236,0.9038091573682185,0.25,1.0,0.4,0.25,0.6153846153846154,0.11428571428571428,0.19277108433734938,0.10666666666666667,0.9733333333333334,0.7604166666666666,0.8538011695906432,0.7448979591836735
CRF35,CRF35,video62,2032,0.937007874015748,0.8917782207623887,0.9144325964319633,0.9003080985549039,0.8248847199533867,1.0,1.0,1.0,1.0,0.9620853080568721,0.9485981308411215,0.9552941176470588,0.9144144144144144,0.7096774193548387,0.9428571428571428,0.8098159509202454,0.6804123711340206,0.9433962264150944,0.9285714285714286,0.9359251259899208,0.8795669824086604,0.8490566037735849,0.8333333333333334,0.8411214953271028,0.7258064516129032,0.883495145631068,0.9381443298969072,0.9099999999999999,0.8348623853211009,0.8947368421052632,0.8095238095238095,0.8500000000000001,0.7391304347826086
CRF35,CRF35,video63,3433,0.832508010486455,0.6470489478556819,0.7871754897231078,0.6428036379647182,0.5149007044859568,1.0,0.5666666666666667,0.7234042553191489,0.5666666666666667,0.9750445632798574,0.9286926994906621,0.951304347826087,0.9071310116086235,0.42452830188679247,1.0,0.5960264900662252,0.42452830188679247,0.9817073170731707,0.8455142231947483,0.9085351516576534,0.8323998276604911,0.6923076923076923,0.5443548387096774,0.6094808126410836,0.4383116883116883,0.26044226044226043,1.0,0.41325536062378165,0.26044226044226043,0.1953125,0.625,0.2976190476190476,0.17482517482517482
CRF35,CRF35,video64,2398,0.9107589658048374,0.8917967331918252,0.8876378828072221,0.886190560332825,0.8012588292873707,0.9242424242424242,1.0,0.9606299212598425,0.9242424242424242,1.0,0.9109848484848485,0.9534192269573835,0.9109848484848485,0.8070175438596491,0.8932038834951457,0.847926267281106,0.736,0.8355855855855856,0.9712041884816754,0.8983050847457626,0.8153846153846154,0.8796296296296297,0.9313725490196079,0.9047619047619048,0.8260869565217391,0.8482758620689655,0.6871508379888268,0.7592592592592592,0.6119402985074627,0.9478260869565217,0.8195488721804511,0.8790322580645162,0.7841726618705036
CRF35,CRF35,video65,1873,0.9204484783769354,0.6692302997197731,0.7076292872407132,0.6769216806566807,0.6011769549544014,1.0,0.8072289156626506,0.8933333333333333,0.8072289156626506,0.9702643171806168,0.9843575418994414,0.9772601220188575,0.955531453362256,0.8524590163934426,0.9629629629629629,0.9043478260869565,0.8253968253968254,1.0,0.8873517786561265,0.9403141361256544,0.8873517786561265,0.5460992907801419,0.9871794871794872,0.7031963470319634,0.5422535211267606,0.0,0.0,0.0,0.0,0.3157894736842105,0.32432432432432434,0.32,0.19047619047619047
CRF35,CRF35,video66,1824,0.9418859649122807,0.891201108225423,0.8510595580301106,0.8686249753635229,0.7845831412320046,0.8888888888888888,0.96,0.923076923076923,0.8571428571428571,0.9730941704035875,1.0,0.9863636363636364,0.9730941704035875,0.9328859060402684,0.86875,0.8996763754045307,0.8176470588235294,0.9496688741721855,0.9862448418156808,0.9676113360323887,0.9372549019607843,0.8026315789473685,0.7349397590361446,0.7672955974842768,0.6224489795918368,0.704225352112676,0.5813953488372093,0.6369426751592356,0.4672897196261682,0.987012987012987,0.8260869565217391,0.8994082840236687,0.8172043010752689
CRF35,CRF35,video67,2353,0.8988525286867828,0.8079755758167454,0.9197788830910072,0.8326107742658824,0.7412159641411623,1.0,0.9637305699481865,0.9815303430079156,0.9637305699481865,0.9908616187989556,0.8918918918918919,0.9387755102040817,0.8846153846153846,0.762962962962963,0.944954128440367,0.8442622950819672,0.7304964539007093,0.9291005291005291,0.8868686868686869,0.9074935400516797,0.8306527909176916,0.6635514018691588,0.8987341772151899,0.7634408602150539,0.6173913043478261,0.30935251798561153,1.0,0.4725274725274725,0.30935251798561153,1.0,0.8522727272727273,0.9202453987730062,0.8522727272727273
CRF35,CRF35,video68,1972,0.9396551724137931,0.876821835998924,0.9300685893195679,0.8909209646884183,0.812761118109614,0.9423076923076923,0.9607843137254902,0.9514563106796117,0.9074074074074074,0.995049504950495,0.9721886336154776,0.9834862385321101,0.9675090252707581,0.8518518518518519,0.9938271604938271,0.9173789173789174,0.8473684210526315,0.9921568627450981,0.949343339587242,0.9702780441035475,0.9422718808193669,0.7738095238095238,0.9420289855072463,0.849673202614379,0.7386363636363636,0.9782608695652174,0.6923076923076923,0.8108108108108107,0.6818181818181818,0.60431654676259,1.0,0.7533632286995516,0.60431654676259
CRF35,CRF35,video69,4575,0.9630601092896175,0.8077329049160838,0.7639495794728212,0.7834089116340587,0.7307890301731745,0.9577464788732394,0.9855072463768116,0.9714285714285714,0.9444444444444444,0.9994079336885732,0.9982259018332348,0.9988165680473373,0.9976359338061466,1.0,0.87890625,0.9355509355509356,0.87890625,0.9698467622343054,0.9884130982367758,0.9790419161676646,0.9589442815249267,0.7715736040609137,0.7487684729064039,0.7599999999999999,0.6129032258064516,0.0,0.0,0.0,0.0,0.9555555555555556,0.7478260869565218,0.8390243902439025,0.7226890756302521
CRF35,CRF35,video70,1194,0.9128978224455612,0.8710779434743756,0.8087126899548532,0.8163963971747777,0.7407892649626804,0.8536585365853658,1.0,0.9210526315789475,0.8536585365853658,0.9860557768924303,0.9880239520958084,0.98703888334995,0.9744094488188977,0.9183673469387755,0.9,0.9090909090909091,0.8333333333333334,0.8372641509433962,0.9726027397260274,0.8998732572877061,0.8179723502304147,0.9456521739130435,0.9560439560439561,0.9508196721311475,0.90625,0.6190476190476191,0.1625,0.25742574257425743,0.14772727272727273,0.9375,0.6818181818181818,0.7894736842105263,0.6521739130434783
CRF35,CRF35,video71,2515,0.869582504970179,0.7427797129391394,0.7272032214197851,0.7285689245859102,0.6413141542760987,0.8974358974358975,0.9722222222222222,0.9333333333333333,0.875,0.9452449567723343,0.816597510373444,0.8762243989314337,0.7797147385103012,0.8095238095238095,0.8360655737704918,0.8225806451612904,0.6986301369863014,0.7913461538461538,0.9073869900771775,0.8454031843862353,0.7322064056939501,0.8892405063291139,0.9929328621908127,0.9382303839732887,0.8836477987421384,0.0,0.0,0.0,0.0,0.8666666666666667,0.5652173913043478,0.6842105263157895,0.52
CRF35,CRF35,video72,3106,0.847070186735351,0.8692760820785744,0.8731505351062211,0.8471038358447193,0.7474381295948337,1.0,0.6131386861313869,0.7601809954751131,0.6131386861313869,0.8813432835820896,1.0,0.9369297897659659,0.8813432835820896,0.9090909090909091,0.9734513274336283,0.9401709401709402,0.8870967741935484,1.0,0.664440734557596,0.79839518555667,0.664440734557596,0.8333333333333334,0.9615384615384616,0.8928571428571429,0.8064516129032258,0.5,0.9828178694158075,0.6628041714947855,0.49566724436741766,0.9611650485436893,0.9166666666666666,0.9383886255924171,0.8839285714285714
CRF35,CRF35,video73,1356,0.9587020648967551,0.9446728184359368,0.9207292139128126,0.9273131621570855,0.8695340855883743,1.0,0.9484536082474226,0.9735449735449735,0.9484536082474226,0.987460815047022,1.0,0.9936908517350158,0.987460815047022,1.0,0.7115384615384616,0.8314606741573033,0.7115384615384616,0.9102564102564102,0.9895470383275261,0.9482470784641068,0.9015873015873016,0.7758620689655172,0.9574468085106383,0.8571428571428572,0.75,0.9391304347826087,0.907563025210084,0.9230769230769231,0.8571428571428571,1.0,0.9305555555555556,0.9640287769784173,0.9305555555555556
CRF35,CRF35,video74,1634,0.7931456548347613,0.7992528329963197,0.7013672578603527,0.7301486675580335,0.6301842895565958,1.0,0.6436781609195402,0.7832167832167831,0.6436781609195402,0.9424657534246575,0.8309178743961353,0.883183568677792,0.7908045977011494,0.9457364341085271,0.9457364341085271,0.945736434108527,0.8970588235294118,0.8190348525469169,0.8642149929278642,0.8410185822436338,0.7256532066508313,0.9693877551020408,0.9313725490196079,0.95,0.9047619047619048,0.15343915343915343,0.32222222222222224,0.20788530465949823,0.116,0.7647058823529411,0.37142857142857144,0.5,0.3333333333333333
CRF35,CRF35,video75,1923,0.9152366094643786,0.7260832716759767,0.702397178429653,0.7048775366744147,0.6131436809268331,1.0,0.6885245901639344,0.8155339805825244,0.6885245901639344,0.8162393162393162,1.0,0.8988235294117647,0.8162393162393162,0.5194805194805194,0.7142857142857143,0.6015037593984963,0.43010752688172044,1.0,0.927013422818792,0.9621245102307356,0.927013422818792,0.900709219858156,0.9202898550724637,0.9103942652329748,0.8355263157894737,0.0,0.0,0.0,0.0,0.8461538461538461,0.6666666666666666,0.7457627118644068,0.5945945945945946
CRF35,CRF35,video76,2649,0.7365043412608532,0.8332474431125008,0.6475982977790823,0.6366183609154362,0.5063480468325339,1.0,0.06666666666666667,0.125,0.06666666666666667,0.9548286604361371,0.6634199134199135,0.7828863346104726,0.6432318992654774,0.9739130434782609,0.4880174291938998,0.6502177068214804,0.4817204301075269,0.6301003344481605,0.9317507418397626,0.7517956903431765,0.6023017902813299,0.4011627906976744,1.0,0.5726141078838174,0.4011627906976744,0.8727272727272727,0.5,0.6357615894039735,0.46601941747572817,1.0,0.8833333333333333,0.9380530973451328,0.8833333333333333
CRF35,CRF35,video77,2502,0.9236610711430855,0.8670605051083117,0.9003421575415478,0.861291761039317,0.7679970916401652,1.0,0.7159090909090909,0.8344370860927153,0.7159090909090909,0.8998699609882965,0.9985569985569985,0.9466484268125855,0.8987012987012987,0.991304347826087,0.8201438848920863,0.8976377952755905,0.8142857142857143,0.9802631578947368,0.9727965179542981,0.9765155652648825,0.9541088580576307,0.7019230769230769,1.0,0.8248587570621468,0.7019230769230769,1.0,0.7949886104783599,0.8857868020304568,0.7949886104783599,0.49606299212598426,1.0,0.6631578947368421,0.49606299212598426
CRF35,CRF35,video78,739,0.8335588633288228,0.8306647873724681,0.7293774965823238,0.7484407713916887,0.6216647339714092,1.0,0.6136363636363636,0.7605633802816901,0.6136363636363636,0.9201277955271565,1.0,0.9584026622296172,0.9201277955271565,0.7466666666666667,0.875,0.8057553956834532,0.6746987951807228,0.7409326424870466,0.8827160493827161,0.8056338028169014,0.6745283018867925,0.7402597402597403,0.9047619047619048,0.8142857142857143,0.6867469879518072,0.7407407407407407,0.273972602739726,0.4,0.25,0.9259259259259259,0.5555555555555556,0.6944444444444444,0.5319148936170213
CRF35,CRF35,video79,3414,0.8427065026362038,0.8151581476507188,0.7708852715198827,0.7535326009249605,0.6264757291300287,1.0,0.7592592592592593,0.8631578947368421,0.7592592592592593,0.9905437352245863,0.8037084398976982,0.887398517472644,0.7975888324873096,0.6074766355140186,0.9701492537313433,0.7471264367816092,0.5963302752293578,0.8012185833968012,0.9695852534562212,0.8773978315262718,0.7815750371471025,0.7628865979381443,0.7254901960784313,0.743718592964824,0.592,0.6481481481481481,0.9120521172638436,0.7577807848443843,0.6100217864923747,0.8958333333333334,0.25595238095238093,0.3981481481481481,0.24855491329479767
CRF35,CRF35,video80,1724,0.8561484918793504,0.789943419967506,0.772509871514642,0.7410920206919741,0.6180828206351475,1.0,0.5263157894736842,0.6896551724137931,0.5263157894736842,0.9731127197518097,0.8721037998146431,0.9198435972629521,0.8515837104072398,0.8819444444444444,0.9621212121212122,0.9202898550724637,0.8523489932885906,0.6352357320099256,0.973384030418251,0.7687687687687688,0.624390243902439,0.8297872340425532,0.8478260869565217,0.8387096774193549,0.7222222222222222,0.23809523809523808,0.6818181818181818,0.3529411764705882,0.21428571428571427,0.9714285714285714,0.544,0.6974358974358974,0.5354330708661418
CRF35,CRF51,video49,1671,0.8898862956313585,0.8802460988596927,0.8054134905398035,0.8082621563866892,0.6954072400919957,1.0,0.5,0.6666666666666666,0.5,0.8737864077669902,0.9498680738786279,0.9102402022756005,0.8352668213457076,1.0,0.42857142857142855,0.6,0.42857142857142855,0.909556313993174,0.9205526770293609,0.9150214592274678,0.8433544303797469,0.672,0.9655172413793104,0.7924528301886793,0.65625,0.9807162534435262,0.9198966408268734,0.9493333333333333,0.9035532994923858,0.7256637168141593,0.9534883720930233,0.8241206030150754,0.7008547008547008
CRF35,CRF51,video50,1094,0.8464351005484461,0.6381165002412725,0.49401488881000644,0.50124765602177,0.4214071611060176,1.0,0.14925373134328357,0.2597402597402597,0.14925373134328357,0.8998242530755711,0.8966725043782837,0.8982456140350877,0.8152866242038217,0.0,0.0,0.0,0.0,0.7775175644028103,1.0,0.8748353096179183,0.7775175644028103,0.7894736842105263,0.9836065573770492,0.8759124087591241,0.7792207792207793,0.0,0.0,0.0,0.0,1.0,0.42857142857142855,0.6,0.42857142857142855
CRF35,CRF51,video51,2944,0.7245244565217391,0.8212975135203601,0.7898173768978834,0.7257998650103875,0.631165577120567,1.0,0.9495798319327731,0.9741379310344828,0.9495798319327731,0.9757281553398058,0.8901682905225864,0.9309865678554887,0.8708838821490468,1.0,0.06487341772151899,0.12184249628528976,0.06487341772151899,0.44237012987012986,0.9053156146179402,0.5943293347873501,0.42280837858805276,0.5535714285714286,1.0,0.7126436781609196,0.5535714285714286,0.9153439153439153,0.9251336898395722,0.9202127659574467,0.8522167487684729,0.8620689655172413,0.7936507936507936,0.8264462809917354,0.704225352112676
CRF35,CRF51,video52,1966,0.8357070193285859,0.8580179527758611,0.8482843815558689,0.8060292419351592,0.7148240094904599,0.981651376146789,0.9727272727272728,0.9771689497716896,0.9553571428571429,0.7827529021558872,0.9957805907172996,0.8765088207985144,0.7801652892561983,0.9726027397260274,0.21712538226299694,0.355,0.21580547112462006,0.742,0.9464285714285714,0.8318385650224215,0.7120921305182342,0.5630252100840336,1.0,0.7204301075268817,0.5630252100840336,0.9884836852207294,0.9363636363636364,0.96171802054155,0.9262589928057554,0.975609756097561,0.8695652173913043,0.9195402298850575,0.851063829787234
CRF35,CRF51,video53,3283,0.8973499847700274,0.823693888253848,0.7130788623717643,0.7133110864645303,0.5979064811356326,1.0,0.6268656716417911,0.7706422018348624,0.6268656716417911,0.9075770191507078,0.9945255474452555,0.9490639965171964,0.9030654515327258,0.6923076923076923,0.4235294117647059,0.5255474452554745,0.3564356435643564,0.9951612903225806,0.9257314328582146,0.9591916051301983,0.9215832710978342,0.22270742358078602,0.8225806451612904,0.35051546391752575,0.2125,0.9481037924151696,0.7983193277310925,0.8667883211678832,0.7648953301127214,1.0,0.4,0.5714285714285715,0.4
CRF35,CRF51,video54,3100,0.8274193548387097,0.8869518856333511,0.7234955103819055,0.7284408972866699,0.6154183462978706,1.0,0.32,0.48484848484848486,0.32,0.7193939393939394,1.0,0.836799436023969,0.7193939393939394,1.0,0.17435897435897435,0.296943231441048,0.17435897435897435,0.9984917043740573,0.7266739846322722,0.8411689961880559,0.7258771929824561,0.7019230769230769,1.0,0.8248587570621468,0.7019230769230769,0.9609856262833676,0.9416498993963782,0.9512195121951219,0.9069767441860465,0.8278688524590164,0.9017857142857143,0.8632478632478632,0.7593984962406015
CRF35,CRF51,video55,1037,0.8621022179363549,0.7124467136750138,0.641911685182364,0.6404096004961494,0.5343881219623746,1.0,0.47619047619047616,0.6451612903225806,0.47619047619047616,0.8934108527131783,1.0,0.9437052200614126,0.8934108527131783,0.0,0.0,0.0,0.0,0.9014084507042254,0.9785932721712538,0.9384164222873901,0.8839779005524862,0.6923076923076923,1.0,0.8181818181818181,0.6923076923076923,0.5,0.6304347826086957,0.5576923076923076,0.38666666666666666,1.0,0.40816326530612246,0.5797101449275363,0.40816326530612246
CRF35,CRF51,video56,1834,0.8369683751363141,0.8503018822845225,0.6509322311465641,0.6669970766341207,0.5370340889237336,1.0,0.11428571428571428,0.20512820512820512,0.11428571428571428,0.8631067961165049,0.998876404494382,0.9260416666666665,0.8622696411251213,0.8333333333333334,0.4166666666666667,0.5555555555555556,0.38461538461538464,0.9636803874092009,0.7653846153846153,0.8531618435155414,0.7439252336448599,0.48739495798319327,1.0,0.655367231638418,0.48739495798319327,0.8045977011494253,0.6730769230769231,0.7329842931937174,0.5785123966942148,1.0,0.5882352941176471,0.7407407407407407,0.5882352941176471
CRF35,CRF51,video57,2632,0.6155015197568389,0.6936184195554146,0.5692537632225113,0.5380519502666369,0.399367754423846,0.9166666666666666,0.15172413793103448,0.2603550295857988,0.14965986394557823,0.6647127784290738,0.5785714285714286,0.618657937806874,0.44786729857819907,0.4978902953586498,0.5989847715736041,0.5437788018433181,0.37341772151898733,0.5823327615780446,0.7340540540540541,0.6494500239120038,0.48087818696883855,0.42045454545454547,0.9135802469135802,0.5758754863813229,0.40437158469945356,0.8571428571428571,0.1258741258741259,0.21951219512195125,0.1232876712328767,0.9161290322580645,0.8819875776397516,0.8987341772151899,0.8160919540229885
CRF35,CRF51,video58,5993,0.6090438845319539,0.6200541744404248,0.5461448895984132,0.5264013754675612,0.3959231295265764,0.75,0.225,0.3461538461538462,0.20930232558139536,0.7340425531914894,0.7537643932683791,0.7437727603787327,0.5920686456400742,0.3448275862068966,0.04451038575667656,0.07884362680683313,0.04103967168262654,0.35244608100999475,0.5052790346907994,0.4152463588472265,0.26202581149784904,0.373134328358209,0.847457627118644,0.5181347150259067,0.34965034965034963,0.9265536723163842,0.6051660516605166,0.7321428571428571,0.5774647887323944,0.859375,0.8418367346938775,0.8505154639175259,0.7399103139013453
CRF35,CRF51,video59,1046,0.861376673040153,0.8549772550218753,0.6687597247284136,0.7120846021006563,0.586709950133483,1.0,0.45714285714285713,0.6274509803921569,0.45714285714285713,0.8549905838041432,1.0,0.9218274111675128,0.8549905838041432,0.8421052631578947,0.2,0.32323232323232326,0.1927710843373494,0.9177215189873418,0.9931506849315068,0.9539473684210527,0.9119496855345912,0.7142857142857143,0.6818181818181818,0.6976744186046512,0.5357142857142857,0.6557377049180327,0.7142857142857143,0.6837606837606838,0.5194805194805194,1.0,0.6349206349206349,0.7766990291262136,0.6349206349206349
CRF35,CRF51,video60,2532,0.7551342812006319,0.6164504299774786,0.5426669967493053,0.5162790939844839,0.39970186712703243,1.0,0.43962848297213625,0.6107526881720431,0.43962848297213625,0.861624649859944,0.8650168728908887,0.8633174291327533,0.7595061728395062,0.4418604651162791,0.2261904761904762,0.2992125984251969,0.17592592592592593,0.23671497584541062,0.9245283018867925,0.3769230769230769,0.23222748815165878,0.8305084745762712,0.9074074074074074,0.8672566371681415,0.765625,0.0,0.0,0.0,0.0,0.9444444444444444,0.4358974358974359,0.5964912280701755,0.425
CRF35,CRF51,video61,4409,0.7477886141982308,0.49773698937301897,0.569114325399145,0.4769331620005294,0.3731738885717156,1.0,0.4799107142857143,0.6485671191553544,0.4799107142857143,0.6092757306226175,0.9937823834196892,0.7554155179204413,0.6069620253164557,0.0,0.0,0.0,0.0,0.9314744801512287,0.7705238467552775,0.8433889602053914,0.7291897891231964,0.21891891891891893,1.0,0.3592017738359202,0.21891891891891893,0.0,0.0,0.0,0.0,0.7244897959183674,0.7395833333333334,0.731958762886598,0.5772357723577236
CRF35,CRF51,video62,2032,0.8095472440944882,0.9047487105637294,0.8276185917301907,0.8588708839874103,0.7587913631641294,1.0,0.8,0.888888888888889,0.8,0.8085664335664335,0.8644859813084113,0.8355916892502258,0.7176105508145849,0.9615384615384616,0.7142857142857143,0.819672131147541,0.6944444444444444,0.7644305772230889,0.7,0.7307979120059657,0.5757931844888367,0.8666666666666667,0.9629629629629629,0.912280701754386,0.8387096774193549,0.9320388349514563,0.9896907216494846,0.9600000000000001,0.9230769230769231,1.0,0.7619047619047619,0.8648648648648648,0.7619047619047619
CRF35,CRF51,video63,3433,0.7276434605301486,0.5374824540803974,0.5590437869101591,0.4819221421643425,0.3819512592727971,1.0,0.55,0.7096774193548387,0.55,0.9841897233201581,0.8455008488964346,0.9095890410958904,0.8341708542713567,0.5483870967741935,0.37777777777777777,0.4473684210526315,0.288135593220339,0.9378590078328982,0.7859956236323851,0.8552380952380951,0.7470881863560732,0.013888888888888888,0.004032258064516129,0.0062499999999999995,0.003134796238244514,0.14343707713125844,1.0,0.250887573964497,0.14343707713125844,0.1346153846153846,0.35,0.19444444444444445,0.1076923076923077
CRF35,CRF51,video64,2398,0.7572977481234362,0.716422236633994,0.6832291378841917,0.6211530334195924,0.5077955885650478,0.6777777777777778,1.0,0.8079470198675497,0.6777777777777778,0.9734513274336283,0.8333333333333334,0.8979591836734695,0.8148148148148148,0.5,0.009708737864077669,0.019047619047619046,0.009615384615384616,0.6504329004329005,0.7866492146596858,0.7120853080568721,0.5528978840846366,0.3333333333333333,0.9607843137254902,0.49494949494949486,0.3288590604026846,0.8888888888888888,0.3575418994413408,0.5099601593625498,0.3422459893048128,0.9910714285714286,0.8345864661654135,0.9061224489795919,0.8283582089552238
CRF35,CRF51,video65,1873,0.9636946075814202,0.7955710007601906,0.7886879936382295,0.7914372241399098,0.7386223619148745,1.0,0.9036144578313253,0.9493670886075949,0.9036144578313253,0.9603004291845494,1.0,0.9797482211275315,0.9603004291845494,0.9223300970873787,0.8796296296296297,0.9004739336492891,0.8189655172413793,1.0,0.9624505928853755,0.9808660624370594,0.9624505928853755,0.8658536585365854,0.9102564102564102,0.8875000000000001,0.797752808988764,0.0,0.0,0.0,0.0,0.8205128205128205,0.8648648648648649,0.8421052631578947,0.7272727272727273
CRF35,CRF51,video66,1824,0.8130482456140351,0.7030497561510219,0.6567052019151506,0.6559919563243826,0.5543390454155837,1.0,0.52,0.6842105263157895,0.52,0.7233333333333334,1.0,0.8394584139264991,0.7233333333333334,0.0,0.0,0.0,0.0,0.9889240506329114,0.859697386519945,0.919793966151582,0.8514986376021798,0.5,0.8072289156626506,0.6175115207373272,0.44666666666666666,0.7090909090909091,0.45348837209302323,0.5531914893617021,0.38235294117647056,1.0,0.9565217391304348,0.9777777777777777,0.9565217391304348
CRF35,CRF51,video67,2353,0.8763280917977051,0.7832484027048806,0.8151975854768231,0.7745834970413784,0.6667997400575519,1.0,0.7046632124352331,0.8267477203647416,0.7046632124352331,0.9372146118721462,0.9647473560517039,0.9507817023740591,0.9061810154525386,0.5757575757575758,0.3486238532110092,0.4342857142857143,0.2773722627737226,0.917981072555205,0.8818181818181818,0.8995363214837713,0.8174157303370787,0.39325842696629215,0.8860759493670886,0.5447470817120622,0.37433155080213903,0.7166666666666667,1.0,0.8349514563106796,0.7166666666666667,0.9418604651162791,0.9204545454545454,0.9310344827586208,0.8709677419354839
CRF35,CRF51,video68,1972,0.8899594320486816,0.8492664114191746,0.8090990626528721,0.784688668957073,0.6647475307087356,1.0,0.46078431372549017,0.6308724832214765,0.46078431372549017,0.9291338582677166,0.9987908101571947,0.9627039627039627,0.9280898876404494,0.976,0.7530864197530864,0.8501742160278745,0.7393939393939394,0.948051948051948,0.9587242026266416,0.9533582089552238,0.910873440285205,0.5897435897435898,1.0,0.7419354838709677,0.5897435897435898,0.96,0.49230769230769234,0.6508474576271186,0.4824120603015075,0.5419354838709678,1.0,0.7029288702928871,0.5419354838709678
CRF35,CRF51,video69,4575,0.8459016393442623,0.7856244393573658,0.5750372101687956,0.5964031931583768,0.5191731380239608,1.0,0.43478260869565216,0.6060606060606061,0.43478260869565216,0.9698403311649911,0.9698403311649911,0.9698403311649911,0.9414466130884042,1.0,0.02734375,0.053231939163498096,0.02734375,0.781957928802589,0.9738035264483628,0.867399596140902,0.7658478605388273,0.7475728155339806,0.7586206896551724,0.7530562347188264,0.6039215686274509,0.0,0.0,0.0,0.0,1.0,0.8608695652173913,0.9252336448598132,0.8608695652173913
CRF35,CRF51,video70,1194,0.7537688442211056,0.695684834136543,0.5984981057803809,0.5727444991472966,0.4541442992291383,0.7777777777777778,1.0,0.8750000000000001,0.7777777777777778,0.814262023217247,0.9800399201596807,0.8894927536231885,0.800978792822186,0.17391304347826086,0.04,0.06504065040650407,0.03361344537815126,0.8528428093645485,0.6986301369863014,0.7680722891566265,0.6234718826405868,0.45789473684210524,0.9560439560439561,0.6192170818505338,0.4484536082474227,0.7931034482758621,0.2875,0.4220183486238532,0.26744186046511625,1.0,0.22727272727272727,0.37037037037037035,0.22727272727272727
CRF35,CRF51,video71,2515,0.9435387673956263,0.6867199464012251,0.5342900818189634,0.5657136617217998,0.5067243139344743,1.0,0.2222222222222222,0.3636363636363636,0.2222222222222222,0.9226646248085758,1.0,0.9597769812823577,0.9226646248085758,0.0,0.0,0.0,0.0,1.0,0.9525909592061742,0.9757199322416713,0.9525909592061742,0.884375,1.0,0.9386401326699835,0.884375,0.0,0.0,0.0,0.0,1.0,0.5652173913043478,0.7222222222222222,0.5652173913043478
CRF35,CRF51,video72,3106,0.8789439793947199,0.8482836830289021,0.8054103714369106,0.803217157861256,0.6832102235237381,1.0,0.5328467153284672,0.6952380952380952,0.5328467153284672,0.9078947368421053,0.934801016088061,0.921151439299124,0.8538283062645011,0.7848101265822784,0.5486725663716814,0.6458333333333334,0.47692307692307695,0.9202834366696191,0.8672787979966611,0.8929952728835411,0.8066770186335404,0.592,0.9487179487179487,0.729064039408867,0.5736434108527132,0.7329974811083123,1.0,0.8459302325581395,0.7329974811083123,1.0,0.8055555555555556,0.8923076923076924,0.8055555555555556
CRF35,CRF51,video73,1356,0.9336283185840708,0.924193260612748,0.8660096971111659,0.881645962085263,0.7980425808416554,1.0,0.8969072164948454,0.9456521739130436,0.8969072164948454,0.9402985074626866,1.0,0.9692307692307692,0.9402985074626866,1.0,0.5673076923076923,0.7239263803680982,0.5673076923076923,0.944078947368421,1.0,0.9712351945854484,0.944078947368421,0.7142857142857143,0.9574468085106383,0.8181818181818182,0.6923076923076923,0.8706896551724138,0.8487394957983193,0.8595744680851064,0.753731343283582,1.0,0.7916666666666666,0.8837209302325582,0.7916666666666666
CRF35,CRF51,video74,1634,0.565483476132191,0.6954399795153415,0.5420659942567849,0.5501480497119672,0.4052820494853186,1.0,0.6206896551724138,0.7659574468085107,0.6206896551724138,0.8472222222222222,0.5893719806763285,0.6951566951566951,0.5327510917030568,0.7096774193548387,0.17054263565891473,0.275,0.15942028985507245,0.5930555555555556,0.6039603960396039,0.598458304134548,0.427,0.8152173913043478,0.7352941176470589,0.7731958762886598,0.6302521008403361,0.16290726817042606,0.7222222222222222,0.2658486707566462,0.15330188679245282,0.74,0.3523809523809524,0.4774193548387096,0.3135593220338983
CRF35,CRF51,video75,1923,0.8861154446177847,0.7323735088440971,0.5755183285325174,0.6007586788947149,0.5043418851008558,1.0,0.4180327868852459,0.5895953757225433,0.4180327868852459,0.6809269162210339,1.0,0.8101802757158006,0.6809269162210339,0.6153846153846154,0.14285714285714285,0.23188405797101452,0.13114754098360656,1.0,0.9295302013422819,0.9634782608695652,0.9295302013422819,0.8303030303030303,0.9927536231884058,0.9042904290429044,0.8253012048192772,0.0,0.0,0.0,0.0,1.0,0.5454545454545454,0.7058823529411764,0.5454545454545454
CRF35,CRF51,video76,2649,0.6349565873914684,0.7296126917113926,0.5523235715771188,0.514801666126655,0.3870605227373796,1.0,0.2,0.33333333333333337,0.2,0.9520123839009288,0.6655844155844156,0.7834394904458599,0.643979057591623,0.625,0.010893246187363835,0.021413276231263382,0.010822510822510822,0.5443645083932853,0.8981206726013847,0.6778648749533408,0.51270468661773,0.30666666666666664,1.0,0.4693877551020408,0.30666666666666664,0.6792452830188679,0.375,0.4832214765100672,0.3185840707964602,1.0,0.7166666666666667,0.8349514563106796,0.7166666666666667
CRF35,CRF51,video77,2502,0.904476418864908,0.8709088936142334,0.845494184613196,0.8225893111803216,0.716690220924644,1.0,0.4375,0.6086956521739131,0.4375,0.8482252141982864,1.0,0.9178807947019868,0.8482252141982864,1.0,0.6618705035971223,0.7965367965367965,0.6618705035971223,0.9633225458468176,0.9717083786724701,0.9674972914409534,0.9370409233997902,0.7684210526315789,1.0,0.869047619047619,0.7684210526315789,1.0,0.8473804100227791,0.9173859432799014,0.8473804100227791,0.5163934426229508,1.0,0.6810810810810811,0.5163934426229508
CRF35,CRF51,video78,739,0.7510148849797023,0.7551673236565618,0.6054729502727708,0.6313424262903465,0.48899757822868534,1.0,0.4090909090909091,0.5806451612903226,0.4090909090909091,0.844574780058651,1.0,0.9157392686804451,0.844574780058651,0.35106382978723405,0.515625,0.4177215189873418,0.264,0.7701863354037267,0.7654320987654321,0.7678018575851393,0.6231155778894473,0.7012987012987013,0.8571428571428571,0.7714285714285714,0.627906976744186,0.6666666666666666,0.2465753424657534,0.36,0.21951219512195122,0.9523809523809523,0.4444444444444444,0.6060606060606061,0.43478260869565216
CRF35,CRF51,video79,3414,0.79203280609256,0.792603460537974,0.6748137797020741,0.6733159375032235,0.5307103555903697,1.0,0.35185185185185186,0.5205479452054794,0.35185185185185186,0.977491961414791,0.7774936061381074,0.8660968660968661,0.7638190954773869,0.76,0.9925373134328358,0.8608414239482199,0.7556818181818182,0.7027948193592365,0.9502304147465438,0.8079937304075235,0.6778435239973701,0.5734265734265734,0.803921568627451,0.6693877551020408,0.5030674846625767,0.55625,0.5798045602605864,0.5677830940988836,0.39643652561247217,0.9782608695652174,0.26785714285714285,0.42056074766355134,0.26627218934911245
CRF35,CRF51,video80,1724,0.722737819025522,0.6360444590283879,0.4805765111284293,0.47784060728751854,0.35534322462976625,1.0,0.14035087719298245,0.24615384615384614,0.14035087719298245,0.8921251348435815,0.7664504170528267,0.8245264207377867,0.7014418999151824,0.8256880733944955,0.6818181818181818,0.7468879668049793,0.5960264900662252,0.44661921708185054,0.9543726235741445,0.6084848484848485,0.4372822299651568,0.2878787878787879,0.41304347826086957,0.3392857142857143,0.20430107526881722,0.0,0.0,0.0,0.0,1.0,0.408,0.5795454545454546,0.408
CRF51,Original,video49,1671,0.9503291442250149,0.944027964960065,0.8782867412331345,0.9001534541748998,0.8305647686032073,1.0,0.5777777777777777,0.732394366197183,0.5777777777777777,0.8692660550458715,1.0,0.9300613496932515,0.8692660550458715,0.9166666666666666,0.6984126984126984,0.7927927927927927,0.6567164179104478,1.0,0.9792746113989638,0.9895287958115184,0.9792746113989638,0.9080459770114943,0.9080459770114943,0.9080459770114943,0.8315789473684211,0.9794344473007712,0.9844961240310077,0.981958762886598,0.9645569620253165,0.9347826086956522,1.0,0.9662921348314606,0.9347826086956522
CRF51,Original,video50,1094,0.8912248628884827,0.7889852567809533,0.5349138864321129,0.5679601308315523,0.4838675515033333,1.0,0.13432835820895522,0.2368421052631579,0.13432835820895522,0.8484398216939079,1.0,0.9180064308681671,0.8484398216939079,0.875,0.2,0.32558139534883723,0.19444444444444445,0.9968253968253968,0.9457831325301205,0.9706336939721794,0.9429429429429429,0.8026315789473685,1.0,0.8905109489051095,0.8026315789473685,0.0,0.0,0.0,0.0,1.0,0.4642857142857143,0.6341463414634146,0.4642857142857143
CRF51,Original,video51,2944,0.7007472826086957,0.8309331978462418,0.6593839636062817,0.6505307360600456,0.5236601674863691,1.0,0.2815126050420168,0.439344262295082,0.2815126050420168,0.8410543130990416,0.9326837909654562,0.884502309953801,0.7929216867469879,0.8214285714285714,0.10917721518987342,0.19273743016759776,0.10664605873261206,0.49141455437448894,0.9983388704318937,0.6586301369863014,0.4910130718954248,0.7540983606557377,0.989247311827957,0.8558139534883721,0.7479674796747967,0.9085365853658537,0.7967914438502673,0.849002849002849,0.7376237623762376,1.0,0.5079365079365079,0.6736842105263158,0.5079365079365079
CRF51,Original,video52,1966,0.9023397761953205,0.9255882286897533,0.903211890978483,0.8975675725302574,0.8301452657117391,0.9734513274336283,1.0,0.9865470852017937,0.9734513274336283,0.7440758293838863,0.9936708860759493,0.8509485094850948,0.7405660377358491,1.0,0.4923547400611621,0.6598360655737705,0.4923547400611621,0.989821882951654,0.9923469387755102,0.9910828025477706,0.9823232323232324,0.8072289156626506,1.0,0.8933333333333333,0.8072289156626506,0.988929889298893,0.9745454545454545,0.9816849816849816,0.9640287769784173,0.975609756097561,0.8695652173913043,0.9195402298850575,0.851063829787234
CRF51,Original,video53,3283,0.9360341151385928,0.8650982271107072,0.8419302446606338,0.8269214650534131,0.7374446122806427,1.0,0.746268656716418,0.8547008547008548,0.746268656716418,0.9487847222222222,0.9972627737226277,0.9724199288256228,0.9463203463203463,0.9875,0.9294117647058824,0.9575757575757576,0.9186046511627907,0.9845559845559846,0.9564891222805701,0.9703196347031965,0.9423503325942351,0.35403726708074534,0.9193548387096774,0.5112107623318386,0.3433734939759036,0.9593810444874274,0.8336134453781513,0.8920863309352518,0.8051948051948052,0.8214285714285714,0.5111111111111111,0.6301369863013698,0.46
CRF51,Original,video54,3100,0.8051612903225807,0.908131217204519,0.7585566623465476,0.7927085832210097,0.6701916873773995,1.0,0.44,0.6111111111111112,0.44,0.6853348729792148,1.0,0.8132922233641658,0.6853348729792148,1.0,0.5384615384615384,0.7000000000000001,0.5384615384615384,0.9724264705882353,0.5806805708013172,0.727147766323024,0.5712742980561555,0.7373737373737373,1.0,0.8488372093023255,0.7373737373737373,0.9617834394904459,0.9114688128772636,0.9359504132231405,0.8796116504854369,1.0,0.8392857142857143,0.9126213592233009,0.8392857142857143
CRF51,Original,video55,1037,0.9103182256509161,0.8842260475522735,0.8053238878146394,0.8249812623265009,0.7276128007062328,1.0,0.7619047619047619,0.8648648648648648,0.7619047619047619,0.88996138996139,1.0,0.9417773237997957,0.88996138996139,0.7714285714285715,0.34177215189873417,0.4736842105263158,0.3103448275862069,1.0,0.9510703363914373,0.9749216300940439,0.9510703363914373,0.8059701492537313,1.0,0.8925619834710743,0.8059701492537313,0.7222222222222222,0.8478260869565217,0.78,0.639344262295082,1.0,0.7346938775510204,0.8470588235294119,0.7346938775510204
CRF51,Original,video56,1834,0.8664122137404581,0.8617374105519425,0.7948618038399458,0.7885903931603775,0.6706132577010441,1.0,0.3047619047619048,0.4671532846715329,0.3047619047619048,0.9161073825503355,0.9202247191011236,0.9181614349775784,0.8487046632124352,0.7962962962962963,0.8958333333333334,0.8431372549019608,0.7288135593220338,0.8752436647173489,0.8634615384615385,0.8693126815101646,0.7688356164383562,0.6010362694300518,1.0,0.7508090614886732,0.6010362694300518,0.8434782608695652,0.9326923076923077,0.8858447488584474,0.7950819672131147,1.0,0.6470588235294118,0.7857142857142858,0.6470588235294118
CRF51,Original,video57,2632,0.8123100303951368,0.8756178644873529,0.7082404450902668,0.7475392461761715,0.6125147366966956,0.9879518072289156,0.5655172413793104,0.719298245614035,0.5616438356164384,0.9104308390022676,0.8193877551020409,0.862513426423201,0.7582625118035883,0.8641975308641975,0.3553299492385787,0.5035971223021583,0.33653846153846156,0.7139498432601881,0.9848648648648649,0.8278055429350296,0.7062015503875969,0.6956521739130435,0.9876543209876543,0.8163265306122449,0.6896551724137931,0.9571428571428572,0.46853146853146854,0.6291079812206574,0.4589041095890411,1.0,0.7763975155279503,0.8741258741258742,0.7763975155279503
CRF51,Original,video58,5993,0.6397463707658936,0.7212963362425696,0.6210721438678598,0.6278307569152093,0.48467090821917885,0.8484848484848485,0.35,0.495575221238938,0.32941176470588235,0.7636134718287693,0.7162680838500147,0.7391834247410115,0.5862735621072982,0.5841121495327103,0.18545994065281898,0.28153153153153154,0.16382699868938402,0.4059075750357313,0.6425339366515838,0.4975182481751825,0.33113097551496307,0.5816326530612245,0.9661016949152542,0.7261146496815286,0.57,0.9162790697674419,0.7269372693726938,0.8106995884773662,0.6816608996539792,0.9490445859872612,0.7602040816326531,0.8441926345609065,0.7303921568627451
CRF51,Original,video59,1046,0.904397705544933,0.902258842987444,0.7653061224489796,0.8150489628015914,0.7003392274635166,1.0,0.6285714285714286,0.7719298245614035,0.6285714285714286,0.924643584521385,1.0,0.9608465608465608,0.924643584521385,1.0,0.55,0.7096774193548387,0.55,0.8957055214723927,1.0,0.9449838187702265,0.8957055214723927,0.7586206896551724,0.6666666666666666,0.7096774193548386,0.55,0.7368421052631579,0.75,0.743362831858407,0.5915492957746479,1.0,0.7619047619047619,0.8648648648648648,0.7619047619047619
CRF51,Original,video60,2532,0.8266192733017378,0.7171216075528744,0.6798245736051308,0.6468883756544518,0.5500337171221396,1.0,0.8328173374613003,0.9087837837837838,0.8328173374613003,0.9433962264150944,0.8717660292463442,0.906167787196726,0.8284339925173704,0.9523809523809523,0.47619047619047616,0.634920634920635,0.46511627906976744,0.24074074074074073,0.9811320754716981,0.38661710037174724,0.23963133640552994,0.8833333333333333,0.9814814814814815,0.9298245614035088,0.8688524590163934,0.0,0.0,0.0,0.0,1.0,0.6153846153846154,0.761904761904762,0.6153846153846154
CRF51,Original,video61,4409,0.8636879110909503,0.8496483127452633,0.712810998671335,0.6786309904120922,0.5709040787783813,1.0,0.5267857142857143,0.6900584795321637,0.5267857142857143,0.7922824302134647,1.0,0.8841044434264773,0.7922824302134647,1.0,0.041884816753926704,0.08040201005025126,0.041884816753926704,0.9304314030314808,0.9358874120406567,0.9331514324693042,0.8746803069053708,0.3319672131147541,1.0,0.49846153846153846,0.3319672131147541,0.8928571428571429,0.7142857142857143,0.7936507936507937,0.6578947368421053,1.0,0.7708333333333334,0.8705882352941177,0.7708333333333334
CRF51,Original,video62,2032,0.8853346456692913,0.9539525977348752,0.7665249238297839,0.8324282999908016,0.725712896924531,1.0,0.85,0.9189189189189189,0.85,0.8339828526890102,1.0,0.9094772630684232,0.8339828526890102,1.0,0.42857142857142855,0.6,0.42857142857142855,0.9784172661870504,0.7771428571428571,0.8662420382165604,0.7640449438202247,0.8909090909090909,0.9074074074074074,0.8990825688073394,0.8166666666666667,0.9743589743589743,0.7835051546391752,0.8685714285714285,0.7676767676767676,1.0,0.6190476190476191,0.7647058823529412,0.6190476190476191
CRF51,Original,video63,3433,0.8598893096417128,0.7308868105729222,0.707675930255275,0.6376268161853716,0.5294159781213402,1.0,0.15833333333333333,0.2733812949640288,0.15833333333333333,0.9071207430340558,0.9949066213921901,0.9489878542510121,0.9029275808936826,0.9090909090909091,0.8888888888888888,0.8988764044943819,0.8163265306122449,0.997564539698003,0.8962800875273523,0.9442139234670355,0.8943231441048035,0.7444444444444445,0.5403225806451613,0.6261682242990654,0.4557823129251701,0.24651162790697675,1.0,0.3955223880597015,0.24651162790697675,0.3114754098360656,0.475,0.37623762376237624,0.23170731707317074
CRF51,Original,video64,2398,0.9211843202668891,0.9305455657941364,0.7947104009254987,0.8058823909980589,0.7330305658544706,0.8970588235294118,1.0,0.9457364341085273,0.8970588235294118,1.0,0.9933712121212122,0.9966745843230403,0.9933712121212122,1.0,0.11650485436893204,0.20869565217391306,0.11650485436893204,0.8291621327529923,0.9973821989528796,0.9055258467023174,0.8273615635179153,0.8695652173913043,0.9803921568627451,0.9216589861751152,0.8547008547008547,0.9180327868852459,0.6256983240223464,0.744186046511628,0.5925925925925926,1.0,0.849624060150376,0.9186991869918699,0.849624060150376
CRF51,Original,video65,1873,0.9647624132407902,0.7877537611761578,0.8106131446885768,0.7917582480770895,0.741550762591683,1.0,0.8232931726907631,0.9030837004405287,0.8232931726907631,0.9592711682743837,1.0,0.9792122538293216,0.9592711682743837,1.0,0.8796296296296297,0.9359605911330049,0.8796296296296297,1.0,0.9841897233201581,0.99203187250996,0.9841897233201581,0.9058823529411765,0.9871794871794872,0.9447852760736197,0.8953488372093024,0.0,0.0,0.0,0.0,0.6491228070175439,1.0,0.7872340425531915,0.6491228070175439
CRF51,Original,video66,1824,0.9391447368421053,0.9191037539397738,0.8113338921163119,0.8533490910786806,0.7590502678686875,1.0,0.68,0.8095238095238095,0.68,0.9573529411764706,1.0,0.9782118707738542,0.9573529411764706,0.9642857142857143,0.84375,0.8999999999999999,0.8181818181818182,0.9425587467362925,0.9931224209078404,0.9671801741460146,0.9364461738002594,0.7659574468085106,0.8674698795180723,0.8135593220338984,0.6857142857142857,0.8035714285714286,0.5232558139534884,0.6338028169014085,0.4639175257731959,1.0,0.7717391304347826,0.8711656441717791,0.7717391304347826
CRF51,Original,video67,2353,0.885252868678283,0.8407218846670604,0.795258247753499,0.746629160750241,0.6427133015710297,1.0,0.6010362694300518,0.7508090614886732,0.6010362694300518,0.9120171673819742,0.9988249118683902,0.9534492428491307,0.9110396570203644,1.0,0.1559633027522936,0.2698412698412699,0.1559633027522936,0.9107505070993914,0.907070707070707,0.908906882591093,0.8330241187384044,0.6048387096774194,0.9493670886075949,0.7389162561576356,0.5859375,0.4574468085106383,1.0,0.6277372262773723,0.4574468085106383,1.0,0.9545454545454546,0.9767441860465117,0.9545454545454546
CRF51,Original,video68,1972,0.8869168356997972,0.8521887687244367,0.7720708801174921,0.7779716404509868,0.6579614252932625,1.0,0.3627450980392157,0.5323741007194245,0.3627450980392157,0.920935412026726,1.0,0.9588405797101448,0.920935412026726,1.0,0.6358024691358025,0.7773584905660377,0.6358024691358025,0.9066901408450704,0.9662288930581614,0.9355131698455948,0.878839590443686,0.7157894736842105,0.9855072463768116,0.8292682926829269,0.7083333333333334,0.8653846153846154,0.6923076923076923,0.7692307692307693,0.625,0.5565217391304348,0.7619047619047619,0.6432160804020102,0.4740740740740741
CRF51,Original,video69,4575,0.8876502732240437,0.7975558608501964,0.6194290690680914,0.6682138287854574,0.5745373454430717,1.0,0.6666666666666666,0.8,0.6666666666666666,0.9808584686774942,1.0,0.9903367496339678,0.9808584686774942,1.0,0.26953125,0.4246153846153846,0.26953125,0.843238587424634,0.9863979848866499,0.909217552820989,0.833546189868029,0.7587939698492462,0.7438423645320197,0.7512437810945273,0.601593625498008,0.0,0.0,0.0,0.0,1.0,0.6695652173913044,0.8020833333333333,0.6695652173913044
CRF51,Original,video70,1194,0.8777219430485762,0.7799423512116105,0.7013550133848481,0.7097663692417816,0.6263306578078894,0.8536585365853658,1.0,0.9210526315789475,0.8536585365853658,0.9593023255813954,0.9880239520958084,0.9734513274336284,0.9482758620689655,1.0,0.61,0.7577639751552795,0.61,0.7852494577006508,0.9917808219178083,0.8765133171912834,0.7801724137931034,0.8613861386138614,0.9560439560439561,0.90625,0.8285714285714286,0.0,0.0,0.0,0.0,1.0,0.36363636363636365,0.5333333333333333,0.36363636363636365
CRF51,Original,video71,2515,0.8461232604373757,0.8008849588404814,0.5828545257337601,0.6437237728282561,0.5369250296613404,1.0,0.2777777777777778,0.4347826086956522,0.2777777777777778,0.8065902578796562,0.9344398340248963,0.8658208381391773,0.7633898305084745,1.0,0.5737704918032787,0.7291666666666666,0.5737704918032787,0.8896366083445492,0.7287761852260198,0.8012121212121212,0.6683518705763397,0.909967845659164,1.0,0.9528619528619529,0.909967845659164,0.0,0.0,0.0,0.0,1.0,0.5652173913043478,0.7222222222222222,0.5652173913043478
CRF51,Original,video72,3106,0.9253058596265293,0.9053688156918422,0.8156246525427908,0.8286366815358674,0.7271694711998513,1.0,0.40145985401459855,0.5729166666666666,0.40145985401459855,0.9077632590315142,1.0,0.951651893634166,0.9077632590315142,1.0,0.5575221238938053,0.7159090909090909,0.5575221238938053,0.9759243336199485,0.9474123539232053,0.9614570097416348,0.9257748776508973,0.6842105263157895,1.0,0.8125000000000001,0.6842105263157895,0.8807947019867549,0.9140893470790378,0.8971332209106239,0.8134556574923547,0.8888888888888888,0.8888888888888888,0.8888888888888888,0.8
CRF51,Original,video73,1356,0.9292035398230089,0.9248406247268159,0.8519459237286288,0.8738591843233064,0.7876542706696459,1.0,0.865979381443299,0.9281767955801106,0.865979381443299,0.9559939301972686,1.0,0.9775019394879751,0.9559939301972686,1.0,0.5096153846153846,0.6751592356687898,0.5096153846153846,0.875,1.0,0.9333333333333333,0.875,0.7454545454545455,0.8723404255319149,0.803921568627451,0.6721311475409836,0.8974358974358975,0.8823529411764706,0.8898305084745762,0.8015267175572519,1.0,0.8333333333333334,0.9090909090909091,0.8333333333333334
CRF51,Original,video74,1634,0.7141982864137086,0.7567610587996854,0.5817013403024847,0.6240827707505048,0.49723250069089653,1.0,0.6551724137931034,0.7916666666666666,0.6551724137931034,0.9290540540540541,0.6642512077294686,0.7746478873239436,0.632183908045977,1.0,0.5193798449612403,0.6836734693877551,0.5193798449612403,0.6759656652360515,0.8910891089108911,0.7687614399023796,0.624380574826561,0.6923076923076923,0.9705882352941176,0.8081632653061225,0.678082191780822,0.0,0.0,0.0,0.0,1.0,0.37142857142857144,0.5416666666666666,0.37142857142857144
CRF51,Original,video75,1923,0.7254290171606864,0.7194716128109885,0.5662132041665455,0.5874914275268882,0.4574024928557225,1.0,0.30327868852459017,0.46540880503144655,0.30327868852459017,0.4580335731414868,1.0,0.6282894736842105,0.4580335731414868,0.72,0.6428571428571429,0.6792452830188679,0.5142857142857142,1.0,0.6820469798657718,0.8109725685785536,0.6820469798657718,0.8582677165354331,0.7898550724637681,0.8226415094339623,0.6987179487179487,0.0,0.0,0.0,0.0,1.0,0.5454545454545454,0.7058823529411764,0.5454545454545454
CRF51,Original,video76,2649,0.6987542468856173,0.8455118593282188,0.6315230751849393,0.6155307321054221,0.5177641401511742,1.0,0.1,0.18181818181818182,0.1,0.9267241379310345,0.698051948051948,0.7962962962962963,0.6615384615384615,0.8,0.008714596949891068,0.017241379310344827,0.008695652173913044,0.5865889212827988,0.9950544015825915,0.7380777696258255,0.5848837209302326,0.6938775510204082,0.9855072463768116,0.81437125748503,0.6868686868686869,0.9113924050632911,0.75,0.8228571428571428,0.6990291262135923,1.0,0.8833333333333333,0.9380530973451328,0.8833333333333333
CRF51,Original,video77,2502,0.812150279776179,0.8467806313829784,0.7953712724645807,0.7713772085110717,0.6451133606845829,1.0,0.3352272727272727,0.502127659574468,0.3352272727272727,0.6606291706387035,1.0,0.7956371986222732,0.6606291706387035,1.0,0.6546762589928058,0.791304347826087,0.6546762589928058,0.9517241379310345,0.750816104461371,0.8394160583941606,0.7232704402515723,0.8111111111111111,1.0,0.8957055214723927,0.8111111111111111,1.0,0.826879271070615,0.9052369077306733,0.826879271070615,0.504,1.0,0.6702127659574468,0.504
CRF51,Original,video78,739,0.8213802435723951,0.8500357321264117,0.6708042111152842,0.7115500481693852,0.5757741243621641,1.0,0.29545454545454547,0.456140350877193,0.29545454545454547,0.8372093023255814,1.0,0.9113924050632911,0.8372093023255814,0.8297872340425532,0.609375,0.7027027027027027,0.5416666666666666,0.8105263157894737,0.9506172839506173,0.8749999999999999,0.7777777777777778,0.8,0.8888888888888888,0.8421052631578948,0.7272727272727273,0.6727272727272727,0.5068493150684932,0.578125,0.4065934065934066,1.0,0.4444444444444444,0.6153846153846153,0.4444444444444444
CRF51,Original,video79,3414,0.9071470415934387,0.8930522798584593,0.7132420528554596,0.7495246929831011,0.6298135257429119,1.0,0.4074074074074074,0.5789473684210525,0.4074074074074074,0.9745222929936306,0.9782608695652174,0.9763880025526485,0.9538653366583542,0.9888888888888889,0.664179104477612,0.7946428571428571,0.6592592592592592,0.9108996539792388,0.9705069124423963,0.9397590361445783,0.8863636363636364,0.7168141592920354,0.7941176470588235,0.7534883720930233,0.6044776119402985,0.6602409638554216,0.8925081433224755,0.7590027700831025,0.6116071428571429,1.0,0.2857142857142857,0.4444444444444445,0.2857142857142857
CRF51,Original,video80,1724,0.8051044083526682,0.798623339967722,0.6264783100991782,0.6327644315528084,0.4900600625522869,1.0,0.43859649122807015,0.6097560975609756,0.43859649122807015,0.8106686701728024,1.0,0.8954356846473029,0.8106686701728024,0.9813084112149533,0.7954545454545454,0.8786610878661087,0.7835820895522388,0.8791208791208791,0.3041825095057034,0.4519774011299435,0.291970802919708,0.6756756756756757,0.5434782608695652,0.6024096385542168,0.43103448275862066,0.24358974358974358,0.8636363636363636,0.38000000000000006,0.2345679012345679,1.0,0.44,0.6111111111111112,0.44
CRF51,CRF18,video49,1671,0.8880909634949132,0.9119618208014562,0.7931082760480569,0.8159764707933629,0.7078322791605299,1.0,0.35555555555555557,0.5245901639344263,0.35555555555555557,0.7344961240310077,1.0,0.846927374301676,0.7344961240310077,0.9767441860465116,0.6666666666666666,0.7924528301886793,0.65625,1.0,0.918825561312608,0.9576957695769577,0.918825561312608,1.0,0.7011494252873564,0.8243243243243243,0.7011494252873564,0.9617486338797814,0.9095607235142119,0.9349269588313414,0.8778054862842892,0.7107438016528925,1.0,0.8309178743961353,0.7107438016528925
CRF51,CRF18,video50,1094,0.746800731261426,0.7704548995764702,0.42593522048626536,0.46027346680300896,0.34764790324004086,1.0,0.1044776119402985,0.18918918918918917,0.1044776119402985,0.694647201946472,1.0,0.8198133524766691,0.694647201946472,1.0,0.2,0.33333333333333337,0.2,0.9712643678160919,0.5090361445783133,0.6679841897233201,0.5014836795252225,0.7272727272727273,0.9180327868852459,0.8115942028985508,0.6829268292682927,0.0,0.0,0.0,0.0,1.0,0.25,0.4,0.25
CRF51,CRF18,video51,2944,0.6555706521739131,0.821757776758879,0.5719776242447631,0.5559096310652628,0.42910628134987877,1.0,0.18907563025210083,0.31802120141342755,0.18907563025210083,0.7260450160771704,1.0,0.8412816691505217,0.7260450160771704,1.0,0.1281645569620253,0.22720897615708271,0.1281645569620253,0.44456177402323127,0.6993355481727574,0.5435765009683667,0.37322695035460995,0.6326530612244898,1.0,0.775,0.6326530612244898,0.9490445859872612,0.7967914438502673,0.8662790697674417,0.764102564102564,1.0,0.19047619047619047,0.32,0.19047619047619047
CRF51,CRF18,video52,1966,0.9313326551373347,0.9272908975365105,0.9325971406828798,0.9233783115117663,0.8638422487109267,0.9732142857142857,0.990909090909091,0.9819819819819819,0.9646017699115044,0.8162911611785095,0.9936708860759493,0.8962892483349192,0.8120689655172414,0.990990990990991,0.672782874617737,0.8014571948998178,0.668693009118541,0.9948186528497409,0.9795918367346939,0.987146529562982,0.9746192893401016,0.8481012658227848,1.0,0.9178082191780821,0.8481012658227848,0.992619926199262,0.9781818181818182,0.9853479853479853,0.9711191335740073,0.875,0.9130434782608695,0.8936170212765957,0.8076923076923077
CRF51,CRF18,video53,3283,0.8845568077977459,0.8786257221276469,0.8132200556775795,0.8079757733495538,0.6980887574063118,1.0,0.47761194029850745,0.6464646464646464,0.47761194029850745,0.7941176470588235,0.9854014598540146,0.8794788273615635,0.7848837209302325,0.9333333333333333,0.9882352941176471,0.96,0.9230769230769231,1.0,0.7876969242310577,0.8812421317666805,0.7876969242310577,0.5254237288135594,1.0,0.688888888888889,0.5254237288135594,0.940983606557377,0.9647058823529412,0.9526970954356846,0.9096671949286846,0.9565217391304348,0.4888888888888889,0.6470588235294117,0.4782608695652174
CRF51,CRF18,video54,3100,0.5367741935483871,0.8277210379731936,0.37938609513415594,0.41404358408440795,0.2899236996508553,1.0,0.144,0.2517482517482518,0.144,0.4604344453064391,1.0,0.6305444887118195,0.4604344453064391,0.6808510638297872,0.1641025641025641,0.2644628099173554,0.1523809523809524,0.9473684210526315,0.03951701427003293,0.07586933614330875,0.03943044906900329,0.7560975609756098,0.4246575342465753,0.543859649122807,0.37349397590361444,0.9492957746478873,0.6780684104627767,0.7910798122065729,0.654368932038835,1.0,0.20535714285714285,0.34074074074074073,0.20535714285714285
CRF51,CRF18,video55,1037,0.8842815814850531,0.8818847321142613,0.7860644535878448,0.8111637287315115,0.7142843172393026,1.0,0.6190476190476191,0.7647058823529412,0.6190476190476191,0.8366606170598911,1.0,0.9110671936758894,0.8366606170598911,0.6470588235294118,0.27848101265822783,0.3893805309734513,0.24175824175824176,1.0,0.8715596330275229,0.9313725490196079,0.8715596330275229,0.9,1.0,0.9473684210526316,0.9,0.7894736842105263,0.9782608695652174,0.8737864077669902,0.7758620689655172,1.0,0.7551020408163265,0.8604651162790697,0.7551020408163265
CRF51,CRF18,video56,1834,0.8435114503816794,0.8784933973559571,0.7491134915504664,0.744393670172433,0.6286930895197761,1.0,0.2571428571428571,0.40909090909090906,0.2571428571428571,0.8508604206500956,1.0,0.9194214876033058,0.8508604206500956,0.9387755102040817,0.9583333333333334,0.9484536082474228,0.9019607843137255,1.0,0.6653846153846154,0.7990762124711317,0.6653846153846154,0.5155555555555555,1.0,0.6803519061583577,0.5155555555555555,0.8442622950819673,0.9903846153846154,0.911504424778761,0.8373983739837398,1.0,0.37254901960784315,0.5428571428571428,0.37254901960784315
CRF51,CRF18,video57,2632,0.6907294832826748,0.833414085905282,0.6405301879674482,0.6706917425788711,0.5135623443757702,1.0,0.41379310344827586,0.5853658536585366,0.41379310344827586,0.6125,1.0,0.7596899224806202,0.6125,0.9066666666666666,0.34517766497461927,0.4999999999999999,0.3333333333333333,0.7779751332149201,0.4735135135135135,0.5887096774193548,0.41714285714285715,0.5827338129496403,1.0,0.7363636363636364,0.5827338129496403,0.9540229885057471,0.5804195804195804,0.7217391304347825,0.564625850340136,1.0,0.6708074534161491,0.8029739776951673,0.6708074534161491
CRF51,CRF18,video58,5993,0.6702819956616052,0.7238929021865864,0.5347866203729101,0.5410404326391912,0.4081741769529863,1.0,0.1,0.18181818181818182,0.1,0.6778069025775448,0.9161499852376734,0.779158819836786,0.6382147264500205,0.5535390199637024,0.45252225519287836,0.4979591836734694,0.33152173913043476,0.6175710594315246,0.18024132730015083,0.2790426152948044,0.1621438263229308,0.3333333333333333,0.711864406779661,0.454054054054054,0.2937062937062937,0.885,0.6531365313653137,0.7515923566878981,0.6020408163265306,1.0,0.7295918367346939,0.8436578171091446,0.7295918367346939
CRF51,CRF18,video59,1046,0.878585086042065,0.8779284548663926,0.7264214693764596,0.7535201517130992,0.6324226866612965,1.0,0.6285714285714286,0.7719298245614035,0.6285714285714286,0.899009900990099,1.0,0.9468196037539104,0.899009900990099,1.0,0.625,0.7692307692307693,0.625,0.9090909090909091,0.958904109589041,0.9333333333333333,0.875,0.6666666666666666,0.6363636363636364,0.6511627906976744,0.4827586206896552,0.6707317073170732,0.9821428571428571,0.7971014492753623,0.6626506024096386,1.0,0.25396825396825395,0.4050632911392405,0.25396825396825395
CRF51,CRF18,video60,2532,0.8432069510268563,0.7056093644506529,0.554440546752587,0.5583867533618767,0.4612895281750233,1.0,0.43034055727554177,0.6017316017316017,0.43034055727554177,0.8631067961165049,1.0,0.9265242313705054,0.8631067961165049,0.5,0.011904761904761904,0.023255813953488372,0.011764705882352941,0.5170454545454546,0.8584905660377359,0.6453900709219859,0.47643979057591623,0.8448275862068966,0.9074074074074074,0.875,0.7777777777777778,0.21428571428571427,0.031914893617021274,0.05555555555555555,0.02857142857142857,1.0,0.6410256410256411,0.7812500000000001,0.6410256410256411
CRF51,CRF18,video61,4409,0.5808573372646859,0.7812991661592313,0.6370133137724715,0.5914776757988305,0.43371001817837346,1.0,0.3705357142857143,0.5407166123778502,0.3705357142857143,0.3796223446105429,1.0,0.5503279155973767,0.3796223446105429,1.0,0.3089005235602094,0.47200000000000003,0.3089005235602094,0.9751861042183623,0.4609069585613761,0.6259623042208654,0.455564142194745,0.2571428571428571,1.0,0.40909090909090906,0.2571428571428571,0.8571428571428571,0.6,0.7058823529411764,0.5454545454545454,1.0,0.71875,0.8363636363636363,0.71875
CRF51,CRF18,video62,2032,0.797736220472441,0.9173102041868422,0.7819484769852957,0.82970115490693,0.7157243325925817,1.0,0.75,0.8571428571428571,0.75,0.7348901098901099,1.0,0.8471892319873318,0.7348901098901099,0.9166666666666666,0.7857142857142857,0.8461538461538461,0.7333333333333333,0.9884393063583815,0.48857142857142855,0.6539196940726577,0.48579545454545453,0.9130434782608695,0.7777777777777778,0.84,0.7241379310344828,0.8681318681318682,0.8144329896907216,0.8404255319148937,0.7247706422018348,1.0,0.8571428571428571,0.923076923076923,0.8571428571428571
CRF51,CRF18,video63,3433,0.8266822021555491,0.7227323200738128,0.5803471290871587,0.5283891956119399,0.41304838167937524,1.0,0.09166666666666666,0.16793893129770993,0.09166666666666666,0.8203342618384402,1.0,0.901300688599847,0.8203342618384402,1.0,0.37777777777777777,0.5483870967741935,0.37777777777777777,0.9888835186080231,0.8954048140043763,0.9398254478640329,0.8864818024263431,0.5444444444444444,0.1975806451612903,0.28994082840236685,0.1695501730103806,0.21765913757700206,1.0,0.357504215851602,0.21765913757700206,0.4878048780487805,0.5,0.49382716049382713,0.32786885245901637
CRF51,CRF18,video64,2398,0.8623853211009175,0.9325213876549858,0.8655279244625503,0.891059950995814,0.8101858991084935,1.0,0.9672131147540983,0.9833333333333333,0.9672131147540983,0.8054919908466819,1.0,0.8922686945500633,0.8054919908466819,1.0,0.8543689320388349,0.9214659685863874,0.8543689320388349,0.9097222222222222,0.6858638743455497,0.7820895522388059,0.6421568627450981,0.8859649122807017,0.9901960784313726,0.9351851851851852,0.8782608695652174,0.9264705882352942,0.7039106145251397,0.8,0.6666666666666666,1.0,0.8571428571428571,0.923076923076923,0.8571428571428571
CRF51,CRF18,video65,1873,0.9193806727175654,0.6966999673364216,0.6531514526538099,0.6702192176577866,0.626071304895451,1.0,0.7028112449799196,0.8254716981132075,0.7028112449799196,0.931321540062435,1.0,0.9644396551724138,0.931321540062435,1.0,0.8981481481481481,0.9463414634146341,0.8981481481481481,1.0,0.9426877470355731,0.970498474059003,0.9426877470355731,0.9047619047619048,0.9743589743589743,0.9382716049382716,0.8837209302325582,0.0,0.0,0.0,0.0,0.04081632653061224,0.05405405405405406,0.046511627906976744,0.023809523809523808
CRF51,CRF18,video66,1824,0.8031798245614035,0.8332143223499122,0.6943348671822035,0.7285333127617379,0.5817973667475723,1.0,0.48,0.6486486486486487,0.48,0.7322834645669292,1.0,0.8454545454545455,0.7322834645669292,0.8758169934640523,0.8375,0.8562300319488819,0.7486033519553073,0.9408502772643254,0.7001375515818432,0.8028391167192429,0.6706192358366272,0.5575221238938053,0.7590361445783133,0.6428571428571429,0.47368421052631576,0.726027397260274,0.6162790697674418,0.6666666666666667,0.5,1.0,0.4673913043478261,0.6370370370370371,0.4673913043478261
CRF51,CRF18,video67,2353,0.8682532936676584,0.8197639517823764,0.7854159729986258,0.7311642136236658,0.6218154861997339,1.0,0.5958549222797928,0.7467532467532468,0.5958549222797928,0.8901673640167364,1.0,0.9418926397343664,0.8901673640167364,1.0,0.24770642201834864,0.39705882352941174,0.24770642201834864,0.9396929824561403,0.8656565656565657,0.9011566771819137,0.8200956937799043,0.6310679611650486,0.8227848101265823,0.7142857142857143,0.5555555555555556,0.27741935483870966,1.0,0.43434343434343436,0.27741935483870966,1.0,0.9659090909090909,0.9826589595375723,0.9659090909090909
CRF51,CRF18,video68,1972,0.8874239350912779,0.8628570570995228,0.7672639959295873,0.7840898874207155,0.6677553501409061,1.0,0.35294117647058826,0.5217391304347826,0.35294117647058826,0.8835470085470085,1.0,0.9381735677821894,0.8835470085470085,1.0,0.7098765432098766,0.8303249097472925,0.7098765432098766,0.9305816135084428,0.9305816135084428,0.9305816135084428,0.8701754385964913,0.6732673267326733,0.9855072463768116,0.8,0.6666666666666666,0.903954802259887,0.8205128205128205,0.860215053763441,0.7547169811320755,0.6486486486486487,0.5714285714285714,0.6075949367088608,0.43636363636363634
CRF51,CRF18,video69,4575,0.867103825136612,0.7675128251139436,0.5586342513450485,0.6184121260209812,0.5045888864578197,1.0,0.37681159420289856,0.5473684210526316,0.37681159420289856,0.914054054054054,1.0,0.9550974301044902,0.914054054054054,1.0,0.447265625,0.6180836707152496,0.447265625,0.8700189753320683,0.9239294710327456,0.8961641827510383,0.8118636564851704,0.5885167464114832,0.6059113300492611,0.5970873786407768,0.42560553633217996,0.0,0.0,0.0,0.0,1.0,0.5565217391304348,0.7150837988826816,0.5565217391304348
CRF51,CRF18,video70,1194,0.8584589614740369,0.793854815925495,0.6148470365251189,0.630109004412913,0.5511826479792211,1.0,0.6857142857142857,0.8135593220338984,0.6857142857142857,0.9347014925373134,1.0,0.9662487945998071,0.9347014925373134,1.0,0.67,0.8023952095808384,0.67,0.8004640371229699,0.9452054794520548,0.8668341708542714,0.7649667405764967,0.7818181818181819,0.945054945054945,0.8557213930348259,0.7478260869565218,0.04,0.0125,0.019047619047619046,0.009615384615384616,1.0,0.045454545454545456,0.08695652173913045,0.045454545454545456
CRF51,CRF18,video71,2515,0.7403578528827037,0.7201581864401547,0.4393813081348256,0.48149387657595705,0.37430797361471085,1.0,0.1388888888888889,0.24390243902439027,0.1388888888888889,0.691296180338134,0.9161825726141078,0.7880085653104925,0.6501766784452296,0.6333333333333333,0.3114754098360656,0.4175824175824176,0.2638888888888889,0.8065099457504521,0.49173098125689085,0.610958904109589,0.43984220907297833,0.909967845659164,1.0,0.9528619528619529,0.909967845659164,0.0,0.0,0.0,0.0,1.0,0.21739130434782608,0.3571428571428571,0.21739130434782608
CRF51,CRF18,video72,3106,0.8119768190598841,0.8702176393356285,0.8173432638945671,0.807805767196154,0.6936683458391286,1.0,0.36496350364963503,0.5347593582887701,0.36496350364963503,0.7123039806996381,1.0,0.8319830926382529,0.7123039806996381,0.8333333333333334,0.8849557522123894,0.8583690987124464,0.7518796992481203,1.0,0.6135225375626043,0.760475944128298,0.6135225375626043,0.7090909090909091,1.0,0.8297872340425533,0.7090909090909091,0.8367952522255193,0.9690721649484536,0.8980891719745223,0.815028901734104,1.0,0.8888888888888888,0.9411764705882353,0.8888888888888888
CRF51,CRF18,video73,1356,0.9070796460176991,0.9232300525571339,0.8195536688076778,0.8436009552113354,0.7456641803161054,1.0,0.5876288659793815,0.7402597402597402,0.5876288659793815,0.9064748201438849,1.0,0.9509433962264151,0.9064748201438849,1.0,0.4326923076923077,0.6040268456375839,0.4326923076923077,0.8930817610062893,0.9895470383275261,0.9388429752066115,0.8847352024922118,0.7704918032786885,1.0,0.8703703703703703,0.7704918032786885,0.8925619834710744,0.907563025210084,0.8999999999999999,0.8181818181818182,1.0,0.8194444444444444,0.9007633587786259,0.8194444444444444
CRF51,CRF18,video74,1634,0.6774785801713586,0.7325444829730721,0.5509036021691106,0.5910155608251865,0.45938122529087144,1.0,0.4827586206896552,0.6511627906976745,0.4827586206896552,0.5864022662889519,1.0,0.7392857142857143,0.5864022662889519,1.0,0.5271317829457365,0.6903553299492386,0.5271317829457365,0.7653910149750416,0.6506364922206507,0.7033639143730887,0.5424528301886793,0.8529411764705882,0.8529411764705882,0.8529411764705882,0.7435897435897436,0.0,0.0,0.0,0.0,0.9230769230769231,0.34285714285714286,0.5000000000000001,0.3333333333333333
CRF51,CRF18,video75,1923,0.4706188247529901,0.7333080600661317,0.44126517382019054,0.4679166340087359,0.3323133051258426,1.0,0.19672131147540983,0.3287671232876712,0.19672131147540983,0.28721804511278193,1.0,0.4462616822429906,0.28721804511278193,0.9411764705882353,0.5714285714285714,0.7111111111111111,0.5517241379310345,1.0,0.31543624161073824,0.4795918367346939,0.31543624161073824,0.9047619047619048,0.5507246376811594,0.6846846846846846,0.5205479452054794,0.0,0.0,0.0,0.0,1.0,0.45454545454545453,0.625,0.45454545454545453
CRF51,CRF18,video76,2649,0.7655719139297849,0.8747821253225772,0.6646651975989869,0.6644031725712108,0.556000669465006,1.0,0.03333333333333333,0.06451612903225806,0.03333333333333333,0.8392018779342723,0.7738095238095238,0.8051801801801801,0.6738925541941565,0.9912280701754386,0.24618736383442266,0.39441535776614306,0.24565217391304348,0.6924137931034483,0.9930761622156281,0.815928484355953,0.6890871654083733,0.7419354838709677,1.0,0.8518518518518519,0.7419354838709677,0.8586956521739131,0.8229166666666666,0.8404255319148937,0.7247706422018348,1.0,0.7833333333333333,0.8785046728971964,0.7833333333333333
CRF51,CRF18,video77,2502,0.6059152677857714,0.8181860068652522,0.662812790594912,0.6284013196997196,0.498029767766307,1.0,0.125,0.2222222222222222,0.125,0.4358490566037736,1.0,0.607095926412615,0.4358490566037736,1.0,0.7338129496402878,0.8464730290456433,0.7338129496402878,0.9401709401709402,0.23939064200217627,0.3816131830008673,0.2357984994640943,0.8666666666666667,0.7123287671232876,0.7819548872180451,0.6419753086419753,1.0,0.8291571753986332,0.9066002490660025,0.8291571753986332,0.4846153846153846,1.0,0.6528497409326425,0.4846153846153846
CRF51,CRF18,video78,739,0.7713125845737483,0.7952141956036058,0.5876112470494401,0.613485530837837,0.476038386314719,1.0,0.3181818181818182,0.4827586206896552,0.3181818181818182,0.7977839335180056,1.0,0.8875192604006165,0.7977839335180056,0.6470588235294118,0.34375,0.4489795918367347,0.2894736842105263,0.7760416666666666,0.9197530864197531,0.8418079096045198,0.7268292682926829,0.7073170731707317,0.9206349206349206,0.7999999999999999,0.6666666666666666,0.6382978723404256,0.410958904109589,0.4999999999999999,0.3333333333333333,1.0,0.2,0.33333333333333337,0.2
CRF51,CRF18,video79,3414,0.7293497363796133,0.8593275556347237,0.580040834294281,0.6259464056181009,0.4756718090141718,1.0,0.25925925925925924,0.4117647058823529,0.25925925925925924,0.6991506481895395,1.0,0.822941331228624,0.6991506481895395,0.8527131782945736,0.8208955223880597,0.8365019011406843,0.7189542483660131,0.8958742632612967,0.4202764976958525,0.5721455457967378,0.4007029876977153,0.9795918367346939,0.47058823529411764,0.6357615894039735,0.46601941747572817,0.5879629629629629,0.8273615635179153,0.6874154262516915,0.5237113402061856,1.0,0.2619047619047619,0.41509433962264153,0.2619047619047619
CRF51,CRF18,video80,1724,0.7784222737819025,0.833645170775659,0.5669493138005898,0.5585749209338912,0.4211066964782161,1.0,0.22807017543859648,0.3714285714285714,0.22807017543859648,0.781317885590152,1.0,0.8772357723577237,0.781317885590152,0.8818897637795275,0.8484848484848485,0.8648648648648649,0.7619047619047619,0.9811320754716981,0.19771863117870722,0.32911392405063294,0.19696969696969696,0.9411764705882353,0.34782608695652173,0.5079365079365079,0.3404255319148936,0.25,0.9545454545454546,0.39622641509433965,0.24705882352941178,1.0,0.392,0.5632183908045978,0.392
CRF51,CRF23,video49,1671,0.9317773788150808,0.9284668211251007,0.8520164715974408,0.8731487380934502,0.7906378495767797,1.0,0.5222222222222223,0.6861313868613139,0.5222222222222223,0.8613636363636363,1.0,0.9255189255189255,0.8613636363636363,1.0,0.6984126984126984,0.822429906542056,0.6984126984126984,0.998165137614679,0.9395509499136442,0.9679715302491103,0.9379310344827586,0.6818181818181818,0.8620689655172413,0.7614213197969542,0.6147540983606558,0.9579207920792079,1.0,0.9785082174462705,0.9579207920792079,1.0,0.9418604651162791,0.970059880239521,0.9418604651162791
CRF51,CRF23,video50,1094,0.8811700182815356,0.7679810560587871,0.5100807829270774,0.5288332359794811,0.44285427172032893,1.0,0.11940298507462686,0.21333333333333335,0.11940298507462686,0.8497023809523809,1.0,0.918744971842317,0.8497023809523809,0.8235294117647058,0.4,0.5384615384615384,0.3684210526315789,0.9967532467532467,0.9246987951807228,0.9593749999999999,0.9219219219219219,0.7058823529411765,0.9836065573770492,0.8219178082191781,0.6976744186046512,0.0,0.0,0.0,0.0,1.0,0.14285714285714285,0.25,0.14285714285714285
CRF51,CRF23,video51,2944,0.7387907608695652,0.8719439191007494,0.6860311803763464,0.6958478014441634,0.5722630152206996,1.0,0.27310924369747897,0.429042904290429,0.27310924369747897,0.8421052631578947,0.9920283436669619,0.9109394062627083,0.8364451082897685,0.9788732394366197,0.2199367088607595,0.35917312661498707,0.2188976377952756,0.5206232813932172,0.9435215946843853,0.6709982279976373,0.5048888888888889,0.875,0.978494623655914,0.9238578680203046,0.8584905660377359,0.8870056497175142,0.839572192513369,0.8626373626373628,0.7584541062801933,1.0,0.5555555555555556,0.7142857142857143,0.5555555555555556
CRF51,CRF23,video52,1966,0.9175991861648016,0.9161463689557875,0.915558566184522,0.906391017254263,0.835873521181275,0.9819819819819819,0.990909090909091,0.9864253393665158,0.9732142857142857,0.8068376068376069,0.9957805907172996,0.8914069877242682,0.8040885860306644,1.0,0.6391437308868502,0.7798507462686567,0.6391437308868502,0.9603960396039604,0.9897959183673469,0.9748743718592964,0.9509803921568627,0.7701149425287356,1.0,0.8701298701298702,0.7701149425287356,0.9867172675521821,0.9454545454545454,0.9656453110492108,0.933572710951526,0.9069767441860465,0.8478260869565217,0.8764044943820224,0.78
CRF51,CRF23,video53,3283,0.9448674992385013,0.8992899207605268,0.7993708585836803,0.8096308720243667,0.7054240252167592,1.0,0.582089552238806,0.7358490566037735,0.582089552238806,0.9505637467476149,1.0,0.9746554024010672,0.9505637467476149,1.0,0.7058823529411765,0.8275862068965517,0.7058823529411765,0.9810462471569371,0.9707426856714179,0.975867269984917,0.9528718703976435,0.45255474452554745,1.0,0.6231155778894472,0.45255474452554745,0.9584837545126353,0.892436974789916,0.9242819843342037,0.8592233009708737,0.9523809523809523,0.4444444444444444,0.6060606060606061,0.43478260869565216
CRF51,CRF23,video54,3100,0.7154838709677419,0.8919528168622793,0.6036596345621021,0.6401477732506148,0.5028091681089136,1.0,0.112,0.2014388489208633,0.112,0.5890818858560795,1.0,0.7414116177389133,0.5890818858560795,0.9868421052631579,0.38461538461538464,0.5535055350553505,0.3826530612244898,0.9950124688279302,0.43798024149286496,0.6082317073170732,0.4370208105147864,0.7291666666666666,0.958904109589041,0.8284023668639053,0.7070707070707071,0.9435665914221218,0.8410462776659959,0.8893617021276596,0.8007662835249042,1.0,0.49107142857142855,0.6586826347305389,0.49107142857142855
CRF51,CRF23,video55,1037,0.9026036644165863,0.8946820611361428,0.8110821431671333,0.836499194004693,0.7322741350900267,1.0,0.6666666666666666,0.8,0.6666666666666666,0.8731060606060606,1.0,0.9322548028311426,0.8731060606060606,0.7959183673469388,0.4936708860759494,0.609375,0.43820224719101125,1.0,0.8899082568807339,0.941747572815534,0.8899082568807339,0.84375,1.0,0.9152542372881356,0.84375,0.75,0.9130434782608695,0.8235294117647057,0.7,1.0,0.7142857142857143,0.8333333333333333,0.7142857142857143
CRF51,CRF23,video56,1834,0.8936750272628136,0.898972814363862,0.7745635376017302,0.7874784377566374,0.6814213595079959,1.0,0.24761904761904763,0.3969465648854962,0.24761904761904763,0.9158878504672897,0.9910112359550561,0.9519697787371829,0.9083419155509783,0.9772727272727273,0.8958333333333334,0.9347826086956522,0.8775510204081632,0.9557894736842105,0.8730769230769231,0.9125628140703517,0.8391866913123844,0.6105263157894737,1.0,0.7581699346405228,0.6105263157894737,0.8333333333333334,0.8653846153846154,0.8490566037735849,0.7377049180327869,1.0,0.5490196078431373,0.7088607594936709,0.5490196078431373
CRF51,CRF23,video57,2632,0.8438449848024316,0.7956217029085538,0.7025022924354047,0.6925929685315814,0.5766226023624524,1.0,0.6206896551724138,0.7659574468085107,0.6206896551724138,0.9133782483156881,0.9683673469387755,0.9400693412580485,0.8869158878504673,0.7785714285714286,0.5532994923857868,0.6468842729970327,0.4780701754385965,0.8320388349514564,0.9264864864864865,0.8767263427109975,0.7805100182149363,0.4263157894736842,1.0,0.5977859778597786,0.4263157894736842,0.6190476190476191,0.09090909090909091,0.15853658536585366,0.08609271523178808,1.0,0.7577639751552795,0.8621908127208481,0.7577639751552795
CRF51,CRF23,video58,5993,0.74737193392291,0.7397847249980857,0.5426800402871013,0.5420668935246175,0.4190358103348739,0.7142857142857143,0.0625,0.11494252873563218,0.06097560975609756,0.8151720542231491,0.9232359019781518,0.8658452166689741,0.763427734375,0.8245614035087719,0.06973293768545995,0.12859097127222982,0.06871345029239766,0.5798421372191864,0.720211161387632,0.6424487050117726,0.4732408325074331,0.4489795918367347,0.7457627118644068,0.5605095541401274,0.3893805309734513,0.7956521739130434,0.6752767527675276,0.7305389221556885,0.5754716981132075,1.0,0.6020408163265306,0.7515923566878981,0.6020408163265306
CRF51,CRF23,video59,1046,0.8795411089866156,0.9244125319813324,0.7124871160585445,0.7568430936451919,0.6459120038002026,1.0,0.45714285714285713,0.6274509803921569,0.45714285714285713,0.8647619047619047,1.0,0.9274770173646578,0.8647619047619047,1.0,0.2,0.33333333333333337,0.2,0.8848484848484849,1.0,0.9389067524115756,0.8848484848484849,0.9302325581395349,0.6060606060606061,0.7339449541284403,0.5797101449275363,0.7910447761194029,0.9464285714285714,0.8617886178861788,0.7571428571428571,1.0,0.7777777777777778,0.8750000000000001,0.7777777777777778
CRF51,CRF23,video60,2532,0.7823854660347551,0.6795909753531856,0.5588257461222271,0.5584904516534616,0.43023498690253864,1.0,0.43343653250773995,0.6047516198704104,0.43343653250773995,0.8764961915125136,0.90607424071991,0.8910398230088495,0.8034912718204489,0.7872340425531915,0.44047619047619047,0.564885496183206,0.39361702127659576,0.2692307692307692,0.9245283018867925,0.41702127659574467,0.26344086021505375,0.8241758241758241,0.6944444444444444,0.7537688442211055,0.6048387096774194,0.0,0.0,0.0,0.0,1.0,0.5128205128205128,0.6779661016949152,0.5128205128205128
CRF51,CRF23,video61,4409,0.8053980494443185,0.8233509165289793,0.8064702628059891,0.7667833886726362,0.6390835562010384,1.0,0.49107142857142855,0.6586826347305389,0.49107142857142855,0.5938461538461538,1.0,0.7451737451737452,0.5938461538461538,0.8954248366013072,0.7172774869109948,0.7965116279069768,0.6618357487922706,0.9877330716388616,0.7869429241594996,0.8759791122715405,0.7793263646922184,0.34615384615384615,1.0,0.5142857142857142,0.34615384615384615,0.9402985074626866,0.9,0.9197080291970803,0.8513513513513513,1.0,0.75,0.8571428571428571,0.75
CRF51,CRF23,video62,2032,0.8543307086614174,0.940427340719374,0.7690877496473961,0.8247321429879549,0.7138259622556857,1.0,0.65,0.787878787878788,0.65,0.793180133432172,1.0,0.8846630839189747,0.793180133432172,1.0,0.42857142857142855,0.6,0.42857142857142855,1.0,0.6642857142857143,0.7982832618025751,0.6642857142857143,0.9019607843137255,0.8518518518518519,0.8761904761904761,0.7796610169491526,0.8878504672897196,0.979381443298969,0.9313725490196078,0.8715596330275229,1.0,0.8095238095238095,0.8947368421052632,0.8095238095238095
CRF51,CRF23,video63,3433,0.8339644625691814,0.6865952774872731,0.6431836676819457,0.5626821458703576,0.46193382723486465,1.0,0.06666666666666667,0.125,0.06666666666666667,0.8931297709923665,0.9932088285229203,0.9405144694533764,0.8877086494688923,0.8780487804878049,0.8,0.8372093023255814,0.72,0.995609756097561,0.8932166301969365,0.9416378316032294,0.8897122929380994,0.5037037037037037,0.27419354838709675,0.3550913838120104,0.21587301587301588,0.2190082644628099,1.0,0.3593220338983051,0.2190082644628099,0.31666666666666665,0.475,0.37999999999999995,0.2345679012345679
CRF51,CRF23,video64,2398,0.8815679733110926,0.8762041145214531,0.7139763755980785,0.7135776653230917,0.6468114714027074,0.9242424242424242,1.0,0.9606299212598425,0.9242424242424242,0.9896421845574388,0.9952651515151515,0.9924457034938621,0.9850046860356139,1.0,0.05825242718446602,0.11009174311926606,0.05825242718446602,0.7669021190716448,0.9947643979057592,0.8660968660968662,0.7638190954773869,0.864406779661017,1.0,0.9272727272727274,0.864406779661017,0.5882352941176471,0.16759776536312848,0.26086956521739124,0.15,1.0,0.7819548872180451,0.8776371308016877,0.7819548872180451
CRF51,CRF23,video65,1873,0.9471436198611852,0.7393780213439617,0.6900457575333421,0.6917215677437207,0.6465044831879495,1.0,0.891566265060241,0.9426751592356688,0.891566265060241,0.9617486338797814,0.9832402234636871,0.9723756906077347,0.946236559139785,0.8660714285714286,0.8981481481481481,0.8818181818181818,0.7886178861788617,1.0,0.9762845849802372,0.988,0.9762845849802372,0.8478260869565217,1.0,0.9176470588235294,0.8478260869565217,0.0,0.0,0.0,0.0,0.5,0.08108108108108109,0.13953488372093023,0.075
CRF51,CRF23,video66,1824,0.8470394736842105,0.6930138287449975,0.6665035541792964,0.6664163768950113,0.5668815563293269,0.4583333333333333,0.44,0.4489795918367347,0.2894736842105263,0.8198992443324937,1.0,0.9010380622837371,0.8198992443324937,0.958904109589041,0.875,0.9150326797385621,0.8433734939759037,0.8732193732193733,0.8431911966987621,0.8579426172148356,0.7512254901960784,0.7407407407407407,0.963855421686747,0.837696335078534,0.7207207207207207,0.0,0.0,0.0,0.0,1.0,0.5434782608695652,0.704225352112676,0.5434782608695652
CRF51,CRF23,video67,2353,0.9196770080747981,0.8817374301754967,0.8249419293079409,0.817638439978622,0.724617077540531,1.0,0.7772020725388601,0.8746355685131195,0.7772020725388601,0.9403314917127071,1.0,0.969248291571754,0.9403314917127071,1.0,0.29357798165137616,0.4539007092198582,0.29357798165137616,0.928007889546351,0.9505050505050505,0.9391217564870259,0.8852304797742239,0.5871559633027523,0.810126582278481,0.6808510638297873,0.5161290322580645,0.7166666666666667,1.0,0.8349514563106796,0.7166666666666667,1.0,0.9431818181818182,0.9707602339181286,0.9431818181818182
CRF51,CRF23,video68,1972,0.9127789046653144,0.8722363920621881,0.7943751350138083,0.7962577680222015,0.6973884655195707,1.0,0.3235294117647059,0.48888888888888893,0.3235294117647059,0.91280353200883,1.0,0.9544143104443161,0.91280353200883,1.0,0.9259259259259259,0.9615384615384615,0.9259259259259259,0.9865384615384616,0.9624765478424016,0.9743589743589745,0.95,0.5528455284552846,0.9855072463768116,0.7083333333333334,0.5483870967741935,0.9120879120879121,0.8512820512820513,0.8806366047745358,0.7867298578199052,0.7413793103448276,0.5119047619047619,0.6056338028169014,0.43434343434343436
CRF51,CRF23,video69,4575,0.9007650273224044,0.7901407420088802,0.5796579310000258,0.6434820287654358,0.5376692223716308,1.0,0.4057971014492754,0.577319587628866,0.4057971014492754,0.9718390804597701,1.0,0.9857184494316525,0.9718390804597701,1.0,0.47265625,0.6419098143236074,0.47265625,0.8820627802690583,0.9909319899244332,0.9333333333333333,0.875,0.6770833333333334,0.6403940886699507,0.6582278481012659,0.49056603773584906,0.0,0.0,0.0,0.0,1.0,0.5478260869565217,0.7078651685393258,0.5478260869565217
CRF51,CRF23,video70,1194,0.8994974874371859,0.7931283804735801,0.7201903994580091,0.7188680436816277,0.6581693367482019,0.9459459459459459,1.0,0.9722222222222222,0.9459459459459459,0.9822834645669292,0.9960079840319361,0.9890981169474728,0.9784313725490196,0.9767441860465116,0.84,0.9032258064516129,0.8235294117647058,0.8058035714285714,0.989041095890411,0.8880688806888068,0.7986725663716814,0.8411214953271028,0.989010989010989,0.9090909090909092,0.8333333333333334,0.0,0.0,0.0,0.0,1.0,0.22727272727272727,0.37037037037037035,0.22727272727272727
CRF51,CRF23,video71,2515,0.827037773359841,0.785055795936018,0.5246259542338868,0.5823718123325689,0.4719612582196762,1.0,0.19444444444444445,0.32558139534883723,0.19444444444444445,0.8089802130898022,0.8821576763485477,0.8439857086145296,0.7300824175824175,0.9642857142857143,0.4426229508196721,0.6067415730337079,0.43548387096774194,0.8265550239234449,0.7618522601984564,0.7928858290304073,0.6568441064638784,0.8955696202531646,1.0,0.9449081803005009,0.8955696202531646,0.0,0.0,0.0,0.0,1.0,0.391304347826087,0.5625,0.391304347826087
CRF51,CRF23,video72,3106,0.892466194462331,0.9079038803553251,0.8171985432783794,0.8309765700194411,0.7276132260935396,1.0,0.3795620437956204,0.5502645502645502,0.3795620437956204,0.8358103326256192,1.0,0.9105628373168851,0.8358103326256192,1.0,0.6814159292035398,0.8105263157894737,0.6814159292035398,0.9787644787644788,0.8464106844741235,0.9077887197851386,0.8311475409836065,0.6724137931034483,1.0,0.8041237113402061,0.6724137931034483,0.8683385579937304,0.9518900343642611,0.9081967213114753,0.8318318318318318,1.0,0.8611111111111112,0.9253731343283582,0.8611111111111112
CRF51,CRF23,video73,1356,0.922566371681416,0.9260112908296235,0.8432922884847326,0.8677979227200181,0.7761976438762975,1.0,0.7319587628865979,0.8452380952380951,0.7319587628865979,0.9347181008902077,1.0,0.9662576687116564,0.9347181008902077,1.0,0.5192307692307693,0.6835443037974684,0.5192307692307693,0.8913043478260869,1.0,0.9425287356321839,0.8913043478260869,0.7586206896551724,0.9361702127659575,0.8380952380952381,0.7213114754098361,0.8974358974358975,0.8823529411764706,0.8898305084745762,0.8015267175572519,1.0,0.8333333333333334,0.9090909090909091,0.8333333333333334
CRF51,CRF23,video74,1634,0.6835985312117503,0.7590102985276245,0.5567839353579094,0.6043873436032049,0.48500562017419996,1.0,0.5402298850574713,0.7014925373134328,0.5402298850574713,0.6320610687022901,1.0,0.7745556594948549,0.6320610687022901,0.9322033898305084,0.4263565891472868,0.5851063829787234,0.41353383458646614,0.7488076311605724,0.6661951909476662,0.7050898203592814,0.5445086705202312,1.0,0.9313725490196079,0.9644670050761421,0.9313725490196079,0.0,0.0,0.0,0.0,1.0,0.3333333333333333,0.5,0.3333333333333333
CRF51,CRF23,video75,1923,0.594383775351014,0.7214096936168747,0.5201411466032239,0.5273793168545574,0.40052132016163,1.0,0.18032786885245902,0.3055555555555556,0.18032786885245902,0.3494967978042086,1.0,0.5179661016949152,0.3494967978042086,0.8367346938775511,0.7321428571428571,0.7809523809523811,0.640625,1.0,0.47818791946308725,0.6469920544835415,0.47818791946308725,0.8636363636363636,0.8260869565217391,0.8444444444444444,0.7307692307692307,0.0,0.0,0.0,0.0,1.0,0.42424242424242425,0.5957446808510638,0.42424242424242425
CRF51,CRF23,video76,2649,0.7451868629671574,0.8837511824571841,0.6580028377476443,0.6538479100901345,0.5548137531031603,1.0,0.03333333333333333,0.06451612903225806,0.03333333333333333,0.8845177664974619,0.7543290043290043,0.8142523364485981,0.6866995073891625,1.0,0.16775599128540306,0.28731343283582095,0.16775599128540306,0.6446015424164524,0.9920870425321464,0.781456953642384,0.6413043478260869,0.7204301075268817,0.9710144927536232,0.8271604938271604,0.7052631578947368,0.9367088607594937,0.7708333333333334,0.8457142857142858,0.7326732673267327,1.0,0.9166666666666666,0.9565217391304348,0.9166666666666666
CRF51,CRF23,video77,2502,0.8057553956834532,0.851691031125496,0.787526041079832,0.763349898757537,0.6442500710033688,1.0,0.2159090909090909,0.3551401869158879,0.2159090909090909,0.6449207828518173,0.9985569985569985,0.7836919592298981,0.6443202979515829,0.9902912621359223,0.7338129496402878,0.8429752066115703,0.7285714285714285,0.9432918395573997,0.7421109902067464,0.830694275274056,0.7104166666666667,0.8,0.9863013698630136,0.8834355828220859,0.7912087912087912,1.0,0.835990888382688,0.9106699751861042,0.835990888382688,0.5833333333333334,1.0,0.7368421052631579,0.5833333333333334
CRF51,CRF23,video78,739,0.7699594046008119,0.7343785090382859,0.5885285679928538,0.5911129541791829,0.48377376587577187,1.0,0.4772727272727273,0.6461538461538462,0.4772727272727273,0.8545994065281899,1.0,0.9216,0.8545994065281899,0.8636363636363636,0.59375,0.7037037037037037,0.5428571428571428,0.6724137931034483,0.9629629629629629,0.7918781725888325,0.6554621848739496,0.75,0.9523809523809523,0.8391608391608391,0.7228915662650602,0.0,0.0,0.0,0.0,1.0,0.13333333333333333,0.23529411764705882,0.13333333333333333
CRF51,CRF23,video79,3414,0.8555946104276508,0.8390698924743506,0.6503971393560365,0.6948300905038501,0.5699835012995395,1.0,0.4074074074074074,0.5789473684210525,0.4074074074074074,0.9263220439691028,0.9968030690537084,0.9602710194025253,0.9235781990521327,0.9421487603305785,0.8507462686567164,0.8941176470588236,0.8085106382978723,0.85,0.8930875576036866,0.8710112359550561,0.7714968152866242,0.6764705882352942,0.6764705882352942,0.6764705882352942,0.5111111111111111,0.47854785478547857,0.4723127035830619,0.4754098360655738,0.3118279569892473,1.0,0.25595238095238093,0.4075829383886256,0.25595238095238093
CRF51,CRF23,video80,1724,0.8700696055684455,0.7783713165856022,0.6294531251406594,0.6498971638047788,0.5290128351412416,1.0,0.3157894736842105,0.4799999999999999,0.3157894736842105,0.8991666666666667,1.0,0.9469065379552435,0.8991666666666667,0.990990990990991,0.8333333333333334,0.9053497942386831,0.8270676691729323,0.8701298701298701,0.7642585551330798,0.8137651821862348,0.6860068259385665,0.5454545454545454,0.782608695652174,0.6428571428571429,0.47368421052631576,0.14285714285714285,0.3181818181818182,0.19718309859154928,0.109375,1.0,0.392,0.5632183908045978,0.392
CRF51,CRF28,video49,1671,0.9102333931777379,0.9143520134359614,0.7837220985458917,0.7910425256235569,0.7054054112946834,1.0,0.5222222222222223,0.6861313868613139,0.5222222222222223,0.8752886836027713,1.0,0.9334975369458128,0.8752886836027713,1.0,0.15873015873015872,0.27397260273972607,0.15873015873015872,0.927710843373494,0.9309153713298791,0.9293103448275863,0.8679549114331723,0.6694214876033058,0.9310344827586207,0.7788461538461537,0.6377952755905512,0.9745547073791349,0.9896640826873385,0.9820512820512821,0.964735516372796,0.9534883720930233,0.9534883720930233,0.9534883720930233,0.9111111111111111
CRF51,CRF28,video50,1094,0.8382084095063985,0.6482269165817789,0.4629455037709748,0.4798202192713326,0.4003018198551015,1.0,0.11940298507462686,0.21333333333333335,0.11940298507462686,0.7854195323246217,1.0,0.8798151001540832,0.7854195323246217,0.0,0.0,0.0,0.0,0.989010989010989,0.8132530120481928,0.8925619834710745,0.8059701492537313,0.7631578947368421,0.9508196721311475,0.8467153284671532,0.7341772151898734,0.0,0.0,0.0,0.0,1.0,0.35714285714285715,0.5263157894736842,0.35714285714285715
CRF51,CRF28,video51,2944,0.7085597826086957,0.8337274483375046,0.5961030119189428,0.5713963471457629,0.4489755070836682,1.0,0.23529411764705882,0.38095238095238093,0.23529411764705882,0.8199708454810496,0.9964570416297609,0.899640143942423,0.8175872093023255,0.96875,0.1962025316455696,0.3263157894736842,0.1949685534591195,0.500464252553389,0.8953488372093024,0.6420488385944013,0.4728070175438597,0.6118421052631579,1.0,0.7591836734693876,0.6118421052631579,0.935064935064935,0.7700534759358288,0.844574780058651,0.7309644670050761,1.0,0.07936507936507936,0.14705882352941177,0.07936507936507936
CRF51,CRF28,video52,1966,0.9125127161749745,0.9206389825141275,0.9104158437731897,0.9021528396985756,0.8316641478297574,0.9734513274336283,1.0,0.9865470852017937,0.9734513274336283,0.8037542662116041,0.9936708860759493,0.8886792452830189,0.799660441426146,1.0,0.5779816513761468,0.7325581395348838,0.5779816513761468,0.9440389294403893,0.9897959183673469,0.9663760896637609,0.9349397590361446,0.7362637362637363,1.0,0.8481012658227849,0.7362637362637363,0.9869646182495344,0.9636363636363636,0.9751609935602575,0.9515260323159784,1.0,0.8478260869565217,0.9176470588235294,0.8478260869565217
CRF51,CRF28,video53,3283,0.9055741699664941,0.8785488788360596,0.7039929665214795,0.6939240940301812,0.5842038882702425,1.0,0.7164179104477612,0.8347826086956522,0.7164179104477612,0.924114671163575,1.0,0.9605609114811569,0.924114671163575,1.0,0.21176470588235294,0.34951456310679613,0.21176470588235294,0.9571843251088534,0.9894973743435859,0.9730726669125784,0.9475574712643678,0.2897196261682243,1.0,0.4492753623188406,0.2897196261682243,0.9788235294117648,0.6991596638655462,0.8156862745098039,0.6887417218543046,1.0,0.3111111111111111,0.4745762711864407,0.3111111111111111
CRF51,CRF28,video54,3100,0.7016129032258065,0.9035430215969732,0.6481798678890424,0.6966898702601403,0.558262936488965,1.0,0.336,0.5029940119760479,0.336,0.5728764478764479,1.0,0.7284443080699601,0.5728764478764479,1.0,0.441025641025641,0.6120996441281139,0.441025641025641,0.9964028776978417,0.3040614709110867,0.4659377628259041,0.30372807017543857,0.8048780487804879,0.9041095890410958,0.8516129032258065,0.7415730337078652,0.9506437768240343,0.8913480885311871,0.9200415368639667,0.8519230769230769,1.0,0.6607142857142857,0.7956989247311829,0.6607142857142857
CRF51,CRF28,video55,1037,0.8534233365477338,0.7968260894654088,0.6933277575761752,0.6920483334722062,0.5877196945467382,1.0,0.6666666666666666,0.8,0.6666666666666666,0.8202846975088968,1.0,0.9012707722385142,0.8202846975088968,0.4,0.05063291139240506,0.0898876404494382,0.047058823529411764,1.0,0.8990825688073395,0.9468599033816426,0.8990825688073395,0.7941176470588235,1.0,0.8852459016393442,0.7941176470588235,0.5633802816901409,0.8695652173913043,0.6837606837606838,0.5194805194805194,1.0,0.3673469387755102,0.5373134328358209,0.3673469387755102
CRF51,CRF28,video56,1834,0.851145038167939,0.8844499264234821,0.6892372333548804,0.7049265618409332,0.5824858987140124,1.0,0.26666666666666666,0.4210526315789474,0.26666666666666666,0.8649173955296404,1.0,0.9275664408546118,0.8649173955296404,1.0,0.75,0.8571428571428571,0.75,0.9679802955665024,0.7557692307692307,0.8488120950323974,0.7373358348968105,0.5296803652968036,1.0,0.6925373134328358,0.5296803652968036,0.8285714285714286,0.8365384615384616,0.8325358851674641,0.7131147540983607,1.0,0.21568627450980393,0.3548387096774193,0.21568627450980393
CRF51,CRF28,video57,2632,0.7545592705167173,0.8184784859217319,0.6426562391418305,0.6528467187911914,0.5039405481595362,0.8555555555555555,0.5310344827586206,0.6553191489361702,0.4873417721518987,0.7191176470588235,0.9979591836734694,0.8358974358974359,0.7180616740088106,0.9411764705882353,0.16243654822335024,0.277056277056277,0.16080402010050251,0.8084577114427861,0.7027027027027027,0.7518796992481203,0.6024096385542169,0.4764705882352941,1.0,0.645418326693227,0.4764705882352941,0.9285714285714286,0.5454545454545454,0.6872246696035241,0.5234899328859061,1.0,0.5590062111801242,0.7171314741035856,0.5590062111801242
CRF51,CRF28,video58,5993,0.7083263807775738,0.7173437082082372,0.45422443444949706,0.4331559621847714,0.3091163899829138,0.8333333333333334,0.0625,0.11627906976744186,0.06172839506172839,0.7507062146892656,0.941541186891054,0.8353634577603144,0.7172739541160594,0.765625,0.07270029673590504,0.13279132791327913,0.07111756168359942,0.6141176470588235,0.5904977375565611,0.6020761245674741,0.4306930693069307,0.2376237623762376,0.8135593220338984,0.367816091954023,0.22535211267605634,0.82,0.45387453874538747,0.5843230403800476,0.412751677852349,1.0,0.24489795918367346,0.39344262295081966,0.24489795918367346
CRF51,CRF28,video59,1046,0.8661567877629063,0.9048040319925776,0.7051461992019722,0.7155775617482264,0.6191500235116182,1.0,0.7142857142857143,0.8333333333333333,0.7142857142857143,0.8533834586466166,1.0,0.920892494929006,0.8533834586466166,1.0,0.0125,0.02469135802469136,0.0125,0.909375,0.9965753424657534,0.9509803921568628,0.9065420560747663,0.9245283018867925,0.7424242424242424,0.823529411764706,0.7,0.6463414634146342,0.9464285714285714,0.7681159420289856,0.6235294117647059,1.0,0.5238095238095238,0.6875000000000001,0.5238095238095238
CRF51,CRF28,video60,2532,0.764218009478673,0.6854552784449892,0.5424630138162081,0.5005148671973626,0.39508800458742716,1.0,0.5758513931888545,0.730844793713163,0.5758513931888545,0.8932783018867925,0.8520809898762655,0.8721934369602763,0.7733537519142419,0.875,0.16666666666666666,0.27999999999999997,0.16279069767441862,0.21311475409836064,0.9811320754716981,0.35016835016835013,0.21224489795918366,0.816793893129771,0.9907407407407407,0.8953974895397491,0.8106060606060606,0.0,0.0,0.0,0.0,1.0,0.23076923076923078,0.375,0.23076923076923078
CRF51,CRF28,video61,4409,0.7890678158312543,0.6948125385777743,0.6224480820475181,0.585076930043223,0.46162484809510423,0.9879518072289156,0.36607142857142855,0.5342019543973942,0.36444444444444446,0.5646576945582212,1.0,0.7217651458489156,0.5646576945582212,0.0,0.0,0.0,0.0,0.9995398067188219,0.8491008600469117,0.9181991122384273,0.8487690504103166,0.31153846153846154,1.0,0.4750733137829912,0.31153846153846154,1.0,0.4857142857142857,0.6538461538461539,0.4857142857142857,1.0,0.65625,0.7924528301886793,0.65625
CRF51,CRF28,video62,2032,0.8395669291338582,0.9337071864140253,0.7564521432857221,0.7902107903674249,0.6944544413206878,1.0,0.85,0.9189189189189189,0.85,0.7770515613652869,1.0,0.8745402533714752,0.7770515613652869,1.0,0.15714285714285714,0.271604938271605,0.15714285714285714,0.9955654101995566,0.6414285714285715,0.7801911381407471,0.6396011396011396,0.8333333333333334,0.9259259259259259,0.8771929824561403,0.78125,0.93,0.9587628865979382,0.9441624365482233,0.8942307692307693,1.0,0.7619047619047619,0.8648648648648648,0.7619047619047619
CRF51,CRF28,video63,3433,0.8127002621613749,0.7528602981079989,0.5881048457123138,0.5437415318637578,0.4167019204623835,1.0,0.23333333333333334,0.37837837837837834,0.23333333333333334,0.7801324503311259,1.0,0.8764880952380953,0.7801324503311259,1.0,0.1111111111111111,0.19999999999999998,0.1111111111111111,0.9831460674157303,0.8424507658643327,0.9073768559981145,0.8304572907679033,0.6397849462365591,0.4798387096774194,0.5483870967741935,0.37777777777777777,0.22410147991543342,1.0,0.36614853195164077,0.22410147991543342,0.6428571428571429,0.45,0.5294117647058824,0.36
CRF51,CRF28,video64,2398,0.8949124270225187,0.8828769944554772,0.7422823283755393,0.7480438648007416,0.6573876625111604,0.8714285714285714,1.0,0.9312977099236641,0.8714285714285714,0.9830985915492958,0.9914772727272727,0.9872701555869873,0.9748603351955307,1.0,0.0970873786407767,0.17699115044247787,0.0970873786407767,0.8215451577801959,0.9882198952879581,0.8972073677956032,0.8135775862068966,0.8015873015873016,0.9901960784313726,0.8859649122807018,0.7952755905511811,0.7024793388429752,0.4748603351955307,0.5666666666666668,0.3953488372093023,1.0,0.6541353383458647,0.7909090909090909,0.6541353383458647
CRF51,CRF28,video65,1873,0.9572877736252002,0.830284811806551,0.7025156683354693,0.7249650170225719,0.6761061027057202,1.0,0.9036144578313253,0.9493670886075949,0.9036144578313253,0.9561965811965812,1.0,0.977607864554888,0.9561965811965812,0.9891304347826086,0.8425925925925926,0.91,0.8348623853211009,1.0,0.9822134387351779,0.9910269192422733,0.9822134387351779,0.8666666666666667,1.0,0.9285714285714286,0.8666666666666667,0.0,0.0,0.0,0.0,1.0,0.1891891891891892,0.3181818181818182,0.1891891891891892
CRF51,CRF28,video66,1824,0.8338815789473685,0.7880396409065324,0.6648466598456738,0.6876732347821021,0.5466043540692053,0.3684210526315789,0.56,0.4444444444444444,0.2857142857142857,0.7796407185628742,1.0,0.8761776581426648,0.7796407185628742,0.9655172413793104,0.525,0.680161943319838,0.5153374233128835,0.9218289085545722,0.859697386519945,0.889679715302491,0.8012820512820513,0.72,0.8674698795180723,0.7868852459016394,0.6486486486486487,0.7608695652173914,0.4069767441860465,0.5303030303030304,0.36082474226804123,1.0,0.43478260869565216,0.6060606060606061,0.43478260869565216
CRF51,CRF28,video67,2353,0.888652783680408,0.8291718465478481,0.7819132723349406,0.7038115809796476,0.6212165874471937,1.0,0.9119170984455959,0.9539295392953929,0.9119170984455959,0.9561797752808989,1.0,0.977599080987938,0.9561797752808989,1.0,0.009174311926605505,0.018181818181818184,0.009174311926605505,0.9111570247933884,0.8909090909090909,0.9009193054136875,0.8197026022304833,0.6206896551724138,0.9113924050632911,0.7384615384615385,0.5853658536585366,0.3161764705882353,1.0,0.48044692737430167,0.3161764705882353,1.0,0.75,0.8571428571428571,0.75
CRF51,CRF28,video68,1972,0.8727180527383367,0.8838550807264607,0.7165485609155761,0.72806542968482,0.6063936573200469,1.0,0.3333333333333333,0.5,0.3333333333333333,0.8979370249728555,1.0,0.9462242562929062,0.8979370249728555,1.0,0.41975308641975306,0.5913043478260869,0.41975308641975306,0.8690476190476191,0.9587242026266416,0.911685994647636,0.8377049180327869,0.4928571428571429,1.0,0.6602870813397129,0.4928571428571429,0.9574468085106383,0.9230769230769231,0.9399477806788513,0.8866995073891626,0.9696969696969697,0.38095238095238093,0.547008547008547,0.3764705882352941
CRF51,CRF28,video69,4575,0.8601092896174863,0.7819489017785948,0.538004458403477,0.5750472975432347,0.48053597590660563,1.0,0.42028985507246375,0.5918367346938774,0.42028985507246375,0.9684994272623139,1.0,0.983997672388711,0.9684994272623139,1.0,0.078125,0.14492753623188406,0.078125,0.8110789582472095,0.9884130982367758,0.8910081743869209,0.8034398034398035,0.6940639269406392,0.7487684729064039,0.7203791469194313,0.562962962962963,0.0,0.0,0.0,0.0,1.0,0.5304347826086957,0.6931818181818182,0.5304347826086957
CRF51,CRF28,video70,1194,0.871859296482412,0.897392780791437,0.6795972296644923,0.6875703449698378,0.5941634800607734,0.875,1.0,0.9333333333333333,0.875,0.9593810444874274,0.9900199600798403,0.974459724950884,0.9501915708812261,1.0,0.51,0.6754966887417219,0.51,0.7807017543859649,0.9753424657534246,0.8672350791717418,0.7655913978494624,0.7777777777777778,1.0,0.8750000000000001,0.7777777777777778,0.8888888888888888,0.1,0.17977528089887643,0.09876543209876543,1.0,0.18181818181818182,0.3076923076923077,0.18181818181818182
CRF51,CRF28,video71,2515,0.7451292246520875,0.7481056631687854,0.4522304031665838,0.5022436246171919,0.388874373946127,1.0,0.19444444444444445,0.32558139534883723,0.19444444444444445,0.6911392405063291,0.9062240663900415,0.7842010771992819,0.6450088600118133,0.8571428571428571,0.19672131147540983,0.32000000000000006,0.19047619047619047,0.8068376068376069,0.5203969128996693,0.6327077747989276,0.4627450980392157,0.881619937694704,1.0,0.9370860927152318,0.881619937694704,0.0,0.0,0.0,0.0,1.0,0.34782608695652173,0.5161290322580645,0.34782608695652173
CRF51,CRF28,video72,3106,0.865099806825499,0.9032391807865634,0.8163313071256714,0.8294116412113589,0.7219929180384129,1.0,0.40145985401459855,0.5729166666666666,0.40145985401459855,0.781084656084656,1.0,0.8770887486075009,0.781084656084656,1.0,0.7345132743362832,0.8469387755102041,0.7345132743362832,0.9871382636655949,0.7687813021702838,0.8643829188174567,0.7611570247933884,0.6782608695652174,1.0,0.8082901554404144,0.6782608695652174,0.8761904761904762,0.9484536082474226,0.9108910891089108,0.8363636363636363,1.0,0.8611111111111112,0.9253731343283582,0.8611111111111112
CRF51,CRF28,video73,1356,0.9122418879056047,0.9164120263126658,0.8268993611584038,0.8399935713697166,0.7486034847239074,1.0,0.8350515463917526,0.9101123595505618,0.8350515463917526,0.9278350515463918,1.0,0.9625668449197862,0.9278350515463918,1.0,0.3173076923076923,0.4817518248175182,0.3173076923076923,0.8803680981595092,1.0,0.9363784665579119,0.8803680981595092,0.71875,0.9787234042553191,0.8288288288288289,0.7076923076923077,0.8879310344827587,0.865546218487395,0.8765957446808511,0.7803030303030303,1.0,0.7916666666666666,0.8837209302325582,0.7916666666666666
CRF51,CRF28,video74,1634,0.7093023255813954,0.7921398879343432,0.5739162270288363,0.6114406545627078,0.48461481585015415,1.0,0.5862068965517241,0.7391304347826086,0.5862068965517241,0.6884422110552764,0.9927536231884058,0.8130563798219584,0.685,0.9629629629629629,0.20155038759689922,0.3333333333333333,0.2,0.7658321060382917,0.7355021216407355,0.7503607503607503,0.6004618937644342,0.967741935483871,0.8823529411764706,0.923076923076923,0.8571428571428571,0.16,0.26666666666666666,0.2,0.1111111111111111,1.0,0.3523809523809524,0.5211267605633803,0.3523809523809524
CRF51,CRF28,video75,1923,0.5709828393135725,0.6047162926473272,0.4549819489007806,0.4575565783504904,0.3482961479980153,1.0,0.4016393442622951,0.5730994152046784,0.4016393442622951,0.3293103448275862,1.0,0.4954604409857328,0.3293103448275862,0.0,0.0,0.0,0.0,1.0,0.4446308724832215,0.6155632984901277,0.4446308724832215,0.9037037037037037,0.8840579710144928,0.8937728937728937,0.8079470198675497,0.0,0.0,0.0,0.0,1.0,0.45454545454545453,0.625,0.45454545454545453
CRF51,CRF28,video76,2649,0.632314080785202,0.6759779560027991,0.5482329758236554,0.5518234065641574,0.4359478764589125,1.0,0.1,0.18181818181818182,0.1,0.7323628219484882,0.7077922077922078,0.7198679141441938,0.5623387790197765,0.0,0.0,0.0,0.0,0.5533290239172592,0.8466864490603363,0.6692728694292416,0.5029377203290247,0.6,0.6956521739130435,0.6442953020134228,0.4752475247524752,0.8461538461538461,0.6875,0.7586206896551724,0.6111111111111112,1.0,0.8,0.888888888888889,0.8
CRF51,CRF28,video77,2502,0.7509992006394884,0.8249194755809948,0.7678207294844761,0.7398781101336301,0.5981668639676887,1.0,0.375,0.5454545454545454,0.375,0.5784641068447413,1.0,0.7329455314648334,0.5784641068447413,1.0,0.5899280575539568,0.7420814479638009,0.5899280575539568,0.9409722222222222,0.5897714907508161,0.7250836120401337,0.5687303252885625,0.73,1.0,0.8439306358381503,0.73,1.0,0.8200455580865603,0.9011264080100124,0.8200455580865603,0.525,1.0,0.6885245901639345,0.525
CRF51,CRF28,video78,739,0.7658998646820027,0.7731491532783327,0.5818997506986744,0.6027984625153239,0.4730697530173815,1.0,0.4090909090909091,0.5806451612903226,0.4090909090909091,0.7659574468085106,1.0,0.8674698795180723,0.7659574468085106,0.42857142857142855,0.09375,0.15384615384615383,0.08333333333333333,0.7978723404255319,0.9259259259259259,0.8571428571428572,0.75,0.6904761904761905,0.9206349206349206,0.7891156462585033,0.651685393258427,0.7291666666666666,0.4794520547945205,0.5785123966942148,0.4069767441860465,1.0,0.24444444444444444,0.39285714285714285,0.24444444444444444
CRF51,CRF28,video79,3414,0.8790275336848272,0.8864452162458945,0.6734281036224147,0.7102793295102655,0.5877920668518147,1.0,0.2777777777777778,0.4347826086956522,0.2777777777777778,0.8952489982827705,1.0,0.9447296889157354,0.8952489982827705,0.9591836734693877,0.7014925373134329,0.810344827586207,0.6811594202898551,0.9515151515151515,0.8682027649769585,0.9079518072289157,0.8314210061782877,0.7623762376237624,0.7549019607843137,0.7586206896551724,0.6111111111111112,0.6367924528301887,0.8794788273615635,0.7387140902872776,0.5856832971800434,1.0,0.23214285714285715,0.37681159420289856,0.23214285714285715
CRF51,CRF28,video80,1724,0.7911832946635731,0.7673558837109925,0.5665337341309359,0.5750504559138866,0.42516706905185214,1.0,0.24561403508771928,0.3943661971830986,0.24561403508771928,0.8143396226415094,1.0,0.8976705490848585,0.8143396226415094,0.9726027397260274,0.5378787878787878,0.6926829268292681,0.5298507462686567,0.7430555555555556,0.4068441064638783,0.5257985257985257,0.3566666666666667,0.6046511627906976,0.5652173913043478,0.5842696629213482,0.4126984126984127,0.23684210526315788,0.8181818181818182,0.3673469387755102,0.225,1.0,0.392,0.5632183908045978,0.392
CRF51,CRF35,video49,1671,0.9425493716337523,0.9536864084612618,0.8743306542118435,0.8995614035387104,0.8320999170834595,1.0,0.5,0.6666666666666666,0.5,0.838495575221239,1.0,0.9121540312876053,0.838495575221239,0.9803921568627451,0.7936507936507936,0.8771929824561403,0.78125,0.9981916817359855,0.9533678756476683,0.9752650176678445,0.9517241379310345,0.8863636363636364,0.896551724137931,0.8914285714285715,0.8041237113402062,0.9723618090452262,1.0,0.9859872611464968,0.9723618090452262,1.0,0.9767441860465116,0.988235294117647,0.9767441860465116
CRF51,CRF35,video50,1094,0.8144424131627057,0.7824546822174469,0.44143180031511575,0.4614191478926107,0.3720301810935275,1.0,0.1044776119402985,0.18918918918918917,0.1044776119402985,0.7623497997329773,1.0,0.8651515151515152,0.7623497997329773,1.0,0.05714285714285714,0.1081081081081081,0.05714285714285714,0.9840637450199203,0.7439759036144579,0.8473413379073758,0.7351190476190477,0.7307692307692307,0.9344262295081968,0.8201438848920862,0.6951219512195121,0.0,0.0,0.0,0.0,1.0,0.25,0.4,0.25
CRF51,CRF35,video51,2944,0.8012907608695652,0.8835167043303143,0.7897861002454368,0.7871186961420161,0.6801465193219908,1.0,0.7983193277310925,0.8878504672897196,0.7983193277310925,0.9550466497031382,0.9973427812223207,0.975736568457539,0.9526226734348562,1.0,0.24208860759493672,0.38980891719745225,0.24208860759493672,0.5503231763619575,0.9900332225913622,0.7074183976261127,0.5472910927456383,0.8035714285714286,0.967741935483871,0.878048780487805,0.782608695652174,0.8756756756756757,0.8663101604278075,0.8709677419354839,0.7714285714285715,1.0,0.6666666666666666,0.8,0.6666666666666666
CRF51,CRF35,video52,1966,0.8692777212614445,0.8780997966419524,0.871060047585005,0.8608394183819785,0.7638999875317591,0.9807692307692307,0.9272727272727272,0.9532710280373831,0.9107142857142857,0.6982248520710059,0.9957805907172996,0.8208695652173913,0.696165191740413,0.9751243781094527,0.599388379204893,0.7424242424242423,0.5903614457831325,0.9746835443037974,0.7857142857142857,0.8700564971751412,0.77,0.7951807228915663,0.9850746268656716,0.88,0.7857142857142857,0.9868667917448405,0.9563636363636364,0.9713758079409048,0.9443447037701975,0.7358490566037735,0.8478260869565217,0.7878787878787878,0.65
CRF51,CRF35,video53,3283,0.9576606762107828,0.9201878284355006,0.8550746663247512,0.864287045016747,0.7843906235122154,1.0,0.7164179104477612,0.8347826086956522,0.7164179104477612,0.939810834049871,0.9972627737226277,0.9676848162903939,0.9373927958833619,1.0,0.9882352941176471,0.9940828402366864,0.9882352941176471,1.0,0.981245311327832,0.990533888678531,0.981245311327832,0.5377358490566038,0.9193548387096774,0.6785714285714285,0.5135135135135135,0.9637681159420289,0.8941176470588236,0.927637314734089,0.865040650406504,1.0,0.4888888888888889,0.6567164179104478,0.4888888888888889
CRF51,CRF35,video54,3100,0.7793548387096774,0.9068371697542936,0.7497474343600589,0.7784893933093651,0.6593793697126638,1.0,0.464,0.6338797814207651,0.464,0.646866485013624,1.0,0.785572468563865,0.646866485013624,0.9886363636363636,0.4461538461538462,0.6148409893992933,0.44387755102040816,1.0,0.47639956092206365,0.645353159851301,0.47639956092206365,0.75,0.9863013698630136,0.8520710059171598,0.7422680412371134,0.981404958677686,0.9557344064386318,0.9683995922528033,0.9387351778656127,0.9809523809523809,0.9196428571428571,0.9493087557603686,0.9035087719298246
CRF51,CRF35,video55,1037,0.8765670202507232,0.8649281682369917,0.8099280877378207,0.8260556406197208,0.7216814865635569,1.0,0.7619047619047619,0.8648648648648648,0.7619047619047619,0.8474264705882353,1.0,0.9174129353233831,0.8474264705882353,0.6296296296296297,0.43037974683544306,0.5112781954887219,0.3434343434343434,1.0,0.8103975535168195,0.8952702702702703,0.8103975535168195,0.8181818181818182,1.0,0.9,0.8181818181818182,0.7592592592592593,0.8913043478260869,0.8200000000000001,0.6949152542372882,1.0,0.7755102040816326,0.8735632183908045,0.7755102040816326
CRF51,CRF35,video56,1834,0.9182115594329335,0.9169595950306366,0.7913665466186475,0.8054981871654452,0.7121845806453597,1.0,0.23809523809523808,0.3846153846153846,0.23809523809523808,0.9128205128205128,1.0,0.9544235924932977,0.9128205128205128,0.9361702127659575,0.9166666666666666,0.9263157894736843,0.8627450980392157,0.9979423868312757,0.9326923076923077,0.9642147117296223,0.9309021113243762,0.7341772151898734,1.0,0.8467153284671534,0.7341772151898734,0.8376068376068376,0.9423076923076923,0.8868778280542987,0.7967479674796748,1.0,0.5098039215686274,0.6753246753246753,0.5098039215686274
CRF51,CRF35,video57,2632,0.8275075987841946,0.8735309729942246,0.686297127707049,0.7140139527790731,0.5810164988949781,1.0,0.4413793103448276,0.6124401913875598,0.4413793103448276,0.8070898598516076,0.9989795918367347,0.8928408572731419,0.8064250411861614,0.9583333333333334,0.233502538071066,0.3755102040816327,0.23115577889447236,0.8369230769230769,0.8821621621621621,0.8589473684210527,0.7527675276752768,0.6136363636363636,1.0,0.7605633802816901,0.6136363636363636,0.8987341772151899,0.4965034965034965,0.6396396396396397,0.47019867549668876,1.0,0.7515527950310559,0.8581560283687943,0.7515527950310559
CRF51,CRF35,video58,5993,0.6966460871016186,0.7054471508131036,0.6089374695145562,0.6058017686856705,0.48316634608841885,0.6,0.075,0.13333333333333333,0.07142857142857142,0.8499313186813187,0.7307351638618246,0.7858390220669947,0.6472280334728033,0.464,0.17210682492581603,0.25108225108225113,0.14356435643564355,0.49893752656183593,0.8853695324283559,0.6382169067681435,0.4686626746506986,0.7534246575342466,0.9322033898305084,0.8333333333333333,0.7142857142857143,0.8774703557312253,0.8191881918819188,0.8473282442748092,0.7350993377483444,0.8943661971830986,0.6479591836734694,0.7514792899408285,0.6018957345971564
CRF51,CRF35,video59,1046,0.8986615678776291,0.9266059275220053,0.8109182402724476,0.8493548927642424,0.7465208167583703,1.0,0.8857142857142857,0.9393939393939393,0.8857142857142857,0.8972332015810277,1.0,0.9458333333333333,0.8972332015810277,1.0,0.6,0.7499999999999999,0.6,0.8877887788778878,0.9212328767123288,0.9042016806722689,0.8251533742331288,0.9512195121951219,0.5909090909090909,0.7289719626168225,0.5735294117647058,0.75,0.9642857142857143,0.8437499999999999,0.7297297297297297,1.0,0.7142857142857143,0.8333333333333333,0.7142857142857143
CRF51,CRF35,video60,2532,0.8360979462875198,0.8513138934956225,0.6455745096186716,0.6273965383654839,0.520316559983218,1.0,0.7244582043343654,0.8402154398563735,0.7244582043343654,0.9196378041878891,0.9139482564679415,0.9167842031029619,0.8463541666666666,0.8823529411764706,0.35714285714285715,0.5084745762711864,0.3409090909090909,0.28651685393258425,0.9622641509433962,0.44155844155844154,0.2833333333333333,0.8706896551724138,0.9351851851851852,0.9017857142857144,0.8211382113821138,1.0,0.010638297872340425,0.021052631578947368,0.010638297872340425,1.0,0.6153846153846154,0.761904761904762,0.6153846153846154
CRF51,CRF35,video61,4409,0.6951689725561352,0.7775689070603757,0.6823031550424983,0.6519669418397777,0.4963837040961562,1.0,0.48660714285714285,0.6546546546546547,0.48660714285714285,0.44758812615955473,1.0,0.6183915411727011,0.44758812615955473,0.9047619047619048,0.29842931937172773,0.44881889763779526,0.2893401015228426,1.0,0.63721657544957,0.778414517669532,0.63721657544957,0.38571428571428573,1.0,0.5567010309278351,0.38571428571428573,0.7049180327868853,0.6142857142857143,0.6564885496183206,0.48863636363636365,1.0,0.7395833333333334,0.8502994011976047,0.7395833333333334
CRF51,CRF35,video62,2032,0.8577755905511811,0.9327518668222573,0.7954202024452393,0.8455155131019315,0.739927649978365,1.0,0.9,0.9473684210526316,0.9,0.7991038088125467,1.0,0.888335408883354,0.7991038088125467,0.9032258064516129,0.8,0.8484848484848486,0.7368421052631579,0.9935622317596566,0.6614285714285715,0.7941680960548885,0.6586059743954481,0.9056603773584906,0.8888888888888888,0.897196261682243,0.8135593220338984,0.927710843373494,0.7938144329896907,0.8555555555555555,0.7475728155339806,1.0,0.5238095238095238,0.6875000000000001,0.5238095238095238
CRF51,CRF35,video63,3433,0.8406641421497233,0.6586297216334147,0.7102477435441736,0.5962682567951995,0.47826010984777867,1.0,0.23333333333333334,0.37837837837837834,0.23333333333333334,0.9130434782608695,0.99830220713073,0.953771289537713,0.9116279069767442,0.6197183098591549,0.9777777777777777,0.7586206896551724,0.6111111111111112,0.9995056846267919,0.8849015317286653,0.9387186629526463,0.884514435695538,0.5725190839694656,0.3024193548387097,0.39577836411609496,0.24671052631578946,0.23503325942350334,1.0,0.38061041292639136,0.23503325942350334,0.27058823529411763,0.575,0.36800000000000005,0.22549019607843138
CRF51,CRF35,video64,2398,0.9236864053377815,0.9394897219311957,0.7935921403763898,0.8272891298279758,0.7437823135746845,1.0,0.8852459016393442,0.9391304347826086,0.8852459016393442,0.9933269780743565,0.9867424242424242,0.9900237529691213,0.980244590780809,1.0,0.22330097087378642,0.3650793650793651,0.22330097087378642,0.8423373759647188,1.0,0.91442250149611,0.8423373759647188,0.8623853211009175,0.9215686274509803,0.8909952606635071,0.8034188034188035,0.8783783783783784,0.7262569832402235,0.7951070336391437,0.6598984771573604,1.0,0.8120300751879699,0.896265560165975,0.8120300751879699
CRF51,CRF35,video65,1873,0.9524826481580352,0.8122286834560476,0.7272066288656331,0.7410929192786367,0.6843151364868271,1.0,0.9036144578313253,0.9493670886075949,0.9036144578313253,0.9566630552546046,0.9865921787709497,0.9713971397139716,0.9443850267379679,0.8717948717948718,0.9444444444444444,0.9066666666666667,0.8292682926829268,1.0,0.958498023715415,0.9788092835519677,0.958498023715415,0.8571428571428571,1.0,0.923076923076923,0.8571428571428571,0.0,0.0,0.0,0.0,1.0,0.2972972972972973,0.4583333333333333,0.2972972972972973
CRF51,CRF35,video66,1824,0.7741228070175439,0.676938702254357,0.6187585604290697,0.6321082108318397,0.5053961151438242,0.9333333333333333,0.56,0.7000000000000001,0.5384615384615384,0.6852631578947368,1.0,0.8132417239225483,0.6852631578947368,0.9,0.73125,0.8068965517241379,0.6763005780346821,0.9384057971014492,0.7125171939477304,0.8100078186082876,0.6806833114323259,0.5882352941176471,0.7228915662650602,0.6486486486486487,0.48,0.6933333333333334,0.6046511627906976,0.6459627329192547,0.47706422018348627,0.0,0.0,0.0,0.0
CRF51,CRF35,video67,2353,0.8933276668083298,0.8317542402844277,0.8135200913129547,0.7554060270389582,0.661804325386032,1.0,0.8341968911917098,0.9096045197740114,0.8341968911917098,0.9552752293577982,0.9788484136310224,0.9669181659895533,0.9359550561797753,0.9333333333333333,0.12844036697247707,0.22580645161290325,0.12727272727272726,0.8952095808383234,0.906060606060606,0.9006024096385542,0.8191780821917808,0.625,0.9493670886075949,0.7537688442211055,0.6048387096774194,0.41346153846153844,1.0,0.5850340136054422,0.41346153846153844,1.0,0.8977272727272727,0.9461077844311377,0.8977272727272727
CRF51,CRF35,video68,1972,0.9107505070993914,0.8897485367363555,0.8189724675191822,0.8140230210697011,0.7175313155135495,1.0,0.29411764705882354,0.45454545454545453,0.29411764705882354,0.9077936333699231,1.0,0.951668584579977,0.9077936333699231,0.9858156028368794,0.8580246913580247,0.9174917491749176,0.8475609756097561,0.9812382739212008,0.9812382739212008,0.9812382739212008,0.9631675874769797,0.8192771084337349,0.9855072463768116,0.8947368421052633,0.8095238095238095,0.9626865671641791,0.6615384615384615,0.7841945288753799,0.645,0.5714285714285714,0.9523809523809523,0.7142857142857142,0.5555555555555556
CRF51,CRF35,video69,4575,0.9169398907103825,0.811866367798417,0.6180911767624452,0.6809481937659784,0.5842181319970178,1.0,0.4057971014492754,0.577319587628866,0.4057971014492754,0.9718390804597701,1.0,0.9857184494316525,0.9718390804597701,1.0,0.52734375,0.690537084398977,0.52734375,0.894713059195662,0.9974811083123426,0.9433063363506431,0.8926961226330027,0.8296703296703297,0.7438423645320197,0.7844155844155845,0.6452991452991453,0.0,0.0,0.0,0.0,0.9868421052631579,0.6521739130434783,0.7853403141361257,0.646551724137931
CRF51,CRF35,video70,1194,0.914572864321608,0.9064835578502407,0.7850842901410358,0.812251749767409,0.7270026537305391,0.8974358974358975,1.0,0.945945945945946,0.8974358974358975,0.9669260700389105,0.9920159680638723,0.9793103448275863,0.9594594594594594,0.9529411764705882,0.81,0.8756756756756757,0.7788461538461539,0.8514150943396226,0.989041095890411,0.9150823827629911,0.8434579439252337,0.9166666666666666,0.967032967032967,0.9411764705882353,0.8888888888888888,0.76,0.2375,0.3619047619047619,0.22093023255813954,1.0,0.5,0.6666666666666666,0.5
CRF51,CRF35,video71,2515,0.8107355864811133,0.7313367451789042,0.5262734190384449,0.5738854936731668,0.4576233127930737,1.0,0.2777777777777778,0.4347826086956522,0.2777777777777778,0.828881469115192,0.8240663900414937,0.8264669163545567,0.7042553191489361,0.6428571428571429,0.4426229508196721,0.5242718446601943,0.35526315789473684,0.7687366167023555,0.7916207276736494,0.7800108636610539,0.6393588601959038,0.8788819875776398,1.0,0.9355371900826446,0.8788819875776398,0.0,0.0,0.0,0.0,1.0,0.34782608695652173,0.5161290322580645,0.34782608695652173
CRF51,CRF35,video72,3106,0.8081133290405667,0.8685674864873996,0.8231029739970636,0.8074168465182355,0.694573776073884,1.0,0.40145985401459855,0.5729166666666666,0.40145985401459855,0.7754432042022325,1.0,0.8735207100591715,0.7754432042022325,0.9532710280373832,0.9026548672566371,0.9272727272727272,0.864406779661017,1.0,0.5951585976627712,0.7462061747776033,0.5951585976627712,0.7959183673469388,1.0,0.8863636363636364,0.7959183673469388,0.5553398058252427,0.9828178694158075,0.7096774193548386,0.55,1.0,0.8796296296296297,0.9359605911330049,0.8796296296296297
CRF51,CRF35,video73,1356,0.9247787610619469,0.9322851681396063,0.8495922708091455,0.8711309117646354,0.7873406184366328,1.0,0.8041237113402062,0.8914285714285715,0.8041237113402062,0.9375,1.0,0.967741935483871,0.9375,1.0,0.4326923076923077,0.6040268456375839,0.4326923076923077,0.8803680981595092,1.0,0.9363784665579119,0.8803680981595092,0.7857142857142857,0.9361702127659575,0.854368932038835,0.7457627118644068,0.9224137931034483,0.8991596638655462,0.9106382978723405,0.8359375,1.0,0.875,0.9333333333333333,0.875
CRF51,CRF35,video74,1634,0.7680538555691554,0.7875598538353061,0.6402665819385257,0.6821027460605844,0.5739704263855298,1.0,0.5862068965517241,0.7391304347826086,0.5862068965517241,0.7885714285714286,1.0,0.8817891373801916,0.7885714285714286,0.96,0.7441860465116279,0.8384279475982533,0.7218045112781954,0.8343373493975904,0.7835926449787836,0.8081692195477754,0.6780905752753978,0.8962264150943396,0.9313725490196079,0.9134615384615385,0.8407079646017699,0.033783783783783786,0.05555555555555555,0.04201680672268908,0.02145922746781116,1.0,0.38095238095238093,0.5517241379310345,0.38095238095238093
CRF51,CRF35,video75,1923,0.5886635465418617,0.7220844541799953,0.5532706171017002,0.5725626059257286,0.44286323095013386,1.0,0.4016393442622951,0.5730994152046784,0.4016393442622951,0.340160284951024,1.0,0.5076411960132889,0.340160284951024,0.7560975609756098,0.5535714285714286,0.6391752577319588,0.4696969696969697,1.0,0.44798657718120805,0.6187717265353418,0.44798657718120805,0.9583333333333334,0.8333333333333334,0.8914728682170543,0.8041958041958042,0.0,0.0,0.0,0.0,1.0,0.6363636363636364,0.7777777777777778,0.6363636363636364
CRF51,CRF35,video76,2649,0.6987542468856173,0.841452625075295,0.6028579046061135,0.5917266582027217,0.4765814275021563,1.0,0.03333333333333333,0.06451612903225806,0.03333333333333333,0.8936170212765957,0.6818181818181818,0.7734806629834253,0.6306306306306306,0.9818181818181818,0.11764705882352941,0.21011673151750976,0.11739130434782609,0.5993939393939394,0.9782393669634025,0.7433295753476137,0.5915071770334929,0.5486725663716814,0.8985507246376812,0.6813186813186812,0.5166666666666667,0.8666666666666667,0.6770833333333334,0.7602339181286549,0.6132075471698113,1.0,0.8333333333333334,0.9090909090909091,0.8333333333333334
CRF51,CRF35,video77,2502,0.7633892885691447,0.8255859392015469,0.7457034715529122,0.7240390660396905,0.5838922502111055,1.0,0.2727272727272727,0.42857142857142855,0.2727272727272727,0.5958727429062769,1.0,0.7467672413793104,0.5958727429062769,1.0,0.5827338129496403,0.7363636363636364,0.5827338129496403,0.9394409937888198,0.6583242655059848,0.7741522712731925,0.6315240083507306,0.7311827956989247,0.9315068493150684,0.8192771084337349,0.6938775510204082,1.0,0.806378132118451,0.8928121059268601,0.806378132118451,0.5126050420168067,0.9682539682539683,0.6703296703296703,0.5041322314049587
CRF51,CRF35,video78,739,0.8010825439783491,0.8212020093961339,0.6765396143351948,0.7141479213711027,0.5710579826131497,1.0,0.4318181818181818,0.6031746031746031,0.4318181818181818,0.844574780058651,1.0,0.9157392686804451,0.844574780058651,0.578125,0.578125,0.578125,0.4065934065934066,0.7657142857142857,0.8271604938271605,0.7952522255192879,0.6600985221674877,0.76,0.9047619047619048,0.8260869565217391,0.7037037037037037,0.8,0.4383561643835616,0.5663716814159292,0.3950617283950617,1.0,0.5555555555555556,0.7142857142857143,0.5555555555555556
CRF51,CRF35,video79,3414,0.9235500878734623,0.9238068847340186,0.6925879081894796,0.7362243940347403,0.6336205621625756,1.0,0.25925925925925924,0.4117647058823529,0.25925925925925924,0.968421052631579,1.0,0.983957219251337,0.968421052631579,1.0,0.8507462686567164,0.9193548387096774,0.8507462686567164,0.9669642857142857,0.9981566820276497,0.982312925170068,0.9652406417112299,0.9090909090909091,0.5882352941176471,0.7142857142857143,0.5555555555555556,0.6221719457013575,0.8957654723127035,0.7343124165554072,0.580168776371308,1.0,0.25595238095238093,0.4075829383886256,0.25595238095238093
CRF51,CRF35,video80,1724,0.8033642691415314,0.8155135997812406,0.6102489452263491,0.613291125701424,0.4721274845039346,1.0,0.38596491228070173,0.5569620253164557,0.38596491228070173,0.8040238450074516,1.0,0.8913672036348617,0.8040238450074516,0.8652482269503546,0.9242424242424242,0.8937728937728938,0.8079470198675497,0.9452054794520548,0.2623574144486692,0.41071428571428575,0.25842696629213485,0.8333333333333334,0.32608695652173914,0.46875000000000006,0.30612244897959184,0.29411764705882354,0.9090909090909091,0.4444444444444445,0.2857142857142857,0.9666666666666667,0.464,0.627027027027027,0.4566929133858268
CRF51,CRF51,video49,1671,0.8773189706762418,0.837611081891591,0.8549051271874619,0.8282903262506064,0.7140028504369909,1.0,0.5444444444444444,0.7050359712230216,0.5444444444444444,0.8818443804034583,0.8073878627968337,0.8429752066115703,0.7285714285714285,0.6707317073170732,0.873015873015873,0.7586206896551724,0.6111111111111112,0.9071310116086235,0.9447322970639033,0.9255499153976311,0.8614173228346457,0.7864077669902912,0.9310344827586207,0.8526315789473684,0.7431192660550459,0.9606741573033708,0.8837209302325582,0.9205921938088829,0.8528678304239401,0.6564885496183206,1.0,0.7926267281105991,0.6564885496183206
CRF51,CRF51,video50,1094,0.5941499085923218,0.5816594439451404,0.44906900082901435,0.4489074588501477,0.3370480934980242,1.0,0.34328358208955223,0.5111111111111112,0.34328358208955223,0.8395522388059702,0.39404553415061294,0.536352800953516,0.36644951140065146,0.0,0.0,0.0,0.0,0.4628330995792426,0.9939759036144579,0.631578947368421,0.46153846153846156,0.7692307692307693,0.9836065573770492,0.8633093525179856,0.759493670886076,0.0,0.0,0.0,0.0,1.0,0.42857142857142855,0.6,0.42857142857142855
CRF51,CRF51,video51,2944,0.6922554347826086,0.8135475434806055,0.7871967301685758,0.7419625828124666,0.6292524042898843,1.0,0.9453781512605042,0.9719222462203023,0.9453781512605042,0.9720605355064028,0.7395925597874224,0.840040241448692,0.7241977450130095,0.9285714285714286,0.185126582278481,0.30870712401055406,0.18252730109204368,0.4201550387596899,0.9003322259136213,0.5729386892177589,0.4014814814814815,0.7022900763358778,0.989247311827957,0.8214285714285715,0.696969696969697,0.6717557251908397,0.9411764705882353,0.7839643652561248,0.6446886446886447,1.0,0.8095238095238095,0.8947368421052632,0.8095238095238095
CRF51,CRF51,video52,1966,0.9465920651068158,0.92443039903498,0.9507635321416853,0.9331712777452823,0.8784009126388603,0.9821428571428571,1.0,0.9909909909909909,0.9821428571428571,0.9181286549707602,0.9936708860759493,0.9544072948328267,0.9127906976744186,0.9810606060606061,0.7920489296636085,0.8764805414551606,0.7801204819277109,0.9359605911330049,0.9693877551020408,0.9523809523809524,0.9090909090909091,0.7444444444444445,1.0,0.8535031847133758,0.7444444444444445,0.9943820224719101,0.9654545454545455,0.9797047970479704,0.9602169981916817,0.9148936170212766,0.9347826086956522,0.924731182795699,0.86
CRF51,CRF51,video53,3283,0.8906487968321657,0.7546171702584836,0.8474928426130672,0.7636886307339614,0.6497351191882121,1.0,0.7611940298507462,0.864406779661017,0.7611940298507462,0.9798301486199575,0.8421532846715328,0.9057899901864573,0.8278026905829596,0.6307692307692307,0.9647058823529412,0.7627906976744185,0.6165413533834586,0.9832953682611997,0.9714928732183046,0.9773584905660377,0.955719557195572,0.2767857142857143,1.0,0.43356643356643354,0.2767857142857143,0.8464223385689355,0.8151260504201681,0.8304794520547946,0.7101024890190337,0.5652173913043478,0.5777777777777777,0.5714285714285713,0.4
CRF51,CRF51,video54,3100,0.9174193548387096,0.8859074402198261,0.7973384610863092,0.7778816064369137,0.6929023548382415,1.0,0.104,0.18840579710144925,0.104,0.8798219584569733,0.9991575400168492,0.9357001972386588,0.8791697553743514,0.9375,0.6153846153846154,0.7430340557275542,0.5911330049261084,0.9988465974625144,0.9506037321624589,0.9741282339707537,0.9495614035087719,0.7156862745098039,1.0,0.8342857142857142,0.7156862745098039,0.9856262833675564,0.96579476861167,0.975609756097561,0.9523809523809523,0.6838709677419355,0.9464285714285714,0.7940074906367041,0.6583850931677019
CRF51,CRF51,video55,1037,0.9083895853423336,0.875742925761576,0.8237747607065569,0.8321762304979705,0.7363944833617461,1.0,0.8571428571428571,0.923076923076923,0.8571428571428571,0.900390625,1.0,0.947584789311408,0.900390625,0.7894736842105263,0.379746835443038,0.5128205128205128,0.3448275862068966,0.9967105263157895,0.926605504587156,0.960380348652932,0.9237804878048781,0.782608695652174,1.0,0.878048780487805,0.782608695652174,0.6610169491525424,0.8478260869565217,0.7428571428571429,0.5909090909090909,1.0,0.7551020408163265,0.8604651162790697,0.7551020408163265
CRF51,CRF51,video56,1834,0.8931297709923665,0.8616465336487946,0.8098261646923247,0.7994463718569501,0.6871840572925825,1.0,0.3333333333333333,0.5,0.3333333333333333,0.9260823653643083,0.9853932584269663,0.954817637452368,0.9135416666666667,0.8103448275862069,0.9791666666666666,0.8867924528301887,0.7966101694915254,0.984375,0.8480769230769231,0.9111570247933883,0.8368121442125237,0.5686274509803921,1.0,0.725,0.5686274509803921,0.8446601941747572,0.8365384615384616,0.8405797101449275,0.725,0.8974358974358975,0.6862745098039216,0.7777777777777778,0.6363636363636364
CRF51,CRF51,video57,2632,0.6998480243161094,0.7449367444720548,0.7120417157709265,0.6912747524931299,0.5333690095720229,0.9852941176470589,0.46206896551724136,0.6291079812206573,0.4589041095890411,0.8538899430740038,0.45918367346938777,0.59721300597213,0.42573320719016083,0.6360153256704981,0.8426395939086294,0.7248908296943231,0.5684931506849316,0.6383601756954612,0.9427027027027027,0.761239633347883,0.6145172656800564,0.5,0.8641975308641975,0.6334841628959277,0.46357615894039733,0.7850467289719626,0.5874125874125874,0.672,0.5060240963855421,0.8159509202453987,0.8260869565217391,0.8209876543209877,0.6963350785340314
CRF51,CRF51,video58,5993,0.5750041715334557,0.507590585712095,0.603106359137171,0.49304199247557357,0.37453355932876053,0.2,0.2375,0.21714285714285714,0.12179487179487179,0.9645314981471678,0.5379391792146442,0.690674753601213,0.527504342790967,0.05555555555555555,0.00741839762611276,0.013089005235602092,0.006587615283267457,0.36372007366482506,0.8936651583710408,0.5170157068062827,0.34863195057369817,0.236,1.0,0.38187702265372164,0.236,0.8609865470852018,0.7084870848708487,0.7773279352226721,0.6357615894039735,0.8723404255319149,0.8367346938775511,0.8541666666666667,0.7454545454545455
CRF51,CRF51,video59,1046,0.9464627151051626,0.9356891217719544,0.8844829917418001,0.9051918960636628,0.8321674368571835,0.9696969696969697,0.9142857142857143,0.9411764705882354,0.8888888888888888,0.9741935483870968,0.9977973568281938,0.985854189336235,0.9721030042918455,0.9206349206349206,0.725,0.8111888111888111,0.6823529411764706,0.9265175718849841,0.9931506849315068,0.9586776859504132,0.9206349206349206,0.9433962264150944,0.7575757575757576,0.8403361344537815,0.7246376811594203,0.8153846153846154,0.9464285714285714,0.8760330578512396,0.7794117647058824,1.0,0.8571428571428571,0.923076923076923,0.8571428571428571
CRF51,CRF51,video60,2532,0.6611374407582938,0.6395065312089357,0.678600830909749,0.601486945921828,0.4675785938310038,1.0,0.6780185758513931,0.8081180811808119,0.6780185758513931,0.9324215607401448,0.6518560179977503,0.7672955974842768,0.6224489795918368,0.7111111111111111,0.7619047619047619,0.735632183908046,0.5818181818181818,0.18762088974854932,0.9150943396226415,0.3113964686998395,0.1844106463878327,0.5220588235294118,0.6574074074074074,0.5819672131147542,0.41040462427745666,0.12333333333333334,0.39361702127659576,0.18781725888324874,0.10364145658263306,1.0,0.6923076923076923,0.8181818181818181,0.6923076923076923
CRF51,CRF51,video61,4409,0.8555227942844182,0.7013437671662361,0.7016472110817134,0.647458084986899,0.5438540344471009,1.0,0.6272321428571429,0.7709190672153636,0.6272321428571429,0.8246235606731621,0.9647668393782384,0.889207258834766,0.8005159071367154,0.3333333333333333,0.02617801047120419,0.04854368932038835,0.024875621890547265,0.9206721375537319,0.9210320562939797,0.9208520617549344,0.8533140166606302,0.29454545454545455,1.0,0.45505617977528096,0.29454545454545455,0.5362318840579711,0.5285714285714286,0.5323741007194245,0.3627450980392157,1.0,0.84375,0.9152542372881356,0.84375
CRF51,CRF51,video62,2032,0.8626968503937008,0.877249977311512,0.9292370204764737,0.896697285016734,0.817893632397469,1.0,1.0,1.0,1.0,1.0,0.7682242990654206,0.8689217758985202,0.7682242990654206,0.92,0.9857142857142858,0.9517241379310346,0.9078947368421053,0.7418655097613883,0.9771428571428571,0.8434032059186191,0.7292110874200426,0.8301886792452831,0.8148148148148148,0.8224299065420562,0.6984126984126984,0.808695652173913,0.9587628865979382,0.8773584905660378,0.7815126050420168,0.84,1.0,0.9130434782608696,0.84
CRF51,CRF51,video63,3433,0.6653073113894553,0.590703335253287,0.6663445436698684,0.545336154273077,0.42665573886903424,0.8686868686868687,0.7166666666666667,0.7853881278538815,0.6466165413533834,1.0,0.7317487266553481,0.8450980392156864,0.7317487266553481,0.7142857142857143,0.7777777777777778,0.7446808510638298,0.5932203389830508,0.9184272300469484,0.6849015317286652,0.7846578089746803,0.6456270627062707,0.3888888888888889,0.1693548387096774,0.23595505617977527,0.1337579617834395,0.11842105263157894,0.9339622641509434,0.21019108280254778,0.11743772241992882,0.1262135922330097,0.65,0.2113821138211382,0.11818181818181818
CRF51,CRF51,video64,2398,0.7093411175979983,0.7174580044713644,0.7136242090734012,0.6604969894454895,0.5415954394424077,0.6630434782608695,1.0,0.7973856209150326,0.6630434782608695,1.0,0.5899621212121212,0.7421083978558667,0.5899621212121212,0.4,0.019417475728155338,0.037037037037037035,0.018867924528301886,0.5506072874493927,0.8900523560209425,0.6803401700850426,0.5155420773313116,0.49214659685863876,0.9215686274509803,0.6416382252559727,0.4723618090452261,0.924812030075188,0.6871508379888268,0.7884615384615384,0.6507936507936508,0.9915966386554622,0.8872180451127819,0.9365079365079365,0.8805970149253731
CRF51,CRF51,video65,1873,0.9033635878270155,0.7052524130163882,0.801827228681354,0.7359539279537017,0.6588651613351123,1.0,0.9196787148594378,0.9581589958158996,0.9196787148594378,0.9751552795031055,0.8770949720670391,0.9235294117647059,0.8579234972677595,0.481981981981982,0.9907407407407407,0.6484848484848486,0.4798206278026906,1.0,0.9150197628458498,0.95562435500516,0.9150197628458498,0.6574074074074074,0.9102564102564102,0.7634408602150539,0.6173913043478261,0.0,0.0,0.0,0.0,0.8222222222222222,1.0,0.9024390243902439,0.8222222222222222
CRF51,CRF51,video66,1824,0.8601973684210527,0.8051559579145579,0.7178557778284945,0.7309261230892312,0.6379889979275619,1.0,0.8,0.888888888888889,0.8,0.8043202033036849,0.9723502304147466,0.8803894297635605,0.7863354037267081,0.5652173913043478,0.08125,0.14207650273224043,0.07647058823529412,0.9518072289156626,0.9779917469050894,0.9647218453188601,0.9318479685452162,0.6595744680851063,0.7469879518072289,0.7005649717514123,0.5391304347826087,0.6666666666666666,0.5116279069767442,0.5789473684210527,0.4074074074074074,0.9885057471264368,0.9347826086956522,0.9608938547486033,0.9247311827956989
CRF51,CRF51,video67,2353,0.8223544411389715,0.7501430447140647,0.7942398053275527,0.7380319638021391,0.6258636378486454,1.0,0.844559585492228,0.9157303370786517,0.844559585492228,0.9608865710560626,0.8660399529964747,0.9110012360939431,0.8365493757094211,0.9736842105263158,0.6788990825688074,0.7999999999999999,0.6666666666666666,0.8576086956521739,0.796969696969697,0.8261780104712042,0.703835860838537,0.5876288659793815,0.7215189873417721,0.6477272727272727,0.4789915966386555,0.13615023474178403,0.6744186046511628,0.22656249999999997,0.1277533039647577,0.7350427350427351,0.9772727272727273,0.8390243902439025,0.7226890756302521
CRF51,CRF51,video68,1972,0.8919878296146044,0.838693576249424,0.8578779282587435,0.8134122731830142,0.7056747212034182,1.0,0.6862745098039216,0.813953488372093,0.6862745098039216,0.9584352078239609,0.9480048367593712,0.9531914893617021,0.9105691056910569,0.9137931034482759,0.9814814814814815,0.9464285714285714,0.8983050847457628,0.9421641791044776,0.9474671669793621,0.9448082319925163,0.8953900709219859,0.6126126126126126,0.9855072463768116,0.7555555555555556,0.6071428571428571,0.9468085106382979,0.4564102564102564,0.615916955017301,0.445,0.4970414201183432,1.0,0.6640316205533597,0.4970414201183432
CRF51,CRF51,video69,4575,0.8299453551912568,0.7765900939117337,0.5975070906193667,0.637756932815446,0.5365930341234747,1.0,0.6231884057971014,0.7678571428571428,0.6231884057971014,0.9827012641383899,0.8734476641040805,0.9248591108328115,0.860221316249272,1.0,0.197265625,0.3295269168026101,0.197265625,0.7557549746390948,0.9758186397984887,0.8518029903254177,0.7418613558023746,0.6976744186046512,0.7389162561576355,0.7177033492822966,0.5597014925373134,0.0,0.0,0.0,0.0,1.0,0.7739130434782608,0.8725490196078431,0.7739130434782608
CRF51,CRF51,video70,1194,0.8408710217755444,0.8537034245573036,0.7537201405139111,0.7590837517440431,0.6254400156725587,0.7608695652173914,1.0,0.8641975308641976,0.7608695652173914,0.9297912713472486,0.9780439121756487,0.9533073929961089,0.9107806691449815,1.0,0.48,0.6486486486486487,0.48,0.8405797101449275,0.7945205479452054,0.8169014084507042,0.6904761904761905,0.5144508670520231,0.978021978021978,0.6742424242424242,0.5085714285714286,0.9302325581395349,0.5,0.6504065040650407,0.4819277108433735,1.0,0.5454545454545454,0.7058823529411764,0.5454545454545454
CRF51,CRF51,video71,2515,0.8115308151093439,0.7033100055443767,0.49737454626269084,0.5262947863286288,0.4214098574183542,1.0,0.3611111111111111,0.5306122448979591,0.3611111111111111,0.9743589743589743,0.725311203319502,0.8315889628924833,0.7117263843648208,0.5,0.03278688524590164,0.061538461538461535,0.031746031746031744,0.721297836938436,0.9558985667034179,0.8221906116642959,0.6980676328502415,0.7275132275132276,0.9717314487632509,0.832072617246596,0.7124352331606217,0.0,0.0,0.0,0.0,1.0,0.43478260869565216,0.6060606060606061,0.43478260869565216
CRF51,CRF51,video72,3106,0.8316162266580811,0.7874894019231194,0.8833920543852782,0.8118053139824596,0.6943476950852708,0.8449612403100775,0.7956204379562044,0.8195488721804511,0.6942675159235668,0.9667300380228137,0.8611346316680779,0.9108822212270488,0.8363486842105263,0.5120772946859904,0.9380530973451328,0.6625,0.4953271028037383,0.9241164241164241,0.7420701168614358,0.8231481481481482,0.6994492525570417,0.7551020408163265,0.9487179487179487,0.8409090909090908,0.7254901960784313,0.5196428571428572,1.0,0.6839012925969448,0.5196428571428572,0.9897959183673469,0.8981481481481481,0.941747572815534,0.8899082568807339
CRF51,CRF51,video73,1356,0.9734513274336283,0.959884251638635,0.9476145448418524,0.9521892352247295,0.9101012587357185,1.0,0.9484536082474226,0.9735449735449735,0.9484536082474226,0.9858934169278997,0.9984126984126984,0.9921135646687698,0.9843505477308294,0.9787234042553191,0.8846153846153846,0.9292929292929293,0.8679245283018868,0.9693877551020408,0.9930313588850174,0.9810671256454389,0.9628378378378378,0.8518518518518519,0.9787234042553191,0.9108910891089108,0.8363636363636363,0.9333333333333333,0.9411764705882353,0.9372384937238494,0.8818897637795275,1.0,0.8888888888888888,0.9411764705882353,0.8888888888888888
CRF51,CRF51,video74,1634,0.5336597307221542,0.7326497018249845,0.6301678013004024,0.6163474514723253,0.48200178384294395,1.0,0.5287356321839081,0.6917293233082707,0.5287356321839081,0.9327731092436975,0.5362318840579711,0.6809815950920246,0.5162790697674419,0.9152542372881356,0.8372093023255814,0.8744939271255062,0.7769784172661871,0.6096033402922756,0.413012729844413,0.49241146711635747,0.32662192393736017,1.0,0.803921568627451,0.891304347826087,0.803921568627451,0.13758389261744966,0.9111111111111111,0.239067055393586,0.1357615894039735,0.5333333333333333,0.38095238095238093,0.4444444444444444,0.2857142857142857
CRF51,CRF51,video75,1923,0.9443577743109725,0.7885693155551783,0.7442286563999795,0.7612474224226083,0.6888856695239038,1.0,0.7459016393442623,0.8544600938967136,0.7459016393442623,0.880184331797235,1.0,0.9362745098039216,0.880184331797235,0.7796610169491526,0.8214285714285714,0.8,0.6666666666666666,1.0,0.9630872483221476,0.9811965811965813,0.9630872483221476,0.8601398601398601,0.8913043478260869,0.8754448398576513,0.7784810126582279,0.0,0.0,0.0,0.0,1.0,0.7878787878787878,0.8813559322033898,0.7878787878787878
CRF51,CRF51,video76,2649,0.676481691204228,0.8129585282442818,0.6312453545995924,0.6217425295427654,0.5062396757031328,1.0,0.2,0.33333333333333337,0.2,0.9603960396039604,0.6298701298701299,0.7607843137254903,0.6139240506329114,0.6333333333333333,0.04139433551198257,0.07770961145194274,0.04042553191489362,0.564652738565782,0.9891196834817013,0.7189072609633357,0.5611672278338945,0.5948275862068966,1.0,0.745945945945946,0.5948275862068966,0.9375,0.625,0.75,0.6,1.0,0.9333333333333333,0.9655172413793104,0.9333333333333333
CRF51,CRF51,video77,2502,0.9324540367705836,0.8874424660705278,0.8990813680434125,0.8706124135780512,0.7865563665259899,1.0,0.6136363636363636,0.7605633802816901,0.6136363636363636,0.9035202086049544,1.0,0.9493150684931506,0.9035202086049544,1.0,0.8561151079136691,0.9224806201550387,0.8561151079136691,0.9848812095032398,0.9923830250272034,0.9886178861788618,0.977491961414791,0.8390804597701149,1.0,0.9125,0.8390804597701149,1.0,0.8314350797266514,0.907960199004975,0.8314350797266514,0.4846153846153846,1.0,0.6528497409326425,0.4846153846153846
CRF51,CRF51,video78,739,0.8484438430311232,0.8553279660045515,0.7701492587948884,0.7907035527031382,0.6625372139046098,1.0,0.5227272727272727,0.6865671641791045,0.5227272727272727,0.9251700680272109,0.9444444444444444,0.9347079037800687,0.8774193548387097,0.7654320987654321,0.96875,0.8551724137931034,0.7469879518072289,0.7771739130434783,0.8827160493827161,0.8265895953757224,0.7044334975369458,0.7746478873239436,0.873015873015873,0.8208955223880596,0.6962025316455697,0.7833333333333333,0.6438356164383562,0.7067669172932332,0.5465116279069767,0.9615384615384616,0.5555555555555556,0.7042253521126761,0.5434782608695652
CRF51,CRF51,video79,3414,0.7448740480374927,0.7773037744713257,0.7340033305793313,0.705917876472479,0.5548914709567389,1.0,0.6666666666666666,0.8,0.6666666666666666,0.9838546922300706,0.6234015345268542,0.7632093933463796,0.6170886075949367,0.6403940886699507,0.9701492537313433,0.771513353115727,0.6280193236714976,0.6463805253042921,0.9299539170506912,0.7626606198034769,0.6163714111178986,0.5869565217391305,0.7941176470588235,0.675,0.5094339622641509,0.6027713625866051,0.8501628664495114,0.7054054054054054,0.5448851774530271,0.9807692307692307,0.30357142857142855,0.46363636363636357,0.30177514792899407
CRF51,CRF51,video80,1724,0.6937354988399071,0.7104685976985167,0.6827090981164724,0.6451800802082135,0.5039200588812383,1.0,0.7192982456140351,0.8367346938775511,0.7192982456140351,0.9788434414668548,0.6431881371640408,0.7762863534675616,0.6343692870201096,0.9294117647058824,0.5984848484848485,0.7281105990783411,0.572463768115942,0.37920937042459735,0.9847908745247148,0.547568710359408,0.37700145560407566,0.5633802816901409,0.8695652173913043,0.6837606837606838,0.5194805194805194,0.13559322033898305,0.36363636363636365,0.19753086419753088,0.1095890410958904,0.9868421052631579,0.6,0.7462686567164178,0.5952380952380952
